ID,Urbanizacion,Manzana,Lote,Estado,Cuota
1-2-11,1,2,11,Cancelado,"510,000"
1-2-12,1,2,12,Cancelado,"350,000"
1-2-7,1,2,7,Recuperado Libre,0
1-2-8,1,2,8,Recuperado Libre,"600,000"
1-2-9,1,2,9,Recuperado Libre,"600,000"
1-1-1,1,1,1,Vendido,"370,000"
1-1-2,1,1,2,Vendido,"480,000"
1-1-3,1,1,3,Vendido,"320,000"
1-1-4,1,1,4,Vendido,"330,000"
1-1-5,1,1,5,Vendido,"330,000"
1-1-6,1,1,6,Vendido,"550,000"
1-1-7,1,1,7,Vendido,"480,000"
1-1-8,1,1,8,Vendido,"400,000"
1-1-9,1,1,9,Vendido,"480,000"
1-1-10,1,1,10,Vendido,"370,000"
1-1-11,1,1,11,Vendido,"370,000"
1-1-12,1,1,12,Vendido,"360,000"
1-1-13,1,1,13,Vendido,"360,000"
1-1-14,1,1,14,Vendido,"500,000"
1-2-1,1,2,1,Vendido,"280,000"
1-2-2,1,2,2,Vendido,"300,000"
1-2-3,1,2,3,Vendido,"600,000"
1-2-4,1,2,4,Vendido,"480,000"
1-2-5,1,2,5,Vendido,"330,000"
1-2-6,1,2,6,Vendido,"330,000"
1-2-10,1,2,10,Vendido,"350,000"
1-2-13,1,2,13,Vendido,"600,000"
10-2-5,10,2,5,Cancelado,"530,000"
10-2-8,10,2,8,Cancelado,"530,000"
10-1-1,10,1,1,Reserva de Propietario,"1,400,000"
10-1-2,10,1,2,Reserva de Propietario,"1,400,000"
10-3-10,10,3,10,Escriturado,"650,000"
10-1-3,10,1,3,Vendido,"750,000"
10-1-4,10,1,4,Vendido,"750,000"
10-1-5,10,1,5,Vendido,"750,000"
10-2-1,10,2,1,Vendido,"720,000"
10-2-2,10,2,2,Vendido,"480,000"
10-2-3,10,2,3,Vendido,"480,000"
10-2-4,10,2,4,Vendido,"480,000"
10-2-6,10,2,6,Vendido,"530,000"
10-2-7,10,2,7,Vendido,"530,000"
10-2-9,10,2,9,Vendido,"530,000"
10-2-10,10,2,10,Vendido,"600,000"
10-3-1,10,3,1,Vendido,"500,000"
10-3-2,10,3,2,Vendido,"480,000"
10-3-3,10,3,3,Vendido,"480,000"
10-3-4,10,3,4,Vendido,"480,000"
10-3-5,10,3,5,Vendido,"480,000"
10-3-6,10,3,6,Vendido,"520,000"
10-3-7,10,3,7,Vendido,"605,000"
10-3-8,10,3,8,Vendido,"680,000"
10-3-9,10,3,9,Vendido,"480,000"
10-4-1,10,4,1,Vendido,"700,000"
10-4-2,10,4,2,Vendido,"430,000"
10-4-3,10,4,3,Vendido,"500,000"
10-4-4,10,4,4,Vendido,"500,000"
10-4-5,10,4,5,Vendido,"430,000"
10-4-6,10,4,6,Vendido,"430,000"
10-4-7,10,4,7,Vendido,"430,000"
10-4-8,10,4,8,Vendido,"430,000"
10-4-9,10,4,9,Vendido,"430,000"
10-4-10,10,4,10,Vendido,"450,000"
10-5-1,10,5,1,Vendido,"400,000"
10-5-2,10,5,2,Vendido,"380,000"
10-5-3,10,5,3,Vendido,"450,000"
10-5-4,10,5,4,Vendido,"380,000"
10-5-5,10,5,5,Vendido,"380,000"
10-5-6,10,5,6,Vendido,"420,000"
10-5-7,10,5,7,Vendido,"420,000"
10-5-8,10,5,8,Vendido,"380,000"
10-5-9,10,5,9,Vendido,"380,000"
10-5-10,10,5,10,Vendido,"450,000"
10-6-1,10,6,1,Vendido,"350,000"
10-6-2,10,6,2,Vendido,"350,000"
10-6-3,10,6,3,Vendido,"650,000"
10-6-4,10,6,4,Vendido,"330,000"
10-6-5,10,6,5,Vendido,"330,000"
10-6-6,10,6,6,Vendido,"650,000"
10-6-7,10,6,7,Vendido,"380,000"
10-6-8,10,6,8,Vendido,"600,000"
10-6-9,10,6,9,Vendido,"330,000"
10-6-10,10,6,10,Vendido,"350,000"
10-7-3,10,7,3,Vendido,"400,000"
10-7-4,10,7,4,Vendido,"330,000"
10-7-5,10,7,5,Vendido,"300,000"
10-7-6,10,7,6,Vendido,"420,000"
10-7-7,10,7,7,Vendido,"300,000"
11-1-1,11,1,1,Bloqueado,0
11-1-9,11,1,9,Cancelado,"30,000,000"
11-1-11,11,1,11,Cancelado,"20,000,000"
11-2-1,11,2,1,Cancelado,"680,000"
11-2-2,11,2,2,Cancelado,"750,000"
11-3-8,11,3,8,Cancelado,"570,000"
11-4-3,11,4,3,Cancelado,"530,000"
11-4-7,11,4,7,Cancelado,"30,000,000"
11-1-2,11,1,2,Reserva de Propietario,0
11-1-3,11,1,3,Reserva de Propietario,0
11-1-4,11,1,4,Reserva de Propietario,0
11-1-5,11,1,5,Reserva de Propietario,0
11-1-6,11,1,6,Reserva de Propietario,0
11-1-7,11,1,7,Reserva de Propietario,0
11-1-8,11,1,8,Reserva de Propietario,0
11-1-10,11,1,10,Reserva de Propietario,0
11-1-12,11,1,12,Reserva de Propietario,0
11-1-13,11,1,13,Reserva de Propietario,0
11-2-3,11,2,3,Vendido,"630,000"
11-2-4,11,2,4,Vendido,"630,000"
11-2-5,11,2,5,Vendido,"660,000"
11-2-6,11,2,6,Vendido,"630,000"
11-2-7,11,2,7,Vendido,"630,000"
11-2-8,11,2,8,Vendido,"630,000"
11-3-1,11,3,1,Vendido,"580,000"
11-3-2,11,3,2,Vendido,"550,000"
11-3-3,11,3,3,Vendido,"550,000"
11-3-4,11,3,4,Vendido,"550,000"
11-3-5,11,3,5,Vendido,"550,000"
11-3-6,11,3,6,Vendido,"550,000"
11-3-7,11,3,7,Vendido,"650,000"
11-3-9,11,3,9,Vendido,"570,000"
11-3-10,11,3,10,Vendido,"580,000"
11-4-1,11,4,1,Vendido,"580,000"
11-4-2,11,4,2,Vendido,"530,000"
11-4-4,11,4,4,Vendido,"530,000"
11-4-5,11,4,5,Vendido,"700,000"
11-4-6,11,4,6,Vendido,"960,000"
11-4-8,11,4,8,Vendido,"530,000"
11-4-9,11,4,9,Vendido,"960,000"
11-4-10,11,4,10,Vendido,"570,000"
11-5-2,11,5,2,Vendido,"650,000"
11-5-3,11,5,3,Vendido,"450,000"
11-5-4,11,5,4,Vendido,"400,000"
11-5-5,11,5,5,Vendido,"400,000"
11-5-6,11,5,6,Vendido,"400,000"
12-1-7,12,1,7,Cancelado,"460,000"
12-6-10,12,6,10,Cancelado,"350,000"
12-9-9,12,9,9,Recuperado Libre,0
12-3-10,12,3,10,Plaza,0
12-3-11,12,3,11,Plaza,0
12-5-4,12,5,4,Plaza,0
12-5-5,12,5,5,Plaza,0
12-6-13,12,6,13,Plaza,0
12-6-14,12,6,14,Plaza,0
12-1-1,12,1,1,Vendido,"700,000"
12-1-2,12,1,2,Vendido,"550,000"
12-1-3,12,1,3,Vendido,"550,000"
12-1-4,12,1,4,Vendido,"500,000"
12-1-5,12,1,5,Vendido,"480,000"
12-1-6,12,1,6,Vendido,"550,000"
12-1-8,12,1,8,Vendido,"460,000"
12-1-9,12,1,9,Vendido,"480,000"
12-1-10,12,1,10,Vendido,"580,000"
12-1-11,12,1,11,Vendido,"550,000"
12-1-12,12,1,12,Vendido,"550,000"
12-1-13,12,1,13,Vendido,"550,000"
12-1-14,12,1,14,Vendido,"550,000"
12-1-15,12,1,15,Vendido,"550,000"
12-1-16,12,1,16,Vendido,"550,000"
12-2-1,12,2,1,Vendido,"650,000"
12-2-2,12,2,2,Vendido,"460,000"
12-2-3,12,2,3,Vendido,"450,000"
12-2-4,12,2,4,Vendido,"450,000"
12-2-5,12,2,5,Vendido,"600,000"
12-2-6,12,2,6,Vendido,"480,000"
12-2-7,12,2,7,Vendido,"450,000"
12-2-8,12,2,8,Vendido,"450,000"
12-2-9,12,2,9,Vendido,"450,000"
12-2-10,12,2,10,Vendido,"450,000"
12-2-11,12,2,11,Vendido,"450,000"
12-2-12,12,2,12,Vendido,"450,000"
12-2-13,12,2,13,Vendido,"450,000"
12-2-14,12,2,14,Vendido,"500,000"
12-2-15,12,2,15,Vendido,"450,000"
12-2-16,12,2,16,Vendido,"450,000"
12-2-17,12,2,17,Vendido,"450,000"
12-2-18,12,2,18,Vendido,"450,000"
12-2-19,12,2,19,Vendido,"450,000"
12-2-20,12,2,20,Vendido,"550,000"
12-2-21,12,2,21,Vendido,"500,000"
12-2-22,12,2,22,Vendido,"700,000"
12-3-1,12,3,1,Vendido,"500,000"
12-3-2,12,3,2,Vendido,"500,000"
12-3-3,12,3,3,Vendido,"500,000"
12-3-4,12,3,4,Vendido,"500,000"
12-3-5,12,3,5,Vendido,"400,000"
12-3-6,12,3,6,Vendido,"480,000"
12-3-7,12,3,7,Vendido,"450,000"
12-3-8,12,3,8,Vendido,"450,000"
12-3-9,12,3,9,Vendido,"450,000"
12-3-12,12,3,12,Vendido,"500,000"
12-3-13,12,3,13,Vendido,"550,000"
12-3-14,12,3,14,Vendido,"550,000"
12-3-15,12,3,15,Vendido,"600,000"
12-3-16,12,3,16,Vendido,"450,000"
12-3-17,12,3,17,Vendido,"450,000"
12-3-18,12,3,18,Vendido,"600,000"
12-3-19,12,3,19,Vendido,"600,000"
12-3-20,12,3,20,Vendido,"450,000"
12-4-1,12,4,1,Vendido,"450,000"
12-4-2,12,4,2,Vendido,"600,000"
12-4-3,12,4,3,Vendido,"600,000"
12-4-4,12,4,4,Vendido,"650,000"
12-4-5,12,4,5,Vendido,"600,000"
12-4-6,12,4,6,Vendido,"600,000"
12-4-7,12,4,7,Vendido,"600,000"
12-4-8,12,4,8,Vendido,"600,000"
12-4-9,12,4,9,Vendido,"600,000"
12-4-10,12,4,10,Vendido,"600,000"
12-4-11,12,4,11,Vendido,"680,000"
12-4-12,12,4,12,Vendido,"650,000"
12-4-13,12,4,13,Vendido,"600,000"
12-4-14,12,4,14,Vendido,"600,000"
12-4-15,12,4,15,Vendido,"600,000"
12-4-16,12,4,16,Vendido,"600,000"
12-4-17,12,4,17,Vendido,"450,000"
12-4-18,12,4,18,Vendido,"450,000"
12-4-19,12,4,19,Vendido,"450,000"
12-4-20,12,4,20,Vendido,"450,000"
12-4-21,12,4,21,Vendido,"450,000"
12-4-22,12,4,22,Vendido,"450,000"
12-5-1,12,5,1,Vendido,"450,000"
12-5-2,12,5,2,Vendido,"420,000"
12-5-3,12,5,3,Vendido,"400,000"
12-5-6,12,5,6,Vendido,"380,000"
12-5-7,12,5,7,Vendido,"400,000"
12-5-8,12,5,8,Vendido,"380,000"
12-5-9,12,5,9,Vendido,"440,000"
12-6-1,12,6,1,Vendido,"380,000"
12-6-2,12,6,2,Vendido,"450,000"
12-6-3,12,6,3,Vendido,"350,000"
12-6-4,12,6,4,Vendido,"350,000"
12-6-5,12,6,5,Vendido,"350,000"
12-6-6,12,6,6,Vendido,"350,000"
12-6-7,12,6,7,Vendido,"350,000"
12-6-8,12,6,8,Vendido,"350,000"
12-6-9,12,6,9,Vendido,"320,000"
12-6-11,12,6,11,Vendido,"350,000"
12-6-12,12,6,12,Vendido,"400,000"
12-6-15,12,6,15,Vendido,"320,000"
12-6-16,12,6,16,Vendido,"350,000"
12-6-17,12,6,17,Vendido,"350,000"
12-6-18,12,6,18,Vendido,"350,000"
12-6-19,12,6,19,Vendido,"350,000"
12-7-1,12,7,1,Vendido,"450,000"
12-7-2,12,7,2,Vendido,"500,000"
12-7-3,12,7,3,Vendido,"320,000"
12-7-4,12,7,4,Vendido,"320,000"
12-7-5,12,7,5,Vendido,"320,000"
12-7-6,12,7,6,Vendido,"400,000"
12-7-7,12,7,7,Vendido,"320,000"
12-7-8,12,7,8,Vendido,"350,000"
12-7-9,12,7,9,Vendido,"300,000"
12-7-10,12,7,10,Vendido,"330,000"
12-7-11,12,7,11,Vendido,"330,000"
12-7-12,12,7,12,Vendido,"400,000"
12-7-13,12,7,13,Vendido,"330,000"
12-7-14,12,7,14,Vendido,"330,000"
12-7-15,12,7,15,Vendido,"300,000"
12-7-16,12,7,16,Vendido,"320,000"
12-7-17,12,7,17,Vendido,"500,000"
12-7-18,12,7,18,Vendido,"430,000"
12-7-19,12,7,19,Vendido,"350,000"
12-8-1,12,8,1,Vendido,"250,000"
12-8-2,12,8,2,Vendido,"300,000"
12-8-3,12,8,3,Vendido,"280,000"
12-8-4,12,8,4,Vendido,"300,000"
12-8-5,12,8,5,Vendido,"280,000"
12-8-6,12,8,6,Vendido,"300,000"
12-8-7,12,8,7,Vendido,"400,000"
12-8-8,12,8,8,Vendido,"380,000"
12-8-9,12,8,9,Vendido,"400,000"
12-8-10,12,8,10,Vendido,"250,000"
12-8-11,12,8,11,Vendido,"250,000"
12-8-12,12,8,12,Vendido,"250,000"
12-8-13,12,8,13,Vendido,"250,000"
12-8-14,12,8,14,Vendido,"250,000"
12-8-15,12,8,15,Vendido,"250,000"
12-8-16,12,8,16,Vendido,"420,000"
12-8-17,12,8,17,Vendido,"250,000"
12-9-1,12,9,1,Vendido,"350,000"
12-9-2,12,9,2,Vendido,"380,000"
12-9-3,12,9,3,Vendido,"300,000"
12-9-4,12,9,4,Vendido,"330,000"
12-9-5,12,9,5,Vendido,"350,000"
12-9-6,12,9,6,Vendido,"350,000"
12-9-7,12,9,7,Vendido,"380,000"
12-9-8,12,9,8,Vendido,"350,000"
12-9-10,12,9,10,Vendido,"330,000"
12-9-11,12,9,11,Vendido,"300,000"
12-9-12,12,9,12,Vendido,"380,000"
12-9-13,12,9,13,Vendido,"300,000"
12-9-14,12,9,14,Vendido,"300,000"
12-9-15,12,9,15,Vendido,"300,000"
12-9-16,12,9,16,Vendido,"300,000"
13-4-8,13,4,8,Bloqueado,"450,000"
13-2-6,13,2,6,Cancelado,"750,000"
13-2-15,13,2,15,Cancelado,"480,000"
13-2-2,13,2,2,Bloqueo por falta de Datos,"850,000"
13-2-3,13,2,3,Libre (R),"850,000"
13-3-1,13,3,1,Libre (R),"480,000"
13-4-9,13,4,9,Libre (R),"450,000"
13-4-10,13,4,10,Libre (R),"420,000"
13-5-15,13,5,15,Libre (R),"350,000"
13-5-16,13,5,16,Libre (R),"385,000"
13-2-14,13,2,14,Bloqueo Administrativo,"500,000"
13-2-1,13,2,1,Libre,"600,000"
13-2-9,13,2,9,Libre,"530,000"
13-2-10,13,2,10,Libre,"530,000"
13-2-11,13,2,11,Libre,"550,000"
13-2-12,13,2,12,Libre,"550,000"
13-2-13,13,2,13,Libre,"550,000"
13-2-16,13,2,16,Libre,"480,000"
13-2-17,13,2,17,Libre,"480,000"
13-2-18,13,2,18,Libre,"480,000"
13-2-19,13,2,19,Libre,"480,000"
13-3-2,13,3,2,Libre,"480,000"
13-3-3,13,3,3,Libre,"480,000"
13-3-4,13,3,4,Libre,"480,000"
13-3-5,13,3,5,Libre,"480,000"
13-3-6,13,3,6,Libre,"480,000"
13-3-7,13,3,7,Libre,"550,000"
13-3-8,13,3,8,Libre,"560,000"
13-3-9,13,3,9,Libre,"450,000"
13-3-10,13,3,10,Libre,"450,000"
13-3-11,13,3,11,Libre,"450,000"
13-3-12,13,3,12,Libre,"450,000"
13-3-13,13,3,13,Libre,"450,000"
13-3-14,13,3,14,Libre,"450,000"
13-4-2,13,4,2,Libre,"420,000"
13-4-3,13,4,3,Libre,"420,000"
13-4-4,13,4,4,Libre,"420,000"
13-4-6,13,4,6,Libre,"420,000"
13-4-7,13,4,7,Libre,"420,000"
13-4-11,13,4,11,Libre,"420,000"
13-4-12,13,4,12,Libre,"420,000"
13-4-13,13,4,13,Libre,"420,000"
13-4-14,13,4,14,Libre,"420,000"
13-4-15,13,4,15,Libre,"420,000"
13-5-1,13,5,1,Libre,"400,000"
13-5-2,13,5,2,Libre,"350,000"
13-5-4,13,5,4,Libre,"350,000"
13-5-5,13,5,5,Libre,"350,000"
13-5-7,13,5,7,Libre,"350,000"
13-5-8,13,5,8,Libre,"400,000"
13-5-9,13,5,9,Libre,"385,000"
13-5-10,13,5,10,Libre,"350,000"
13-5-11,13,5,11,Libre,"350,000"
13-5-12,13,5,12,Libre,"350,000"
13-5-13,13,5,13,Libre,"350,000"
13-5-14,13,5,14,Libre,"350,000"
13-6-1,13,6,1,Libre,"350,000"
13-6-2,13,6,2,Libre,"320,000"
13-6-3,13,6,3,Libre,"320,000"
13-6-4,13,6,4,Libre,"320,000"
13-6-5,13,6,5,Libre,"320,000"
13-6-9,13,6,9,Libre,"360,000"
13-6-10,13,6,10,Libre,"320,000"
13-6-11,13,6,11,Libre,"320,000"
13-6-12,13,6,12,Libre,"320,000"
13-6-13,13,6,13,Libre,"300,000"
13-6-14,13,6,14,Libre,"300,000"
13-2-4,13,2,4,Vendido,"530,000"
13-2-5,13,2,5,Vendido,"560,000"
13-2-7,13,2,7,Vendido,"525,000"
13-2-8,13,2,8,Vendido,"530,000"
13-4-1,13,4,1,Vendido,"630,000"
13-4-5,13,4,5,Vendido,"540,000"
13-4-16,13,4,16,Vendido,"630,000"
13-5-3,13,5,3,Vendido,"350,000"
13-5-6,13,5,6,Vendido,"350,000"
13-6-6,13,6,6,Vendido,"383,000"
13-6-7,13,6,7,Vendido,"383,000"
13-6-8,13,6,8,Vendido,"350,000"
14-9-8,14,9,8,Bloqueado,0
14-9-9,14,9,9,Bloqueado,0
14-1-1,14,1,1,Cancelado,"150,000"
14-1-2,14,1,2,Cancelado,"120,000"
14-1-7,14,1,7,Cancelado,"100,000"
14-1-10,14,1,10,Cancelado,"545,000"
14-2-7,14,2,7,Cancelado,"120,000"
14-2-9,14,2,9,Cancelado,"120,000"
14-2-10,14,2,10,Cancelado,"120,000"
14-9-7,14,9,7,Cancelado,"190,000"
14-15-7,14,15,7,Cancelado,"500,000"
14-5-3,14,5,3,Recuperado Libre,"200,000"
14-13-10,14,13,10,Libre (R),"350,000"
14-14-10,14,14,10,Libre (R),"350,000"
14-12-5,14,12,5,Libre,"300,000"
14-14-5,14,14,5,Libre,"330,000"
14-15-4,14,15,4,Libre,"330,000"
14-1-3,14,1,3,Vendido,"120,000"
14-1-4,14,1,4,Vendido,"110,000"
14-1-5,14,1,5,Vendido,"100,000"
14-1-6,14,1,6,Vendido,"100,000"
14-1-8,14,1,8,Vendido,"100,000"
14-1-9,14,1,9,Vendido,"100,000"
14-2-1,14,2,1,Vendido,"150,000"
14-2-2,14,2,2,Vendido,"120,000"
14-2-3,14,2,3,Vendido,"160,000"
14-2-4,14,2,4,Vendido,"160,000"
14-2-5,14,2,5,Vendido,"110,000"
14-2-6,14,2,6,Vendido,"110,000"
14-2-8,14,2,8,Vendido,"200,000"
14-3-1,14,3,1,Vendido,"130,000"
14-3-2,14,3,2,Vendido,"130,000"
14-3-3,14,3,3,Vendido,"130,000"
14-3-4,14,3,4,Vendido,"120,000"
14-3-5,14,3,5,Vendido,"120,000"
14-3-6,14,3,6,Vendido,"140,000"
14-3-7,14,3,7,Vendido,"130,000"
14-3-8,14,3,8,Vendido,"130,000"
14-3-9,14,3,9,Vendido,"120,000"
14-3-10,14,3,10,Vendido,"120,000"
14-4-1,14,4,1,Vendido,"140,000"
14-4-2,14,4,2,Vendido,"130,000"
14-4-3,14,4,3,Vendido,"130,000"
14-4-4,14,4,4,Vendido,"130,000"
14-4-5,14,4,5,Vendido,"140,000"
14-4-6,14,4,6,Vendido,"170,000"
14-4-7,14,4,7,Vendido,"170,000"
14-4-8,14,4,8,Vendido,"170,000"
14-4-9,14,4,9,Vendido,"160,000"
14-4-10,14,4,10,Vendido,"170,000"
14-5-1,14,5,1,Vendido,"170,000"
14-5-2,14,5,2,Vendido,"140,000"
14-5-4,14,5,4,Vendido,"140,000"
14-5-5,14,5,5,Vendido,"140,000"
14-5-6,14,5,6,Vendido,"140,000"
14-5-7,14,5,7,Vendido,"140,000"
14-5-8,14,5,8,Vendido,"150,000"
14-5-9,14,5,9,Vendido,"140,000"
14-5-10,14,5,10,Vendido,"140,000"
14-7-3,14,7,3,Vendido,"220,000"
14-7-4,14,7,4,Vendido,"160,000"
14-7-5,14,7,5,Vendido,"170,000"
14-7-6,14,7,6,Vendido,"180,000"
14-8-1,14,8,1,Vendido,"190,000"
14-8-2,14,8,2,Vendido,"180,000"
14-8-3,14,8,3,Vendido,"180,000"
14-8-4,14,8,4,Vendido,"180,000"
14-8-5,14,8,5,Vendido,"180,000"
14-8-6,14,8,6,Vendido,"180,000"
14-8-7,14,8,7,Vendido,"180,000"
14-8-8,14,8,8,Vendido,"190,000"
14-8-9,14,8,9,Vendido,"180,000"
14-8-10,14,8,10,Vendido,"180,000"
14-9-1,14,9,1,Vendido,"200,000"
14-9-2,14,9,2,Vendido,"190,000"
14-9-3,14,9,3,Vendido,"220,000"
14-9-4,14,9,4,Vendido,"200,000"
14-9-5,14,9,5,Vendido,"200,000"
14-9-6,14,9,6,Vendido,"190,000"
14-9-10,14,9,10,Vendido,"200,000"
14-10-1,14,10,1,Vendido,"210,000"
14-10-2,14,10,2,Vendido,"1,354,500"
14-10-3,14,10,3,Vendido,"200,000"
14-10-4,14,10,4,Vendido,"200,000"
14-10-5,14,10,5,Vendido,"230,000"
14-10-6,14,10,6,Vendido,"220,000"
14-10-7,14,10,7,Vendido,"220,000"
14-10-8,14,10,8,Vendido,"210,000"
14-10-9,14,10,9,Vendido,"200,000"
14-10-10,14,10,10,Vendido,"200,000"
14-11-1,14,11,1,Vendido,"250,000"
14-11-2,14,11,2,Vendido,"300,000"
14-11-3,14,11,3,Vendido,"220,000"
14-11-4,14,11,4,Vendido,"300,000"
14-11-5,14,11,5,Vendido,"260,000"
14-11-6,14,11,6,Vendido,"300,000"
14-11-7,14,11,7,Vendido,"230,000"
14-11-8,14,11,8,Vendido,"230,000"
14-11-9,14,11,9,Vendido,"220,000"
14-11-10,14,11,10,Vendido,"250,000"
14-12-1,14,12,1,Vendido,"260,000"
14-12-2,14,12,2,Vendido,"280,000"
14-12-3,14,12,3,Vendido,"240,000"
14-12-4,14,12,4,Vendido,"260,000"
14-12-6,14,12,6,Vendido,"240,000"
14-12-7,14,12,7,Vendido,"240,000"
14-12-8,14,12,8,Vendido,"300,000"
14-12-9,14,12,9,Vendido,"250,000"
14-12-10,14,12,10,Vendido,"280,000"
14-13-1,14,13,1,Vendido,"300,000"
14-13-2,14,13,2,Vendido,"260,000"
14-13-3,14,13,3,Vendido,"260,000"
14-13-4,14,13,4,Vendido,"260,000"
14-13-5,14,13,5,Vendido,"270,000"
14-13-6,14,13,6,Vendido,"300,000"
14-13-7,14,13,7,Vendido,"300,000"
14-13-8,14,13,8,Vendido,"270,000"
14-13-9,14,13,9,Vendido,"300,000"
14-14-1,14,14,1,Vendido,"300,000"
14-14-2,14,14,2,Vendido,"320,000"
14-14-3,14,14,3,Vendido,"320,000"
14-14-4,14,14,4,Vendido,"290,000"
14-14-6,14,14,6,Vendido,"290,000"
14-14-7,14,14,7,Vendido,"290,000"
14-14-8,14,14,8,Vendido,"300,000"
14-14-9,14,14,9,Vendido,"300,000"
14-15-1,14,15,1,Vendido,"350,000"
14-15-2,14,15,2,Vendido,"320,000"
14-15-3,14,15,3,Vendido,"320,000"
14-15-5,14,15,5,Vendido,"450,000"
14-15-6,14,15,6,Vendido,"420,000"
14-15-8,14,15,8,Vendido,"500,000"
14-15-9,14,15,9,Vendido,"550,000"
14-15-10,14,15,10,Vendido,"350,000"
14-15-11,14,15,11,Vendido,"350,000"
15-1-4,15,1,4,Cancelado,"120,000"
15-1-6,15,1,6,Cancelado,"100,000"
15-1-7,15,1,7,Cancelado,"100,000"
15-2-3,15,2,3,Cancelado,"758,500"
15-2-5,15,2,5,Cancelado,"140,000"
15-2-6,15,2,6,Cancelado,"140,000"
15-8-3,15,8,3,Cancelado,"200,000"
15-8-4,15,8,4,Cancelado,"180,000"
15-12-9,15,12,9,Cancelado,"240,000"
15-14-4,15,14,4,Cancelado,"300,000"
15-15-3,15,15,3,Cancelado,"350,000"
15-15-6,15,15,6,Cancelado,"350,000"
15-15-7,15,15,7,Cancelado,"750,000"
15-2-4,15,2,4,Recuperado Libre,"200,000"
15-5-3,15,5,3,Recuperado Libre,"220,000"
15-13-4,15,13,4,Libre (R),"350,000"
15-1-1,15,1,1,Vendido,"100,000"
15-1-2,15,1,2,Vendido,"100,000"
15-1-3,15,1,3,Vendido,"200,000"
15-1-5,15,1,5,Vendido,"100,000"
15-1-8,15,1,8,Vendido,"100,000"
15-1-9,15,1,9,Vendido,"100,000"
15-2-1,15,2,1,Vendido,"110,000"
15-2-2,15,2,2,Vendido,"120,000"
15-2-7,15,2,7,Vendido,"150,000"
15-2-8,15,2,8,Vendido,"160,000"
15-2-9,15,2,9,Vendido,"110,000"
15-3-1,15,3,1,Vendido,"120,000"
15-3-2,15,3,2,Vendido,"120,000"
15-3-3,15,3,3,Vendido,"140,000"
15-3-4,15,3,4,Vendido,"130,000"
15-3-5,15,3,5,Vendido,"130,000"
15-3-6,15,3,6,Vendido,"130,000"
15-3-7,15,3,7,Vendido,"140,000"
15-3-8,15,3,8,Vendido,"120,000"
15-3-9,15,3,9,Vendido,"120,000"
15-4-1,15,4,1,Vendido,"140,000"
15-4-2,15,4,2,Vendido,"160,000"
15-4-3,15,4,3,Vendido,"170,000"
15-4-4,15,4,4,Vendido,"160,000"
15-4-5,15,4,5,Vendido,"150,000"
15-4-6,15,4,6,Vendido,"140,000"
15-4-7,15,4,7,Vendido,"160,000"
15-4-8,15,4,8,Vendido,"170,000"
15-4-9,15,4,9,Vendido,"170,000"
15-5-1,15,5,1,Vendido,"200,000"
15-5-2,15,5,2,Vendido,"150,000"
15-5-4,15,5,4,Vendido,"160,000"
15-5-5,15,5,5,Vendido,"150,000"
15-5-6,15,5,6,Vendido,"150,000"
15-5-7,15,5,7,Vendido,"180,000"
15-5-8,15,5,8,Vendido,"170,000"
15-5-9,15,5,9,Vendido,"170,000"
15-7-3,15,7,3,Vendido,"160,000"
15-7-4,15,7,4,Vendido,"170,000"
15-7-5,15,7,5,Vendido,"200,000"
15-8-1,15,8,1,Vendido,"200,000"
15-8-2,15,8,2,Vendido,"190,000"
15-8-5,15,8,5,Vendido,"180,000"
15-8-6,15,8,6,Vendido,"180,000"
15-8-7,15,8,7,Vendido,"300,000"
15-8-8,15,8,8,Vendido,"180,000"
15-8-9,15,8,9,Vendido,"170,000"
15-9-1,15,9,1,Vendido,"190,000"
15-9-2,15,9,2,Vendido,"190,000"
15-9-3,15,9,3,Vendido,"250,000"
15-9-4,15,9,4,Vendido,"240,000"
15-9-5,15,9,5,Vendido,"200,000"
15-9-6,15,9,6,Vendido,"200,000"
15-9-7,15,9,7,Vendido,"210,000"
15-9-8,15,9,8,Vendido,"190,000"
15-9-9,15,9,9,Vendido,"190,000"
15-10-1,15,10,1,Vendido,"200,000"
15-10-2,15,10,2,Vendido,"200,000"
15-10-3,15,10,3,Vendido,"220,000"
15-10-4,15,10,4,Vendido,"280,000"
15-10-5,15,10,5,Vendido,"210,000"
15-10-6,15,10,6,Vendido,"230,000"
15-10-7,15,10,7,Vendido,"220,000"
15-10-8,15,10,8,Vendido,"200,000"
15-10-9,15,10,9,Vendido,"200,000"
15-11-1,15,11,1,Vendido,"240,000"
15-11-2,15,11,2,Vendido,"240,000"
15-11-3,15,11,3,Vendido,"240,000"
15-11-4,15,11,4,Vendido,"230,000"
15-11-5,15,11,5,Vendido,"230,000"
15-11-6,15,11,6,Vendido,"230,000"
15-11-7,15,11,7,Vendido,"240,000"
15-11-8,15,11,8,Vendido,"240,000"
15-11-9,15,11,9,Vendido,"240,000"
15-12-1,15,12,1,Vendido,"240,000"
15-12-2,15,12,2,Vendido,"240,000"
15-12-3,15,12,3,Vendido,"260,000"
15-12-4,15,12,4,Vendido,"260,000"
15-12-5,15,12,5,Vendido,"260,000"
15-12-6,15,12,6,Vendido,"270,000"
15-12-7,15,12,7,Vendido,"260,000"
15-12-8,15,12,8,Vendido,"240,000"
15-13-1,15,13,1,Vendido,"260,000"
15-13-2,15,13,2,Vendido,"260,000"
15-13-3,15,13,3,Vendido,"300,000"
15-13-5,15,13,5,Vendido,"280,000"
15-13-6,15,13,6,Vendido,"270,000"
15-13-7,15,13,7,Vendido,"300,000"
15-13-8,15,13,8,Vendido,"260,000"
15-13-9,15,13,9,Vendido,"260,000"
15-14-1,15,14,1,Vendido,"290,000"
15-14-2,15,14,2,Vendido,"290,000"
15-14-3,15,14,3,Vendido,"310,000"
15-14-5,15,14,5,Vendido,"320,000"
15-14-6,15,14,6,Vendido,"320,000"
15-14-7,15,14,7,Vendido,"310,000"
15-14-8,15,14,8,Vendido,"290,000"
15-14-9,15,14,9,Vendido,"290,000"
15-15-1,15,15,1,Vendido,"320,000"
15-15-2,15,15,2,Vendido,"320,000"
15-15-4,15,15,4,Vendido,"360,000"
15-15-5,15,15,5,Vendido,"360,000"
15-15-8,15,15,8,Vendido,"850,000"
15-15-9,15,15,9,Vendido,"700,000"
15-15-10,15,15,10,Vendido,"700,000"
16-4-7,16,4,7,Cancelado,"260,000"
16-2-12,16,2,12,Recuperado Libre,"480,000"
16-1-1,16,1,1,Vendido,"480,000"
16-1-2,16,1,2,Vendido,"380,000"
16-1-3,16,1,3,Vendido,"500,000"
16-1-4,16,1,4,Vendido,"380,000"
16-1-5,16,1,5,Vendido,"350,000"
16-1-6,16,1,6,Vendido,"380,000"
16-1-7,16,1,7,Vendido,"330,000"
16-1-8,16,1,8,Vendido,"330,000"
16-1-9,16,1,9,Vendido,"300,000"
16-1-10,16,1,10,Vendido,"450,000"
16-1-11,16,1,11,Vendido,"300,000"
16-1-12,16,1,12,Vendido,"400,000"
16-2-1,16,2,1,Vendido,"450,000"
16-2-2,16,2,2,Vendido,"380,000"
16-2-3,16,2,3,Vendido,"380,000"
16-2-4,16,2,4,Vendido,"360,000"
16-2-5,16,2,5,Vendido,"350,000"
16-2-6,16,2,6,Vendido,"400,000"
16-2-7,16,2,7,Vendido,"420,000"
16-2-8,16,2,8,Vendido,"420,000"
16-2-9,16,2,9,Vendido,"300,000"
16-2-10,16,2,10,Vendido,"450,000"
16-2-11,16,2,11,Vendido,"420,000"
16-3-1,16,3,1,Vendido,"310,000"
16-3-2,16,3,2,Vendido,"300,000"
16-3-3,16,3,3,Vendido,"300,000"
16-3-4,16,3,4,Vendido,"300,000"
16-3-5,16,3,5,Vendido,"330,000"
16-3-6,16,3,6,Vendido,"290,000"
16-3-7,16,3,7,Vendido,"450,000"
16-3-8,16,3,8,Vendido,"280,000"
16-3-9,16,3,9,Vendido,"350,000"
16-3-10,16,3,10,Vendido,"320,000"
16-3-11,16,3,11,Vendido,"300,000"
16-3-12,16,3,12,Vendido,"300,000"
16-3-13,16,3,13,Vendido,"300,000"
16-3-14,16,3,14,Vendido,"230,000"
16-3-15,16,3,15,Vendido,"230,000"
16-4-1,16,4,1,Vendido,"310,000"
16-4-2,16,4,2,Vendido,"480,000"
16-4-3,16,4,3,Vendido,"300,000"
16-4-4,16,4,4,Vendido,"300,000"
16-4-5,16,4,5,Vendido,"360,000"
16-4-6,16,4,6,Vendido,"260,000"
16-4-8,16,4,8,Vendido,"320,000"
16-4-9,16,4,9,Vendido,"370,000"
16-4-10,16,4,10,Vendido,"450,000"
17-2-15,17,2,15,Bloqueo por Deuda,0
17-2-16,17,2,16,Bloqueo por Deuda,0
17-2-17,17,2,17,Bloqueo por Deuda,0
17-2-18,17,2,18,Bloqueo por Deuda,0
17-1-6,17,1,6,Cancelado,"280,000"
17-1-7,17,1,7,Cancelado,"280,000"
17-1-8,17,1,8,Cancelado,"280,000"
17-4-3,17,4,3,Cancelado,"400,000"
17-6-3,17,6,3,Cancelado,"400,000"
17-6-4,17,6,4,Cancelado,"400,000"
17-7-6,17,7,6,Cancelado,"280,000"
17-7-11,17,7,11,Cancelado,"330,000"
17-7-12,17,7,12,Cancelado,"1,000,000"
17-1-9,17,1,9,Recuperado Libre,0
17-1-10,17,1,10,Recuperado Libre,0
17-2-7,17,2,7,Libre (R),"350,000"
17-2-10,17,2,10,Libre (R),"350,000"
17-2-11,17,2,11,Libre (R),"350,000"
17-5-6,17,5,6,Libre (R),"400,000"
17-7-20,17,7,20,Libre (R),"320,000"
17-1-4,17,1,4,Libre,"350,000"
17-5-13,17,5,13,Libre,"400,000"
17-1-1,17,1,1,Vendido,"360,000"
17-1-2,17,1,2,Vendido,"300,000"
17-1-3,17,1,3,Vendido,"350,000"
17-1-5,17,1,5,Vendido,"280,000"
17-1-11,17,1,11,Vendido,"350,000"
17-1-12,17,1,12,Vendido,"330,000"
17-1-13,17,1,13,Vendido,"330,000"
17-1-14,17,1,14,Vendido,"260,000"
17-1-15,17,1,15,Vendido,"260,000"
17-1-16,17,1,16,Vendido,"220,000"
17-1-17,17,1,17,Vendido,"260,000"
17-1-18,17,1,18,Vendido,"260,000"
17-1-19,17,1,19,Vendido,"330,000"
17-2-1,17,2,1,Vendido,"370,000"
17-2-2,17,2,2,Vendido,"350,000"
17-2-3,17,2,3,Vendido,"350,000"
17-2-4,17,2,4,Vendido,"400,000"
17-2-5,17,2,5,Vendido,"300,000"
17-2-6,17,2,6,Vendido,"300,000"
17-2-8,17,2,8,Vendido,"300,000"
17-2-9,17,2,9,Vendido,"300,000"
17-2-12,17,2,12,Vendido,"330,000"
17-2-13,17,2,13,Vendido,"330,000"
17-2-14,17,2,14,Vendido,"290,000"
17-2-19,17,2,19,Vendido,"290,000"
17-2-20,17,2,20,Vendido,"290,000"
17-3-1,17,3,1,Vendido,"470,000"
17-3-2,17,3,2,Vendido,"400,000"
17-3-3,17,3,3,Vendido,"440,000"
17-3-4,17,3,4,Vendido,"400,000"
17-3-5,17,3,5,Vendido,"390,000"
17-3-6,17,3,6,Vendido,"480,000"
17-3-7,17,3,7,Vendido,"440,000"
17-3-8,17,3,8,Vendido,"440,000"
17-3-9,17,3,9,Vendido,"440,000"
17-3-10,17,3,10,Vendido,"420,000"
17-3-11,17,3,11,Vendido,"460,000"
17-3-12,17,3,12,Vendido,"420,000"
17-3-13,17,3,13,Vendido,"420,000"
17-3-14,17,3,14,Vendido,"450,000"
17-3-15,17,3,15,Vendido,"420,000"
17-3-16,17,3,16,Vendido,"400,000"
17-3-17,17,3,17,Vendido,"380,000"
17-3-18,17,3,18,Vendido,"350,000"
17-3-19,17,3,19,Vendido,"340,000"
17-4-1,17,4,1,Vendido,"480,000"
17-4-2,17,4,2,Vendido,"460,000"
17-4-6,17,4,6,Vendido,"450,000"
17-4-7,17,4,7,Vendido,"500,000"
17-5-1,17,5,1,Vendido,"400,000"
17-5-2,17,5,2,Vendido,"380,000"
17-5-3,17,5,3,Vendido,"400,000"
17-5-4,17,5,4,Vendido,"380,000"
17-5-5,17,5,5,Vendido,"380,000"
17-5-7,17,5,7,Vendido,"400,000"
17-5-8,17,5,8,Vendido,"480,000"
17-5-9,17,5,9,Vendido,"500,000"
17-5-10,17,5,10,Vendido,"380,000"
17-5-11,17,5,11,Vendido,"400,000"
17-5-12,17,5,12,Vendido,"400,000"
17-5-14,17,5,14,Vendido,"400,000"
17-5-15,17,5,15,Vendido,"400,000"
17-5-16,17,5,16,Vendido,"440,000"
17-6-1,17,6,1,Vendido,"400,000"
17-6-2,17,6,2,Vendido,"380,000"
17-6-5,17,6,5,Vendido,"400,000"
17-6-6,17,6,6,Vendido,"380,000"
17-6-7,17,6,7,Vendido,"380,000"
17-6-8,17,6,8,Vendido,"450,000"
17-6-9,17,6,9,Vendido,"450,000"
17-6-10,17,6,10,Vendido,"380,000"
17-6-11,17,6,11,Vendido,"380,000"
17-6-12,17,6,12,Vendido,"380,000"
17-6-13,17,6,13,Vendido,"380,000"
17-6-14,17,6,14,Vendido,"380,000"
17-6-15,17,6,15,Vendido,"400,000"
17-6-16,17,6,16,Vendido,"380,000"
17-7-1,17,7,1,Vendido,"300,000"
17-7-2,17,7,2,Vendido,"320,000"
17-7-3,17,7,3,Vendido,"330,000"
17-7-4,17,7,4,Vendido,"320,000"
17-7-5,17,7,5,Vendido,"320,000"
17-7-7,17,7,7,Vendido,"300,000"
17-7-8,17,7,8,Vendido,"300,000"
17-7-9,17,7,9,Vendido,"280,000"
17-7-10,17,7,10,Vendido,"350,000"
17-7-13,17,7,13,Vendido,"300,000"
17-7-14,17,7,14,Vendido,"300,000"
17-7-15,17,7,15,Vendido,"280,000"
17-7-16,17,7,16,Vendido,"280,000"
17-7-17,17,7,17,Vendido,"280,000"
17-7-18,17,7,18,Vendido,"330,000"
17-7-19,17,7,19,Vendido,"280,000"
18-1-9,18,1,9,Cancelado,"550,000"
18-1-15,18,1,15,Cancelado,"600,000"
18-1-17,18,1,17,Cancelado,"650,000"
18-2-8,18,2,8,Cancelado,"600,000"
18-3-6,18,3,6,Cancelado,"700,000"
18-3-9,18,3,9,Reserva de Propietario,0
18-3-10,18,3,10,Libre,"1,500,000"
18-1-1,18,1,1,Vendido,"550,000"
18-1-2,18,1,2,Vendido,"650,000"
18-1-3,18,1,3,Vendido,"700,000"
18-1-4,18,1,4,Vendido,"700,000"
18-1-5,18,1,5,Vendido,"700,000"
18-1-6,18,1,6,Vendido,"700,000"
18-1-7,18,1,7,Vendido,"650,000"
18-1-8,18,1,8,Vendido,"650,000"
18-1-10,18,1,10,Vendido,"600,000"
18-1-11,18,1,11,Vendido,"600,000"
18-1-12,18,1,12,Vendido,"550,000"
18-1-13,18,1,13,Vendido,"600,000"
18-1-14,18,1,14,Vendido,"600,000"
18-1-16,18,1,16,Vendido,"600,000"
18-1-18,18,1,18,Vendido,"800,000"
18-1-19,18,1,19,Vendido,"650,000"
18-1-20,18,1,20,Vendido,"650,000"
18-1-21,18,1,21,Vendido,"700,000"
18-1-22,18,1,22,Vendido,"700,000"
18-1-23,18,1,23,Vendido,"550,000"
18-2-1,18,2,1,Vendido,"600,000"
18-2-2,18,2,2,Vendido,"600,000"
18-2-3,18,2,3,Vendido,"650,000"
18-2-4,18,2,4,Vendido,"650,000"
18-2-5,18,2,5,Vendido,"650,000"
18-2-6,18,2,6,Vendido,"600,000"
18-2-7,18,2,7,Vendido,"600,000"
18-2-9,18,2,9,Vendido,"600,000"
18-2-10,18,2,10,Vendido,"600,000"
18-2-11,18,2,11,Vendido,"600,000"
18-2-12,18,2,12,Vendido,"800,000"
18-2-13,18,2,13,Vendido,"600,000"
18-3-1,18,3,1,Vendido,"850,000"
18-3-2,18,3,2,Vendido,"800,000"
18-3-4,18,3,4,Vendido,"750,000"
18-3-5,18,3,5,Vendido,"700,000"
18-3-7,18,3,7,Vendido,"700,000"
18-3-8,18,3,8,Vendido,"700,000"
18-3-3,18,3,3,No disponible para la venta,"800,000"
19-1-1,19,1,1,Cancelado,"1,700,000"
19-1-14,19,1,14,Cancelado,"1,500,000"
19-1-15,19,1,15,Cancelado,"1,500,000"
19-2-5,19,2,5,Cancelado,"850,000"
19-3-4,19,3,4,Cancelado,"11,267,000"
19-6-18,19,6,18,Cancelado,"6,500,000"
19-7-15,19,7,15,Cancelado,"700,000"
19-9-1,19,9,1,Cancelado,"550,000"
19-9-8,19,9,8,Cancelado,"6,067,000"
19-2-1,19,2,1,Recuperado Libre,0
19-2-20,19,2,20,Recuperado Libre,0
19-6-8,19,6,8,Recuperado Libre,0
19-8-3,19,8,3,Recuperado Libre,"500,000"
19-10-6,19,10,6,Recuperado Libre,0
19-4-1,19,4,1,Reserva de Propietario,"1,200,000"
19-7-16,19,7,16,Reserva de Propietario,"700,000"
19-7-17,19,7,17,Reserva de Propietario,"650,000"
19-2-19,19,2,19,Asesoría Juridica,"1,600,000"
19-1-2,19,1,2,Vendido,"900,000"
19-1-3,19,1,3,Vendido,"800,000"
19-1-4,19,1,4,Vendido,"850,000"
19-1-5,19,1,5,Vendido,"800,000"
19-1-6,19,1,6,Vendido,"800,000"
19-1-7,19,1,7,Vendido,"800,000"
19-1-8,19,1,8,Vendido,"800,000"
19-1-9,19,1,9,Vendido,"950,000"
19-1-10,19,1,10,Vendido,"900,000"
19-1-11,19,1,11,Vendido,"900,000"
19-1-12,19,1,12,Vendido,"1,600,000"
19-1-13,19,1,13,Vendido,"1,500,000"
19-1-16,19,1,16,Vendido,"1,500,000"
19-1-17,19,1,17,Vendido,"1,600,000"
19-2-2,19,2,2,Vendido,"1,500,000"
19-2-3,19,2,3,Vendido,"900,000"
19-2-4,19,2,4,Vendido,"900,000"
19-2-6,19,2,6,Vendido,"800,000"
19-2-7,19,2,7,Vendido,"800,000"
19-2-8,19,2,8,Vendido,"1,000,000"
19-2-9,19,2,9,Vendido,"700,000"
19-2-10,19,2,10,Vendido,"1,100,000"
19-2-11,19,2,11,Vendido,"1,500,000"
19-2-12,19,2,12,Vendido,"7,535,000"
19-2-13,19,2,13,Vendido,"800,000"
19-2-14,19,2,14,Vendido,"1,500,000"
19-2-15,19,2,15,Vendido,"1,400,000"
19-2-16,19,2,16,Vendido,"1,500,000"
19-2-17,19,2,17,Vendido,"1,500,000"
19-2-18,19,2,18,Vendido,"1,300,000"
19-3-1,19,3,1,Vendido,"1,200,000"
19-3-2,19,3,2,Vendido,"1,300,000"
19-3-3,19,3,3,Vendido,"1,400,000"
19-3-5,19,3,5,Vendido,"1,300,000"
19-3-6,19,3,6,Vendido,"1,300,000"
19-3-7-8,19,3,7-8,Vendido,"2,600,000"
19-4-2,19,4,2,Vendido,"1,200,000"
19-4-3,19,4,3,Vendido,"1,200,000"
19-4-4,19,4,4,Vendido,"1,200,000"
19-4-5,19,4,5,Vendido,"1,200,000"
19-4-6,19,4,6,Vendido,"1,300,000"
19-5-1,19,5,1,Vendido,"700,000"
19-5-2,19,5,2,Vendido,"700,000"
19-5-3,19,5,3,Vendido,"600,000"
19-5-4,19,5,4,Vendido,"600,000"
19-5-5,19,5,5,Vendido,"700,000"
19-5-6,19,5,6,Vendido,"750,000"
19-5-7,19,5,7,Vendido,"800,000"
19-5-8,19,5,8,Vendido,"800,000"
19-5-9,19,5,9,Vendido,"800,000"
19-5-10,19,5,10,Vendido,"800,000"
19-5-11,19,5,11,Vendido,"650,000"
19-5-12,19,5,12,Vendido,"900,000"
19-5-13,19,5,13,Vendido,"700,000"
19-5-14,19,5,14,Vendido,"700,000"
19-5-15,19,5,15,Vendido,"600,000"
19-5-16,19,5,16,Vendido,"700,000"
19-5-17,19,5,17,Vendido,"650,000"
19-5-18,19,5,18,Vendido,"650,000"
19-5-19,19,5,19,Vendido,"650,000"
19-5-20,19,5,20,Vendido,"650,000"
19-6-1,19,6,1,Vendido,"700,000"
19-6-2,19,6,2,Vendido,"1,200,000"
19-6-3,19,6,3,Vendido,"1,200,000"
19-6-4,19,6,4,Vendido,"700,000"
19-6-5,19,6,5,Vendido,"1,300,000"
19-6-6,19,6,6,Vendido,"1,400,000"
19-6-7,19,6,7,Vendido,"900,000"
19-6-9,19,6,9,Vendido,"1,300,000"
19-6-10,19,6,10,Vendido,"800,000"
19-6-11,19,6,11,Vendido,"650,000"
19-6-12,19,6,12,Vendido,"600,000"
19-6-13,19,6,13,Vendido,"700,000"
19-6-14,19,6,14,Vendido,"700,000"
19-6-15,19,6,15,Vendido,"700,000"
19-6-16,19,6,16,Vendido,"800,000"
19-6-17,19,6,17,Vendido,"750,000"
19-6-19,19,6,19,Vendido,"750,000"
19-6-20,19,6,20,Vendido,"750,000"
19-7-1,19,7,1,Vendido,"700,000"
19-7-2,19,7,2,Vendido,"700,000"
19-7-3,19,7,3,Vendido,"700,000"
19-7-4,19,7,4,Vendido,"700,000"
19-7-5,19,7,5,Vendido,"700,000"
19-7-6,19,7,6,Vendido,"750,000"
19-7-7,19,7,7,Vendido,"650,000"
19-7-8,19,7,8,Vendido,"800,000"
19-7-9,19,7,9,Vendido,"800,000"
19-7-10,19,7,10,Vendido,"800,000"
19-7-11,19,7,11,Vendido,"900,000"
19-7-12,19,7,12,Vendido,"800,000"
19-7-13,19,7,13,Vendido,"700,000"
19-7-14,19,7,14,Vendido,"1,000,000"
19-7-18,19,7,18,Vendido,"1,200,000"
19-7-19,19,7,19,Vendido,"1,200,000"
19-7-20,19,7,20,Vendido,"1,500,000"
19-8-1,19,8,1,Vendido,"650,000"
19-8-2,19,8,2,Vendido,"1,100,000"
19-8-4,19,8,4,Vendido,"500,000"
19-8-5,19,8,5,Vendido,"1,000,000"
19-8-6,19,8,6,Vendido,"700,000"
19-8-7,19,8,7,Vendido,"700,000"
19-8-8,19,8,8,Vendido,"700,000"
19-8-9,19,8,9,Vendido,"1,000,000"
19-9-2,19,9,2,Vendido,"700,000"
19-9-3,19,9,3,Vendido,"700,000"
19-9-4,19,9,4,Vendido,"1,000,000"
19-9-5,19,9,5,Vendido,"1,000,000"
19-9-6,19,9,6,Vendido,"700,000"
19-9-7,19,9,7,Vendido,"700,000"
19-9-9,19,9,9,Vendido,"1,100,000"
19-9-10,19,9,10,Vendido,"650,000"
19-10-1,19,10,1,Vendido,"550,000"
19-10-2,19,10,2,Vendido,"600,000"
19-10-3,19,10,3,Vendido,"600,000"
19-10-4,19,10,4,Vendido,"700,000"
19-10-5,19,10,5,Vendido,"1,000,000"
19-10-7,19,10,7,Vendido,"700,000"
19-10-8,19,10,8,Vendido,"600,000"
19-10-9,19,10,9,Vendido,"500,000"
19-10-10,19,10,10,Vendido,"550,000"
19-8-10,19,8,10,No disponible para la venta,"800,000"
2-1-3,2,1,3,Bloqueo por Deuda,"220,000"
2-3-2,2,3,2,Bloqueo por Deuda,"500,000"
2-3-3,2,3,3,Bloqueo por Deuda,"600,000"
2-3-4,2,3,4,Bloqueo por Deuda,"450,000"
2-3-5,2,3,5,Bloqueo por Deuda,"500,000"
2-3-9,2,3,9,Bloqueo por Deuda,"500,000"
2-3-10,2,3,10,Bloqueo por Deuda,"500,000"
2-3-12,2,3,12,Bloqueo por Deuda,0
2-5-19,2,5,19,Bloqueo por Deuda,"220,000"
2-3-11,2,3,11,Bloqueado,0
2-3-13,2,3,13,Bloqueado,0
2-3-17,2,3,17,Bloqueado,0
2-3-18,2,3,18,Bloqueado,0
2-3-19,2,3,19,Bloqueado,0
2-1-1,2,1,1,Cancelado,"180,000"
2-2-2,2,2,2,Cancelado,"400,000"
2-3-1,2,3,1,Cancelado,"500,000"
2-3-7,2,3,7,Cancelado,"2,925,000"
2-3-20,2,3,20,Cancelado,"2,710,000"
2-3-22,2,3,22,Cancelado,"2,600,000"
2-4-7,2,4,7,Cancelado,"330,000"
2-4-9,2,4,9,Cancelado,"8,677,000"
2-4-11,2,4,11,Cancelado,"487,500"
2-4-12,2,4,12,Cancelado,"487,500"
2-4-13,2,4,13,Cancelado,"300,000"
2-5-1,2,5,1,Cancelado,"280,000"
2-5-2,2,5,2,Cancelado,"220,000"
2-5-4,2,5,4,Cancelado,"250,000"
2-5-5,2,5,5,Cancelado,"250,000"
2-5-11,2,5,11,Cancelado,"280,000"
2-5-12,2,5,12,Cancelado,"230,000"
2-5-13,2,5,13,Cancelado,"230,000"
2-5-14,2,5,14,Cancelado,"230,000"
2-5-15,2,5,15,Cancelado,"230,000"
2-5-16,2,5,16,Cancelado,"230,000"
2-5-17,2,5,17,Cancelado,"250,000"
2-5-18,2,5,18,Cancelado,"280,000"
2-5-21,2,5,21,Cancelado,"250,000"
2-5-20,2,5,20,Bloqueo por falta de Datos,"240,000"
2-1-11,2,1,11,Recuperado Libre,"500,000"
2-1-2,2,1,2,Vendido,"250,000"
2-1-4,2,1,4,Vendido,"250,000"
2-1-5,2,1,5,Vendido,"250,000"
2-1-6,2,1,6,Vendido,"200,000"
2-1-7,2,1,7,Vendido,"220,000"
2-1-8,2,1,8,Vendido,"180,000"
2-1-9,2,1,9,Vendido,"400,000"
2-1-10,2,1,10,Vendido,"400,000"
2-2-1,2,2,1,Vendido,"300,000"
2-2-3,2,2,3,Vendido,"300,000"
2-2-4,2,2,4,Vendido,"300,000"
2-3-6,2,3,6,Vendido,"550,000"
2-3-8,2,3,8,Vendido,"450,000"
2-3-14,2,3,14,Vendido,"1,100,000"
2-3-15,2,3,15,Vendido,"1,200,000"
2-3-16,2,3,16,Vendido,"500,000"
2-3-21,2,3,21,Vendido,"500,000"
2-3-23,2,3,23,Vendido,"462,000"
2-3-24,2,3,24,Vendido,"500,000"
2-4-3,2,4,3,Vendido,"430,000"
2-4-4,2,4,4,Vendido,"450,000"
2-4-5,2,4,5,Vendido,"400,000"
2-4-6,2,4,6,Vendido,"280,000"
2-4-8,2,4,8,Vendido,"250,000"
2-4-10,2,4,10,Vendido,"500,000"
2-4-14,2,4,14,Vendido,"300,000"
2-4-15,2,4,15,Vendido,"350,000"
2-4-16,2,4,16,Vendido,"300,000"
2-4-17,2,4,17,Vendido,"250,000"
2-4-18,2,4,18,Vendido,"450,000"
2-5-3,2,5,3,Vendido,"220,000"
2-5-6,2,5,6,Vendido,"220,000"
2-5-7,2,5,7,Vendido,"220,000"
2-5-8,2,5,8,Vendido,"380,000"
2-5-9,2,5,9,Vendido,"300,000"
2-5-10,2,5,10,Vendido,"300,000"
20-1-8,20,1,8,Cancelado,"8,937,500"
20-2-6,20,2,6,Cancelado,"4,334,000"
20-3-8,20,3,8,Cancelado,"700,000"
20-5-4,20,5,4,Cancelado,"500,000"
20-1-1,20,1,1,Reserva de Propietario,0
20-1-2,20,1,2,Reserva de Propietario,0
20-1-3,20,1,3,Reserva de Propietario,0
20-1-4,20,1,4,Reserva de Propietario,0
20-1-5,20,1,5,Reserva de Propietario,0
20-3-1,20,3,1,Escriturado,"680,000"
20-1-6,20,1,6,Vendido,"850,000"
20-1-7,20,1,7,Vendido,"850,000"
20-1-9,20,1,9,Vendido,"850,000"
20-1-10,20,1,10,Vendido,"900,000"
20-1-11,20,1,11,Vendido,"880,000"
20-2-1,20,2,1,Vendido,"800,000"
20-2-2,20,2,2,Vendido,"700,000"
20-2-3,20,2,3,Vendido,"1,200,000"
20-2-4,20,2,4,Vendido,"700,000"
20-2-5,20,2,5,Vendido,"750,000"
20-2-7,20,2,7,Vendido,"700,000"
20-2-8,20,2,8,Vendido,"780,000"
20-3-2,20,3,2,Vendido,"630,000"
20-3-3,20,3,3,Vendido,"630,000"
20-3-4,20,3,4,Vendido,"630,000"
20-3-5,20,3,5,Vendido,"630,000"
20-3-6,20,3,6,Vendido,"630,000"
20-3-7,20,3,7,Vendido,"630,000"
20-3-9,20,3,9,Vendido,"630,000"
20-3-10,20,3,10,Vendido,"650,000"
20-4-1,20,4,1,Vendido,"600,000"
20-4-2,20,4,2,Vendido,"750,000"
20-4-3,20,4,3,Vendido,"550,000"
20-4-4,20,4,4,Vendido,"750,000"
20-4-5,20,4,5,Vendido,"600,000"
20-4-6,20,4,6,Vendido,"600,000"
20-4-7,20,4,7,Vendido,"600,000"
20-4-8,20,4,8,Vendido,"650,000"
20-4-9,20,4,9,Vendido,"550,000"
20-4-10,20,4,10,Vendido,"580,000"
20-5-2,20,5,2,Vendido,"600,000"
20-5-3,20,5,3,Vendido,"600,000"
20-5-5,20,5,5,Vendido,"500,000"
20-5-6,20,5,6,Vendido,"500,000"
21-2-17,21,2,17,Cancelado,"30,000,000"
21-2-21,21,2,21,Cancelado,"380,000"
21-2-22,21,2,22,Cancelado,"380,000"
21-3-18,21,3,18,Cancelado,"430,000"
21-3-21,21,3,21,Cancelado,"380,000"
21-5-14,21,5,14,Cancelado,"350,000"
21-5-17,21,5,17,Cancelado,"480,000"
21-5-18,21,5,18,Cancelado,"350,000"
21-6-12,21,6,12,Cancelado,"300,000"
21-6-15,21,6,15,Cancelado,"7,410,000"
21-2-9,21,2,9,Bloqueo por falta de Datos,"380,000"
21-2-10,21,2,10,Recuperado Libre,"650,000"
21-5-6,21,5,6,Reserva de Propietario,0
21-5-24,21,5,24,Reserva de Propietario,0
21-6-16,21,6,16,Reserva de Propietario,0
21-6-17,21,6,17,Reserva de Propietario,0
21-3-22,21,3,22,Escriturado,"380,000"
21-1-1,21,1,1,Vendido,"500,000"
21-1-2,21,1,2,Vendido,"480,000"
21-1-3,21,1,3,Vendido,"480,000"
21-1-4,21,1,4,Vendido,"480,000"
21-1-5,21,1,5,Vendido,"500,000"
21-1-6,21,1,6,Vendido,"500,000"
21-1-7,21,1,7,Vendido,"550,000"
21-1-8,21,1,8,Vendido,"500,000"
21-1-9,21,1,9,Vendido,"500,000"
21-1-10,21,1,10,Vendido,"750,000"
21-1-11,21,1,11,Vendido,"500,000"
21-1-12,21,1,12,Vendido,"480,000"
21-1-13,21,1,13,Vendido,"500,000"
21-2-1,21,2,1,Vendido,"400,000"
21-2-2,21,2,2,Vendido,"400,000"
21-2-3,21,2,3,Vendido,"380,000"
21-2-4,21,2,4,Vendido,"450,000"
21-2-5,21,2,5,Vendido,"450,000"
21-2-6,21,2,6,Vendido,"400,000"
21-2-7,21,2,7,Vendido,"380,000"
21-2-8,21,2,8,Vendido,"380,000"
21-2-11,21,2,11,Vendido,"380,000"
21-2-12,21,2,12,Vendido,"380,000"
21-2-13,21,2,13,Vendido,"400,000"
21-2-14,21,2,14,Vendido,"380,000"
21-2-15,21,2,15,Vendido,"380,000"
21-2-16,21,2,16,Vendido,"500,000"
21-2-18,21,2,18,Vendido,"400,000"
21-2-19,21,2,19,Vendido,"600,000"
21-2-20,21,2,20,Vendido,"450,000"
21-2-23,21,2,23,Vendido,"430,000"
21-2-24,21,2,24,Vendido,"400,000"
21-3-1,21,3,1,Vendido,"400,000"
21-3-2,21,3,2,Vendido,"380,000"
21-3-3,21,3,3,Vendido,"400,000"
21-3-4,21,3,4,Vendido,"380,000"
21-3-5,21,3,5,Vendido,"400,000"
21-3-6,21,3,6,Vendido,"400,000"
21-3-7,21,3,7,Vendido,"400,000"
21-3-8,21,3,8,Vendido,"380,000"
21-3-9,21,3,9,Vendido,"380,000"
21-3-10,21,3,10,Vendido,"400,000"
21-3-11,21,3,11,Vendido,"420,000"
21-3-12,21,3,12,Vendido,"430,000"
21-3-13,21,3,13,Vendido,"480,000"
21-3-14,21,3,14,Vendido,"400,000"
21-3-15,21,3,15,Vendido,"380,000"
21-3-16,21,3,16,Vendido,"380,000"
21-3-17,21,3,17,Vendido,"400,000"
21-3-19,21,3,19,Vendido,"380,000"
21-3-20,21,3,20,Vendido,"380,000"
21-3-23,21,3,23,Vendido,"380,000"
21-3-24,21,3,24,Vendido,"380,000"
21-5-1,21,5,1,Vendido,"370,000"
21-5-2,21,5,2,Vendido,"450,000"
21-5-3,21,5,3,Vendido,"440,000"
21-5-4,21,5,4,Vendido,"380,000"
21-5-5,21,5,5,Vendido,"370,000"
21-5-7,21,5,7,Vendido,"400,000"
21-5-8,21,5,8,Vendido,"350,000"
21-5-9,21,5,9,Vendido,"420,000"
21-5-10,21,5,10,Vendido,"420,000"
21-5-11,21,5,11,Vendido,"350,000"
21-5-12,21,5,12,Vendido,"380,000"
21-5-13,21,5,13,Vendido,"370,000"
21-5-15,21,5,15,Vendido,"400,000"
21-5-16,21,5,16,Vendido,"350,000"
21-5-19,21,5,19,Vendido,"350,000"
21-5-20,21,5,20,Vendido,"350,000"
21-5-21,21,5,21,Vendido,"350,000"
21-5-22,21,5,22,Vendido,"350,000"
21-5-23,21,5,23,Vendido,"350,000"
21-6-1,21,6,1,Vendido,"330,000"
21-6-2,21,6,2,Vendido,"330,000"
21-6-3,21,6,3,Vendido,"320,000"
21-6-4,21,6,4,Vendido,"300,000"
21-6-5,21,6,5,Vendido,"350,000"
21-6-6,21,6,6,Vendido,"320,000"
21-6-7,21,6,7,Vendido,"320,000"
21-6-8,21,6,8,Vendido,"300,000"
21-6-9,21,6,9,Vendido,"300,000"
21-6-10,21,6,10,Vendido,"350,000"
21-6-11,21,6,11,Vendido,"300,000"
21-6-13,21,6,13,Vendido,"330,000"
21-6-14,21,6,14,Vendido,"330,000"
21-6-18,21,6,18,Vendido,"300,000"
21-6-19,21,6,19,Vendido,"300,000"
21-6-20,21,6,20,Vendido,"300,000"
21-6-21,21,6,21,Vendido,"300,000"
21-6-22,21,6,22,Vendido,"320,000"
21-7-3,21,7,3,Vendido,"300,000"
21-7-4,21,7,4,Vendido,"300,000"
21-7-5,21,7,5,Vendido,"300,000"
21-7-6,21,7,6,Vendido,"300,000"
21-7-7,21,7,7,Vendido,"300,000"
21-8-1,21,8,1,Vendido,"270,000"
21-8-2,21,8,2,Vendido,"250,000"
21-8-3,21,8,3,Vendido,"270,000"
21-8-4,21,8,4,Vendido,"250,000"
21-8-5,21,8,5,Vendido,"250,000"
21-8-6,21,8,6,Vendido,"300,000"
21-8-7,21,8,7,Vendido,"250,000"
21-8-8,21,8,8,Vendido,"250,000"
21-8-9,21,8,9,Vendido,"250,000"
21-8-10,21,8,10,Vendido,"300,000"
21-8-11,21,8,11,Vendido,"250,000"
21-8-12,21,8,12,Vendido,"250,000"
21-8-13,21,8,13,Vendido,"350,000"
21-8-14,21,8,14,Vendido,"250,000"
21-8-15,21,8,15,Vendido,"250,000"
21-8-16,21,8,16,Vendido,"320,000"
21-8-17,21,8,17,Vendido,"400,000"
21-8-18,21,8,18,Vendido,"250,000"
21-8-19,21,8,19,Vendido,"250,000"
21-8-20,21,8,20,Vendido,"250,000"
21-8-21,21,8,21,Vendido,"250,000"
21-8-22,21,8,22,Vendido,"250,000"
21-8-23,21,8,23,Vendido,"250,000"
21-8-24,21,8,24,Vendido,"250,000"
21-9-1,21,9,1,Vendido,"250,000"
21-9-2,21,9,2,Vendido,"250,000"
21-9-3,21,9,3,Vendido,"250,000"
21-9-4,21,9,4,Vendido,"300,000"
21-9-5,21,9,5,Vendido,"270,000"
21-9-6,21,9,6,Vendido,"280,000"
21-9-7,21,9,7,Vendido,"270,000"
21-9-8,21,9,8,Vendido,"250,000"
21-9-9,21,9,9,Vendido,"300,000"
21-9-10,21,9,10,Vendido,"250,000"
21-9-11,21,9,11,Vendido,"350,000"
21-9-12,21,9,12,Vendido,"250,000"
21-9-13,21,9,13,Vendido,"350,000"
21-9-14,21,9,14,Vendido,"300,000"
21-9-15,21,9,15,Vendido,"250,000"
21-9-16,21,9,16,Vendido,"330,000"
21-9-17,21,9,17,Vendido,"350,000"
21-9-18,21,9,18,Vendido,"250,000"
21-9-19,21,9,19,Vendido,"320,000"
21-9-20,21,9,20,Vendido,"300,000"
21-9-21,21,9,21,Vendido,"250,000"
21-9-22,21,9,22,Vendido,"250,000"
21-9-23,21,9,23,Vendido,"250,000"
21-9-24,21,9,24,Vendido,"250,000"
22-4-1,22,4,1,Bloqueo por Deuda,"500,000"
22-4-16,22,4,16,Bloqueo por Deuda,"400,000"
22-4-2,22,4,2,Vendido,"420,000"
22-4-3,22,4,3,Vendido,"420,000"
22-4-4,22,4,4,Vendido,"370,000"
22-4-5,22,4,5,Vendido,"400,000"
22-4-6,22,4,6,Vendido,"370,000"
22-4-7,22,4,7,Vendido,"440,000"
22-4-8,22,4,8,Vendido,"370,000"
22-4-9,22,4,9,Vendido,"370,000"
22-4-10,22,4,10,Vendido,"370,000"
22-4-11,22,4,11,Vendido,"420,000"
22-4-12,22,4,12,Vendido,"370,000"
22-4-13,22,4,13,Vendido,"400,000"
22-4-14,22,4,14,Vendido,"370,000"
22-4-15,22,4,15,Vendido,"370,000"
22-4-17,22,4,17,Vendido,"480,000"
22-4-18,22,4,18,Vendido,"480,000"
22-4-19,22,4,19,Vendido,"550,000"
22-4-20,22,4,20,Vendido,"460,000"
22-4-21,22,4,21,Vendido,"400,000"
22-4-22,22,4,22,Vendido,"400,000"
22-4-23,22,4,23,Vendido,"370,000"
22-4-24,22,4,24,Vendido,"400,000"
23-1-9,23,1,9,Cancelado,"1,610,000"
23-2-3,23,2,3,Cancelado,"330,000"
23-2-6,23,2,6,Cancelado,"330,000"
23-3-12,23,3,12,Cancelado,"2,437,500"
23-4-6,23,4,6,Cancelado,"260,000"
23-4-7,23,4,7,Cancelado,"260,000"
23-5-1,23,5,1,Cancelado,"380,000"
23-5-2,23,5,2,Cancelado,"280,000"
23-5-3,23,5,3,Cancelado,"280,000"
23-5-9,23,5,9,Cancelado,"330,000"
23-7-1,23,7,1,Cancelado,"380,000"
23-2-5,23,2,5,Recuperado Libre,"420,000"
23-3-6,23,3,6,Recuperado Libre,"420,000"
23-1-1,23,1,1,Vendido,"450,000"
23-1-2,23,1,2,Vendido,"500,000"
23-1-3,23,1,3,Vendido,"360,000"
23-1-4,23,1,4,Vendido,"380,000"
23-1-5,23,1,5,Vendido,"360,000"
23-1-6,23,1,6,Vendido,"360,000"
23-1-7,23,1,7,Vendido,"380,000"
23-1-8,23,1,8,Vendido,"400,000"
23-1-10,23,1,10,Vendido,"380,000"
23-1-11,23,1,11,Vendido,"380,000"
23-2-1,23,2,1,Vendido,"380,000"
23-2-2,23,2,2,Vendido,"450,000"
23-2-4,23,2,4,Vendido,"450,000"
23-2-7,23,2,7,Vendido,"330,000"
23-2-8,23,2,8,Vendido,"330,000"
23-2-9,23,2,9,Vendido,"360,000"
23-2-10,23,2,10,Vendido,"330,000"
23-2-11,23,2,11,Vendido,"330,000"
23-2-12,23,2,12,Vendido,"380,000"
23-3-1,23,3,1,Vendido,"450,000"
23-3-2,23,3,2,Vendido,"400,000"
23-3-3,23,3,3,Vendido,"300,000"
23-3-4,23,3,4,Vendido,"300,000"
23-3-5,23,3,5,Vendido,"300,000"
23-3-7,23,3,7,Vendido,"350,000"
23-3-8,23,3,8,Vendido,"350,000"
23-3-9,23,3,9,Vendido,"300,000"
23-3-10,23,3,10,Vendido,"300,000"
23-3-11,23,3,11,Vendido,"300,000"
23-4-1,23,4,1,Vendido,"380,000"
23-4-2,23,4,2,Vendido,"260,000"
23-4-3,23,4,3,Vendido,"260,000"
23-4-4,23,4,4,Vendido,"350,000"
23-4-5,23,4,5,Vendido,"260,000"
23-4-8,23,4,8,Vendido,"330,000"
23-4-9,23,4,9,Vendido,"260,000"
23-4-10,23,4,10,Vendido,"260,000"
23-4-11,23,4,11,Vendido,"260,000"
23-4-12,23,4,12,Vendido,"450,000"
23-5-4,23,5,4,Vendido,"400,000"
23-5-5,23,5,5,Vendido,"280,000"
23-5-6,23,5,6,Vendido,"280,000"
23-5-7,23,5,7,Vendido,"280,000"
23-5-8,23,5,8,Vendido,"280,000"
23-6-1,23,6,1,Vendido,"450,000"
23-6-2,23,6,2,Vendido,"330,000"
23-6-3,23,6,3,Vendido,"330,000"
23-6-4,23,6,4,Vendido,"330,000"
23-6-5,23,6,5,Vendido,"330,000"
23-6-6,23,6,6,Vendido,"330,000"
23-6-7,23,6,7,Vendido,"330,000"
23-6-8,23,6,8,Vendido,"450,000"
23-6-9,23,6,9,Vendido,"350,000"
23-6-10,23,6,10,Vendido,"330,000"
23-6-11,23,6,11,Vendido,"420,000"
23-6-12,23,6,12,Vendido,"380,000"
23-7-2,23,7,2,Vendido,"450,000"
23-7-3,23,7,3,Vendido,"450,000"
23-7-4,23,7,4,Vendido,"480,000"
23-7-5,23,7,5,Vendido,"360,000"
23-7-6,23,7,6,Vendido,"360,000"
23-7-7,23,7,7,Vendido,"380,000"
23-7-8,23,7,8,Vendido,"380,000"
23-7-9,23,7,9,Vendido,"420,000"
23-7-10,23,7,10,Vendido,"420,000"
23-7-11,23,7,11,Vendido,"400,000"
23-7-12,23,7,12,Vendido,"400,000"
23-7-13,23,7,13,Vendido,"400,000"
23-7-14,23,7,14,Vendido,"380,000"
23-7-15,23,7,15,Vendido,"500,000"
24-1-2,24,1,2,Cancelado,"480,000"
24-1-4,24,1,4,Cancelado,"390,000"
24-3-7,24,3,7,Cancelado,"330,000"
24-3-11,24,3,11,Cancelado,"300,000"
24-5-1,24,5,1,Cancelado,"410,000"
24-6-6,24,6,6,Cancelado,"360,000"
24-6-7,24,6,7,Cancelado,"360,000"
24-6-8,24,6,8,Cancelado,"360,000"
24-6-9,24,6,9,Cancelado,"360,000"
24-7-4,24,7,4,Cancelado,"390,000"
24-7-17,24,7,17,Cancelado,"600,000"
24-2-4,24,2,4,Recuperado Libre,"420,000"
24-1-1,24,1,1,Vendido,"20,637,500"
24-1-3,24,1,3,Vendido,"420,000"
24-1-5,24,1,5,Vendido,"420,000"
24-1-6,24,1,6,Vendido,"390,000"
24-1-7,24,1,7,Vendido,"390,000"
24-1-8,24,1,8,Vendido,"390,000"
24-1-9,24,1,9,Vendido,"390,000"
24-1-10,24,1,10,Vendido,"390,000"
24-1-11,24,1,11,Vendido,"410,000"
24-2-1,24,2,1,Vendido,"420,000"
24-2-2,24,2,2,Vendido,"460,000"
24-2-3,24,2,3,Vendido,"460,000"
24-2-5,24,2,5,Vendido,"450,000"
24-2-6,24,2,6,Vendido,"400,000"
24-2-7,24,2,7,Vendido,"400,000"
24-2-8,24,2,8,Vendido,"400,000"
24-2-9,24,2,9,Vendido,"430,000"
24-2-10,24,2,10,Vendido,"360,000"
24-2-11,24,2,11,Vendido,"360,000"
24-2-12,24,2,12,Vendido,"410,000"
24-3-1,24,3,1,Vendido,"410,000"
24-3-2,24,3,2,Vendido,"330,000"
24-3-3,24,3,3,Vendido,"330,000"
24-3-4,24,3,4,Vendido,"330,000"
24-3-5,24,3,5,Vendido,"450,000"
24-3-6,24,3,6,Vendido,"2,437,500"
24-3-8,24,3,8,Vendido,"330,000"
24-3-9,24,3,9,Vendido,"330,000"
24-3-10,24,3,10,Vendido,"330,000"
24-3-12,24,3,12,Vendido,"410,000"
24-4-1,24,4,1,Vendido,"410,000"
24-4-2,24,4,2,Vendido,"290,000"
24-4-3,24,4,3,Vendido,"290,000"
24-4-4,24,4,4,Vendido,"290,000"
24-4-5,24,4,5,Vendido,"290,000"
24-4-6,24,4,6,Vendido,"290,000"
24-4-7,24,4,7,Vendido,"350,000"
24-4-8,24,4,8,Vendido,"290,000"
24-4-9,24,4,9,Vendido,"290,000"
24-4-10,24,4,10,Vendido,"400,000"
24-4-11,24,4,11,Vendido,"290,000"
24-4-12,24,4,12,Vendido,"410,000"
24-5-2,24,5,2,Vendido,"400,000"
24-5-3,24,5,3,Vendido,"380,000"
24-5-4,24,5,4,Vendido,"310,000"
24-5-5,24,5,5,Vendido,"310,000"
24-5-6,24,5,6,Vendido,"310,000"
24-5-7,24,5,7,Vendido,"310,000"
24-5-8,24,5,8,Vendido,"420,000"
24-5-9,24,5,9,Vendido,"430,000"
24-6-1,24,6,1,Vendido,"410,000"
24-6-2,24,6,2,Vendido,"360,000"
24-6-3,24,6,3,Vendido,"360,000"
24-6-4,24,6,4,Vendido,"360,000"
24-6-5,24,6,5,Vendido,"360,000"
24-6-10,24,6,10,Vendido,"390,000"
24-6-11,24,6,11,Vendido,"520,000"
24-6-12,24,6,12,Vendido,"410,000"
24-7-1,24,7,1,Vendido,"410,000"
24-7-2,24,7,2,Vendido,"390,000"
24-7-3,24,7,3,Vendido,"390,000"
24-7-5,24,7,5,Vendido,"430,000"
24-7-6,24,7,6,Vendido,"430,000"
24-7-7,24,7,7,Vendido,"410,000"
24-7-8,24,7,8,Vendido,"410,000"
24-7-9,24,7,9,Vendido,"410,000"
24-7-10,24,7,10,Vendido,"410,000"
24-7-11,24,7,11,Vendido,"410,000"
24-7-12,24,7,12,Vendido,"410,000"
24-7-13,24,7,13,Vendido,"500,000"
24-7-14,24,7,14,Vendido,"450,000"
24-7-15,24,7,15,Vendido,"480,000"
24-7-16,24,7,16,Vendido,"450,000"
25-1-1,25,1,1,Cancelado,"28,000,000"
25-1-2,25,1,2,Cancelado,"30,000,000"
25-1-3,25,1,3,Cancelado,"30,000,000"
25-1-4,25,1,4,Cancelado,"750,000"
25-1-5,25,1,5,Cancelado,"750,000"
25-1-6,25,1,6,Cancelado,"30,000,000"
25-1-7,25,1,7,Cancelado,"15,000,000"
25-1-14,25,1,14,Cancelado,"30,000,000"
25-1-15,25,1,15,Cancelado,"30,000,000"
25-2-4,25,2,4,Cancelado,"30,000,000"
25-2-6,25,2,6,Cancelado,"39,000,000"
25-2-16,25,2,16,Cancelado,"20,000,000"
25-5-5,25,5,5,Cancelado,"24,000,000"
25-6-4,25,6,4,Cancelado,"15,000,000"
25-6-5,25,6,5,Cancelado,"15,000,000"
25-6-6,25,6,6,Cancelado,"15,000,000"
25-6-7,25,6,7,Cancelado,"15,000,000"
25-5-11,25,5,11,Recuperado Libre,0
25-5-12,25,5,12,Recuperado Libre,"450,000"
25-1-8,25,1,8,Reserva de Propietario,"750,000"
25-2-1,25,2,1,Reserva de Propietario,"600,000"
25-2-5,25,2,5,Reserva de Propietario,"550,000"
25-2-14,25,2,14,Reserva de Propietario,"600,000"
25-3-4,25,3,4,Reserva de Propietario,"480,000"
25-4-1,25,4,1,Reserva de Propietario,0
25-4-4,25,4,4,Reserva de Propietario,0
25-3-5,25,3,5,Escriturado,"480,000"
25-2-18,25,2,18,Bloqueo Administrativo,"550,000"
25-1-9,25,1,9,Vendido,"630,000"
25-1-10,25,1,10,Vendido,"630,000"
25-1-11,25,1,11,Vendido,"630,000"
25-1-12,25,1,12,Vendido,"630,000"
25-1-13,25,1,13,Vendido,"630,000"
25-1-16,25,1,16,Vendido,"630,000"
25-2-2,25,2,2,Vendido,"550,000"
25-2-3,25,2,3,Vendido,"550,000"
25-2-7,25,2,7,Vendido,"550,000"
25-2-8,25,2,8,Vendido,"550,000"
25-2-9,25,2,9,Vendido,"550,000"
25-2-10,25,2,10,Vendido,"550,000"
25-2-11,25,2,11,Vendido,"550,000"
25-2-12,25,2,12,Vendido,"550,000"
25-2-13,25,2,13,Vendido,"550,000"
25-2-15,25,2,15,Vendido,"600,000"
25-2-17,25,2,17,Vendido,"550,000"
25-3-1,25,3,1,Vendido,"500,000"
25-3-2,25,3,2,Vendido,"500,000"
25-3-3,25,3,3,Vendido,"480,000"
25-3-6,25,3,6,Vendido,"500,000"
25-3-7,25,3,7,Vendido,"500,000"
25-3-8,25,3,8,Vendido,"500,000"
25-3-9,25,3,9,Vendido,"500,000"
25-3-11,25,3,11,Vendido,"350,000"
25-3-12,25,3,12,Vendido,"350,000"
25-3-13,25,3,13,Vendido,"400,000"
25-3-14,25,3,14,Vendido,"400,000"
25-3-15,25,3,15,Vendido,"450,000"
25-5-1,25,5,1,Vendido,"380,000"
25-5-2,25,5,2,Vendido,"350,000"
25-5-3,25,5,3,Vendido,"350,000"
25-5-4,25,5,4,Vendido,"350,000"
25-5-6,25,5,6,Vendido,"380,000"
25-5-7,25,5,7,Vendido,"350,000"
25-5-8,25,5,8,Vendido,"350,000"
25-5-9,25,5,9,Vendido,"400,000"
25-5-10,25,5,10,Vendido,"400,000"
25-5-13,25,5,13,Vendido,"400,000"
25-5-14,25,5,14,Vendido,"400,000"
25-5-15,25,5,15,Vendido,"400,000"
25-5-16,25,5,16,Vendido,"400,000"
25-5-17,25,5,17,Vendido,"400,000"
25-5-18,25,5,18,Vendido,"400,000"
25-6-1,25,6,1,Vendido,"450,000"
25-6-2,25,6,2,Vendido,"450,000"
25-6-3,25,6,3,Vendido,"450,000"
25-6-8,25,6,8,Vendido,"450,000"
26-1-13,26,1,13,Reserva de Propietario,"750,000"
26-1-14,26,1,14,Reserva de Propietario,"750,000"
26-2-10,26,2,10,Reserva de Propietario,"730,000"
26-2-12,26,2,12,Reserva de Propietario,"700,000"
26-2-13,26,2,13,Reserva de Propietario,"700,000"
26-2-14,26,2,14,Reserva de Propietario,"700,000"
26-1-1,26,1,1,Vendido,"750,000"
26-1-2,26,1,2,Vendido,"780,000"
26-1-3,26,1,3,Vendido,"750,000"
26-1-4,26,1,4,Vendido,"750,000"
26-1-5,26,1,5,Vendido,"700,000"
26-1-6,26,1,6,Vendido,"700,000"
26-1-7,26,1,7,Vendido,"700,000"
26-1-8,26,1,8,Vendido,"800,000"
26-1-9,26,1,9,Vendido,"750,000"
26-1-10,26,1,10,Vendido,"750,000"
26-1-11,26,1,11,Vendido,"750,000"
26-1-12,26,1,12,Vendido,"700,000"
26-2-1,26,2,1,Vendido,"700,000"
26-2-2,26,2,2,Vendido,"700,000"
26-2-3,26,2,3,Vendido,"700,000"
26-2-4,26,2,4,Vendido,"700,000"
26-2-5,26,2,5,Vendido,"680,000"
26-2-6,26,2,6,Vendido,"680,000"
26-2-7,26,2,7,Vendido,"680,000"
26-2-8,26,2,8,Vendido,"730,000"
26-2-9,26,2,9,Vendido,"750,000"
26-2-11,26,2,11,Vendido,"700,000"
26-3-1,26,3,1,Vendido,"600,000"
26-3-2,26,3,2,Vendido,"600,000"
26-3-3,26,3,3,Vendido,"450,000"
26-3-4,26,3,4,Vendido,"450,000"
26-3-5,26,3,5,Vendido,"500,000"
26-3-6,26,3,6,Vendido,"500,000"
26-3-7,26,3,7,Vendido,"500,000"
26-3-8,26,3,8,Vendido,"500,000"
26-3-9,26,3,9,Vendido,"500,000"
26-3-10,26,3,10,Vendido,"500,000"
26-3-11,26,3,11,Vendido,"500,000"
27-1-3,27,1,3,Cancelado,"3,792,000"
27-1-4,27,1,4,Cancelado,"4,063,000"
27-2-1,27,2,1,Cancelado,"4,063,000"
27-2-2,27,2,2,Cancelado,"780,000"
27-2-10,27,2,10,Cancelado,"4,334,000"
27-2-11,27,2,11,Cancelado,"692,307"
27-3-6,27,3,6,Cancelado,0
27-1-1,27,1,1,Reserva de Propietario,"750,000"
27-1-5,27,1,5,Reserva de Propietario,"800,000"
27-1-6,27,1,6,Reserva de Propietario,"800,000"
27-1-7,27,1,7,Reserva de Propietario,"750,000"
27-1-8,27,1,8,Reserva de Propietario,"750,000"
27-1-9,27,1,9,Reserva de Propietario,"700,000"
27-1-10,27,1,10,Reserva de Propietario,"700,000"
27-1-11,27,1,11,Reserva de Propietario,"700,000"
27-2-8,27,2,8,Reserva de Propietario,"700,000"
27-1-2,27,1,2,Vendido,"700,000"
27-2-3,27,2,3,Vendido,"780,000"
27-2-4,27,2,4,Vendido,"730,000"
27-2-5,27,2,5,Vendido,"680,000"
27-2-6,27,2,6,Vendido,"680,000"
27-2-7,27,2,7,Vendido,"700,000"
27-2-9,27,2,9,Vendido,"800,000"
27-2-12,27,2,12,Vendido,"750,000"
27-2-13,27,2,13,Vendido,"800,000"
27-2-14,27,2,14,Vendido,"750,000"
27-3-1,27,3,1,Vendido,"750,000"
27-3-2,27,3,2,Vendido,"800,000"
27-3-3,27,3,3,Vendido,"800,000"
27-3-4,27,3,4,Vendido,"700,000"
27-3-5,27,3,5,Vendido,"680,000"
27-3-7,27,3,7,Vendido,"680,000"
27-3-8,27,3,8,Vendido,"700,000"
27-3-9,27,3,9,Vendido,"800,000"
27-3-10,27,3,10,Vendido,"800,000"
27-3-11,27,3,11,Vendido,"800,000"
27-3-12,27,3,12,Vendido,"800,000"
27-3-13,27,3,13,Vendido,"800,000"
27-3-14,27,3,14,Vendido,"800,000"
28-C-2,28,C,2,Bloqueo por Deuda,"680,000"
28-C-13,28,C,13,Recuperado Libre,0
28-A-7,28,A,7,Reserva de Propietario,"750,000"
28-A-8,28,A,8,Reserva de Propietario,"750,000"
28-A-9,28,A,9,Reserva de Propietario,"750,000"
28-A-10,28,A,10,Reserva de Propietario,"750,000"
28-A-1,28,A,1,Vendido,"550,000"
28-A-2,28,A,2,Vendido,"500,000"
28-A-3,28,A,3,Vendido,"500,000"
28-A-4,28,A,4,Vendido,"550,000"
28-A-5,28,A,5,Vendido,"650,000"
28-A-6,28,A,6,Vendido,"650,000"
28-B-1,28,B,1,Vendido,"600,000"
28-B-2,28,B,2,Vendido,"700,000"
28-B-3,28,B,3,Vendido,"780,000"
28-B-4,28,B,4,Vendido,"750,000"
28-B-5,28,B,5,Vendido,"750,000"
28-B-6,28,B,6,Vendido,"700,000"
28-B-7,28,B,7,Vendido,"830,000"
28-B-8,28,B,8,Vendido,"450,000"
28-B-9,28,B,9,Vendido,"570,000"
28-B-10,28,B,10,Vendido,"650,000"
28-B-11,28,B,11,Vendido,"550,000"
28-B-12,28,B,12,Vendido,"500,000"
28-B-13,28,B,13,Vendido,"500,000"
28-B-14,28,B,14,Vendido,"650,000"
28-C-1,28,C,1,Vendido,"700,000"
28-C-3,28,C,3,Vendido,"680,000"
28-C-4,28,C,4,Vendido,"750,000"
28-C-5,28,C,5,Vendido,"730,000"
28-C-6,28,C,6,Vendido,"750,000"
28-C-7,28,C,7,Vendido,"750,000"
28-C-8,28,C,8,Vendido,"800,000"
28-C-9,28,C,9,Vendido,"730,000"
28-C-10,28,C,10,Vendido,"680,000"
28-C-11,28,C,11,Vendido,"700,000"
28-C-12,28,C,12,Vendido,"650,000"
28-C-14,28,C,14,Vendido,"600,000"
29-1-6,29,1,6,Cancelado,"450,000"
29-1-1,29,1,1,Vendido,"600,000"
29-1-2,29,1,2,Vendido,"450,000"
29-1-3,29,1,3,Vendido,"500,000"
29-1-4,29,1,4,Vendido,"550,000"
29-1-5,29,1,5,Vendido,"650,000"
29-1-7,29,1,7,Vendido,"450,000"
29-1-8,29,1,8,Vendido,"600,000"
29-1-9,29,1,9,Vendido,"750,000"
29-1-10,29,1,10,Vendido,"650,000"
29-1-11,29,1,11,Vendido,"650,000"
29-1-12,29,1,12,Vendido,"650,000"
29-1-13,29,1,13,Vendido,"650,000"
29-1-14,29,1,14,Vendido,"650,000"
29-1-15,29,1,15,Vendido,"650,000"
29-1-16,29,1,16,Vendido,"700,000"
29-2-1,29,2,1,Vendido,"750,000"
29-2-2,29,2,2,Vendido,"700,000"
29-2-3,29,2,3,Vendido,"700,000"
29-2-4,29,2,4,Vendido,"700,000"
29-2-5,29,2,5,Vendido,"700,000"
29-2-6,29,2,6,Vendido,"700,000"
29-2-7,29,2,7,Vendido,"700,000"
29-2-8,29,2,8,Vendido,"700,000"
29-2-9,29,2,9,Vendido,"800,000"
29-2-10,29,2,10,Vendido,"700,000"
29-2-11,29,2,11,Vendido,"600,000"
29-2-12,29,2,12,Vendido,"700,000"
29-2-13,29,2,13,Vendido,"650,000"
29-2-14,29,2,14,Vendido,"600,000"
29-2-15,29,2,15,Vendido,"650,000"
29-2-16,29,2,16,Vendido,"650,000"
29-2-17,29,2,17,Vendido,"600,000"
29-2-18,29,2,18,Vendido,"650,000"
3-C-19,3,C,19,Bloqueo por Deuda,"520,000"
3-C-12,3,C,12,Bloqueado,"700,000"
3-D-2,3,D,2,Bloqueado,0
3-D-3,3,D,3,Bloqueado,"1,000,000"
3-E-1,3,E,1,Bloqueado,"1,200,000"
3-E-4,3,E,4,Bloqueado,"570,000"
3-B-1,3,B,1,Cancelado,"770,000"
3-B-2,3,B,2,Cancelado,"2,167,000"
3-B-8,3,B,8,Cancelado,"570,000"
3-C-1,3,C,1,Cancelado,"750,000"
3-C-7,3,C,7,Cancelado,"350,000"
3-C-10,3,C,10,Cancelado,"420,000"
3-C-13,3,C,13,Cancelado,"600,000"
3-C-14,3,C,14,Cancelado,"420,000"
3-D-11,3,D,11,Cancelado,"420,000"
3-D-12,3,D,12,Cancelado,"420,000"
3-D-13,3,D,13,Cancelado,"440,000"
3-D-14,3,D,14,Cancelado,"400,000"
3-D-15,3,D,15,Cancelado,"400,000"
3-E-6,3,E,6,Cancelado,"570,000"
3-E-8,3,E,8,Cancelado,"470,000"
3-E-9,3,E,9,Cancelado,"450,000"
3-E-10,3,E,10,Cancelado,"450,000"
3-E-16,3,E,16,Cancelado,"380,000"
3-A-1,3,A,1,Reserva de Propietario,"870,000"
3-A-2,3,A,2,Reserva de Propietario,"820,000"
3-A-3,3,A,3,Reserva de Propietario,"1,100,000"
3-A-5,3,A,5,Reserva de Propietario,"1,100,000"
3-A-14,3,A,14,Reserva de Propietario,"720,000"
3-A-15,3,A,15,Reserva de Propietario,"720,000"
3-B-4,3,B,4,Reserva de Propietario,"1,000,000"
3-B-5,3,B,5,Reserva de Propietario,"750,000"
3-B-6,3,B,6,Reserva de Propietario,"770,000"
3-C-2,3,C,2,Reserva de Propietario,"1,000,000"
3-C-3,3,C,3,Reserva de Propietario,"1,000,000"
3-C-4,3,C,4,Reserva de Propietario,"1,000,000"
3-C-5,3,C,5,Reserva de Propietario,"1,000,000"
3-B-3,3,B,3,Escriturado,"720,000"
3-B-17,3,B,17,Escriturado,"550,000"
3-B-18,3,B,18,Escriturado,"35,751,000"
3-C-21,3,C,21,Escriturado,"700,000"
3-D-20,3,D,20,Escriturado,"370,000"
3-D-21,3,D,21,Escriturado,"370,000"
3-E-5,3,E,5,Escriturado,"570,000"
3-E-7,3,E,7,Escriturado,"670,000"
3-E-15,3,E,15,Escriturado,"400,000"
3-A-4,3,A,4,Vendido,"1,100,000"
3-A-6,3,A,6,Vendido,"870,000"
3-A-8,3,A,8,Vendido,"630,000"
3-A-9,3,A,9,Vendido,"650,000"
3-A-10,3,A,10,Vendido,"1,000,000"
3-A-11,3,A,11,Vendido,"650,000"
3-A-12,3,A,12,Vendido,"650,000"
3-A-13,3,A,13,Vendido,"650,000"
3-B-7,3,B,7,Vendido,"570,000"
3-B-9,3,B,9,Vendido,"570,000"
3-B-10,3,B,10,Vendido,"550,000"
3-B-11,3,B,11,Vendido,"530,000"
3-B-12,3,B,12,Vendido,"530,000"
3-B-13,3,B,13,Vendido,"530,000"
3-B-14,3,B,14,Vendido,"530,000"
3-B-16,3,B,16,Vendido,"550,000"
3-C-6,3,C,6,Vendido,"840,000"
3-C-8,3,C,8,Vendido,"350,000"
3-C-9,3,C,9,Vendido,"420,000"
3-C-11,3,C,11,Vendido,"450,000"
3-C-15,3,C,15,Vendido,"420,000"
3-C-16,3,C,16,Vendido,"420,000"
3-C-17,3,C,17,Vendido,"500,000"
3-C-18,3,C,18,Vendido,"520,000"
3-C-20,3,C,20,Vendido,"520,000"
3-D-1,3,D,1,Vendido,"650,000"
3-D-4,3,D,4,Vendido,"670,000"
3-D-5,3,D,5,Vendido,"690,000"
3-D-6,3,D,6,Vendido,"720,000"
3-D-7,3,D,7,Vendido,"420,000"
3-D-8,3,D,8,Vendido,"420,000"
3-D-9,3,D,9,Vendido,"420,000"
3-D-10,3,D,10,Vendido,"420,000"
3-D-17,3,D,17,Vendido,"400,000"
3-D-18,3,D,18,Vendido,"440,000"
3-D-19,3,D,19,Vendido,"350,000"
3-D-22,3,D,22,Vendido,"350,000"
3-D-23,3,D,23,Vendido,"300,000"
3-D-24,3,D,24,Vendido,"300,000"
3-E-2,3,E,2,Vendido,"570,000"
3-E-11,3,E,11,Vendido,"380,000"
3-E-12,3,E,12,Vendido,"380,000"
3-E-13,3,E,13,Vendido,"420,000"
3-E-14,3,E,14,Vendido,"400,000"
3-E-17,3,E,17,Vendido,"400,000"
3-B-15,3,B,15,No disponible para la venta,"650,000"
3-D-16,3,D,16,No disponible para la venta,"700,000"
3-E-3,3,E,3,No disponible para la venta,0
30-1-7,30,1,7,Cancelado,"325,000"
30-2-18,30,2,18,Cancelado,"380,000"
30-3-5,30,3,5,Cancelado,"1,273,000"
30-3-6,30,3,6,Cancelado,"430,000"
30-4-9,30,4,9,Cancelado,"18,850,000"
30-4-11,30,4,11,Cancelado,"1,275,000"
30-4-12,30,4,12,Cancelado,"1,275,000"
30-1-1,30,1,1,Vendido,"295,000"
30-1-2,30,1,2,Vendido,"350,000"
30-1-3,30,1,3,Vendido,"290,000"
30-1-4,30,1,4,Vendido,"330,000"
30-1-5,30,1,5,Vendido,"330,000"
30-1-6,30,1,6,Vendido,"290,000"
30-1-8,30,1,8,Vendido,"305,000"
30-1-9,30,1,9,Vendido,"380,000"
30-1-10,30,1,10,Vendido,"380,000"
30-1-11,30,1,11,Vendido,"425,000"
30-1-12,30,1,12,Vendido,"405,000"
30-1-13,30,1,13,Vendido,"405,000"
30-1-14,30,1,14,Vendido,"405,000"
30-1-15,30,1,15,Vendido,"435,000"
30-1-16,30,1,16,Vendido,"435,000"
30-1-32A,30,1,32A,Vendido,"450,000"
30-2-1,30,2,1,Vendido,"400,000"
30-2-2,30,2,2,Vendido,"250,000"
30-2-3,30,2,3,Vendido,"290,000"
30-2-4,30,2,4,Vendido,"320,000"
30-2-5,30,2,5,Vendido,"290,000"
30-2-6,30,2,6,Vendido,"290,000"
30-2-7,30,2,7,Vendido,"290,000"
30-2-8,30,2,8,Vendido,"350,000"
30-2-9,30,2,9,Vendido,"370,000"
30-2-10,30,2,10,Vendido,"425,000"
30-2-11,30,2,11,Vendido,"405,000"
30-2-12,30,2,12,Vendido,"410,000"
30-2-13,30,2,13,Vendido,"405,000"
30-2-14,30,2,14,Vendido,"405,000"
30-2-15,30,2,15,Vendido,"430,000"
30-2-16,30,2,16,Vendido,"425,000"
30-2-17,30,2,17,Vendido,"405,000"
30-3-2,30,3,2,Vendido,"235,000"
30-3-3,30,3,3,Vendido,"320,000"
30-3-4,30,3,4,Vendido,"320,000"
30-3-7,30,3,7,Vendido,"350,000"
30-3-8,30,3,8,Vendido,"235,000"
30-3-9,30,3,9,Vendido,"270,000"
30-3-10,30,3,10,Vendido,"330,000"
30-3-11,30,3,11,Vendido,"330,000"
30-4-1,30,4,1,Vendido,"235,000"
30-4-2,30,4,2,Vendido,"225,000"
30-4-3,30,4,3,Vendido,"225,000"
30-4-4,30,4,4,Vendido,"225,000"
30-4-5,30,4,5,Vendido,"225,000"
30-4-6,30,4,6,Vendido,"320,000"
30-4-7,30,4,7,Vendido,"370,000"
30-4-8,30,4,8,Vendido,"290,000"
30-4-10,30,4,10,Vendido,"340,000"
30-4-13,30,4,13,Vendido,"235,000"
30-4-14,30,4,14,Vendido,"350,000"
30-4-15,30,4,15,Vendido,"235,000"
30-4-16,30,4,16,Vendido,"235,000"
30-4-17,30,4,17,Vendido,"400,000"
30-4-18,30,4,18,Vendido,"270,000"
31-1-13,31,1,13,Bloqueo por Deuda,"570,000"
31-1-7,31,1,7,Cancelado,"1,100,000"
31-1-8,31,1,8,Cancelado,"700,000"
31-1-9,31,1,9,Cancelado,"700,000"
31-1-10,31,1,10,Recuperado Libre,0
31-1-1,31,1,1,Vendido,"1,100,000"
31-1-2,31,1,2,Vendido,"1,000,000"
31-1-3,31,1,3,Vendido,"1,000,000"
31-1-4,31,1,4,Vendido,"900,000"
31-1-5,31,1,5,Vendido,"1,100,000"
31-1-6,31,1,6,Vendido,"1,100,000"
31-1-11,31,1,11,Vendido,"600,000"
31-1-12,31,1,12,Vendido,"600,000"
31-1-14,31,1,14,Vendido,"600,000"
31-1-15,31,1,15,Vendido,"700,000"
31-1-16,31,1,16,Vendido,"800,000"
32-4-8,32,4,8,Cancelado,"600,000"
32-4-13,32,4,13,Cancelado,"650,000"
32-4-14,32,4,14,Cancelado,"700,000"
32-5-12,32,5,12,Cancelado,"3,521,000"
32-6-13,32,6,13,Cancelado,"650,000"
32-9-8,32,9,8,Cancelado,"4,063,000"
32-9-9,32,9,9,Cancelado,"4,063,000"
32-9-10,32,9,10,Cancelado,"9,746,000"
32-9-11,32,9,11,Cancelado,"55,250,000"
32-10-1,32,10,1,Cancelado,"650,000"
32-10-2,32,10,2,Cancelado,"600,000"
32-10-3,32,10,3,Cancelado,"600,000"
32-10-4,32,10,4,Cancelado,"600,000"
32-10-5,32,10,5,Cancelado,"600,000"
32-10-6,32,10,6,Cancelado,"4,334,000"
32-10-7,32,10,7,Cancelado,"650,000"
32-10-8,32,10,8,Cancelado,"650,000"
32-10-9,32,10,9,Cancelado,"700,000"
32-10-10,32,10,10,Cancelado,"600,000"
32-10-11,32,10,11,Cancelado,"600,000"
32-10-12,32,10,12,Cancelado,"600,000"
32-10-13,32,10,13,Cancelado,"650,000"
32-10-14,32,10,14,Cancelado,"700,000"
32-12-2,32,12,2,Cancelado,"550,000"
32-12-3,32,12,3,Cancelado,"550,000"
32-12-6,32,12,6,Cancelado,"700,000"
32-12-7,32,12,7,Cancelado,"650,000"
32-1-5,32,1,5,Libre (R),"750,000"
32-1-6,32,1,6,Libre (R),"750,000"
32-4-7,32,4,7,Libre (R),"520,000"
32-5-2,32,5,2,Libre (R),"600,000"
32-5-9,32,5,9,Libre (R),"550,000"
32-13-6,32,13,6,Libre (R),"750,000"
32-4-6,32,4,6,Libre,"520,000"
32-4-11,32,4,11,Libre,"800,000"
32-5-14,32,5,14,Libre,"680,000"
32-7-7,32,7,7,Libre,"600,000"
32-7-10,32,7,10,Libre,"800,000"
32-8-1,32,8,1,Libre,"800,000"
32-8-5,32,8,5,Libre,"750,000"
32-1-1,32,1,1,Vendido,"850,000"
32-1-2,32,1,2,Vendido,"700,000"
32-1-3,32,1,3,Vendido,"700,000"
32-1-4,32,1,4,Vendido,"700,000"
32-3-1,32,3,1,Vendido,"650,000"
32-3-2,32,3,2,Vendido,"550,000"
32-3-3,32,3,3,Vendido,"550,000"
32-3-4,32,3,4,Vendido,"550,000"
32-3-5,32,3,5,Vendido,"550,000"
32-3-6,32,3,6,Vendido,"650,000"
32-4-1,32,4,1,Vendido,"700,000"
32-4-2,32,4,2,Vendido,"650,000"
32-4-3,32,4,3,Vendido,"650,000"
32-4-4,32,4,4,Vendido,"650,000"
32-4-5,32,4,5,Vendido,"550,000"
32-4-9,32,4,9,Vendido,"550,000"
32-4-10,32,4,10,Vendido,"550,000"
32-4-12,32,4,12,Vendido,"650,000"
32-5-3,32,5,3,Vendido,"300,000"
32-5-4,32,5,4,Vendido,"550,000"
32-5-5,32,5,5,Vendido,"500,000"
32-5-6,32,5,6,Vendido,"550,000"
32-5-7,32,5,7,Vendido,"550,000"
32-5-8,32,5,8,Vendido,"550,000"
32-5-10,32,5,10,Vendido,"600,000"
32-5-11,32,5,11,Vendido,"500,000"
32-5-13,32,5,13,Vendido,"660,000"
32-6-1,32,6,1,Vendido,"700,000"
32-6-2,32,6,2,Vendido,"500,000"
32-6-3,32,6,3,Vendido,"500,000"
32-6-4,32,6,4,Vendido,"500,000"
32-6-5,32,6,5,Vendido,"600,000"
32-6-6,32,6,6,Vendido,"600,000"
32-6-7,32,6,7,Vendido,"550,000"
32-6-8,32,6,8,Vendido,"550,000"
32-6-9,32,6,9,Vendido,"550,000"
32-6-10,32,6,10,Vendido,"700,000"
32-6-11,32,6,11,Vendido,"650,000"
32-6-12,32,6,12,Vendido,"650,000"
32-7-1,32,7,1,Vendido,"700,000"
32-7-2,32,7,2,Vendido,"550,000"
32-7-3,32,7,3,Vendido,"600,000"
32-7-4,32,7,4,Vendido,"600,000"
32-7-5,32,7,5,Vendido,"650,000"
32-7-6,32,7,6,Vendido,"600,000"
32-7-8,32,7,8,Vendido,"600,000"
32-7-9,32,7,9,Vendido,"550,000"
32-7-11,32,7,11,Vendido,"650,000"
32-7-12,32,7,12,Vendido,"650,000"
32-7-13,32,7,13,Vendido,"650,000"
32-8-3,32,8,3,Vendido,"800,000"
32-8-4,32,8,4,Vendido,"850,000"
32-8-6,32,8,6,Vendido,"750,000"
32-8-7,32,8,7,Vendido,"750,000"
32-9-1,32,9,1,Vendido,"660,000"
32-9-2,32,9,2,Vendido,"650,000"
32-9-3,32,9,3,Vendido,"650,000"
32-9-4,32,9,4,Vendido,"650,000"
32-9-5,32,9,5,Vendido,"650,000"
32-9-6,32,9,6,Vendido,"650,000"
32-9-7,32,9,7,Vendido,"800,000"
32-9-12,32,9,12,Vendido,"850,000"
32-9-13,32,9,13,Vendido,"900,000"
32-9-14,32,9,14,Vendido,"900,000"
32-9-15,32,9,15,Vendido,"900,000"
32-9-16,32,9,16,Vendido,"900,000"
32-11-1,32,11,1,Vendido,"650,000"
32-11-2,32,11,2,Vendido,"550,000"
32-11-3,32,11,3,Vendido,"550,000"
32-11-4,32,11,4,Vendido,"550,000"
32-11-5,32,11,5,Vendido,"550,000"
32-11-6,32,11,6,Vendido,"700,000"
32-11-7,32,11,7,Vendido,"650,000"
32-11-8,32,11,8,Vendido,"650,000"
32-11-9,32,11,9,Vendido,"700,000"
32-11-10,32,11,10,Vendido,"550,000"
32-11-11,32,11,11,Vendido,"550,000"
32-11-12,32,11,12,Vendido,"550,000"
32-11-13,32,11,13,Vendido,"550,000"
32-11-14,32,11,14,Vendido,"600,000"
32-12-1,32,12,1,Vendido,"700,000"
32-12-4,32,12,4,Vendido,"550,000"
32-12-5,32,12,5,Vendido,"550,000"
32-12-8,32,12,8,Vendido,"650,000"
32-12-9,32,12,9,Vendido,"700,000"
32-12-10,32,12,10,Vendido,"550,000"
32-12-11,32,12,11,Vendido,"550,000"
32-12-12,32,12,12,Vendido,"2,980,000"
32-12-13,32,12,13,Vendido,"550,000"
32-12-14,32,12,14,Vendido,"600,000"
32-13-1,32,13,1,Vendido,"700,000"
32-13-2,32,13,2,Vendido,"600,000"
32-13-3,32,13,3,Vendido,"600,000"
32-13-4,32,13,4,Vendido,"600,000"
32-13-5,32,13,5,Vendido,"600,000"
32-13-7,32,13,7,Vendido,"650,000"
32-13-8,32,13,8,Vendido,"650,000"
32-13-9,32,13,9,Vendido,"700,000"
32-13-10,32,13,10,Vendido,"600,000"
32-13-11,32,13,11,Vendido,"600,000"
32-13-12,32,13,12,Vendido,"600,000"
32-13-13,32,13,13,Vendido,"600,000"
32-13-14,32,13,14,Vendido,"650,000"
32-5-1,32,5,1,No disponible para la venta,"750,000"
33-1-5,33,1,5,Cancelado,"365,000"
33-2-13,33,2,13,Cancelado,"780,000"
33-3-11,33,3,11,Cancelado,"1,115,000"
33-8-7,33,8,7,Cancelado,"13,000,000"
33-8-8,33,8,8,Cancelado,"200,000"
33-8-9,33,8,9,Cancelado,"190,000"
33-9-12,33,9,12,Cancelado,"1,825,000"
33-11-13,33,11,13,Cancelado,"200,000"
33-12-3,33,12,3,Cancelado,"4,000,000"
33-12-10,33,12,10,Cancelado,"250,000"
33-13-1,33,13,1,Cancelado,"380,000"
33-13-6,33,13,6,Cancelado,"350,000"
33-13-7,33,13,7,Cancelado,"380,000"
33-13-11,33,13,11,Cancelado,"400,000"
33-13-12,33,13,12,Cancelado,"400,000"
33-2-7,33,2,7,Recuperado Libre,0
33-3-13,33,3,13,Recuperado Libre,0
33-10-3,33,10,3,Recuperado Libre,"250,000"
33-11-14,33,11,14,Recuperado Libre,"280,000"
33-6-1,33,6,1,Reserva de Propietario,0
33-6-2,33,6,2,Reserva de Propietario,0
33-6-4,33,6,4,Reserva de Propietario,0
33-6-5,33,6,5,Reserva de Propietario,0
33-6-6,33,6,6,Reserva de Propietario,0
33-6-7,33,6,7,Reserva de Propietario,0
33-6-8,33,6,8,Reserva de Propietario,0
33-6-9,33,6,9,Reserva de Propietario,0
33-7-1,33,7,1,Reserva de Propietario,0
33-7-2,33,7,2,Reserva de Propietario,0
33-7-3,33,7,3,Reserva de Propietario,0
33-7-4,33,7,4,Reserva de Propietario,0
33-7-5,33,7,5,Reserva de Propietario,0
33-7-6,33,7,6,Reserva de Propietario,0
33-7-7,33,7,7,Reserva de Propietario,0
33-7-8,33,7,8,Reserva de Propietario,0
33-7-9,33,7,9,Reserva de Propietario,0
33-1-9,33,1,9,Libre (R),"240,000"
33-2-6,33,2,6,Libre (R),"190,000"
33-4-4,33,4,4,Libre (R),"180,000"
33-4-6,33,4,6,Libre (R),"155,000"
33-4-7,33,4,7,Libre (R),"180,000"
33-7-12,33,7,12,Libre (R),"150,000"
33-7-13,33,7,13,Libre (R),"150,000"
33-7-14,33,7,14,Libre (R),"150,000"
33-8-4,33,8,4,Libre (R),"200,000"
33-3-9,33,3,9,Reserva,"180,000"
33-7-10,33,7,10,Reserva,"150,000"
33-1-1,33,1,1,Vendido,"350,000"
33-1-2,33,1,2,Vendido,"365,000"
33-1-3,33,1,3,Vendido,"365,000"
33-1-4,33,1,4,Vendido,"260,000"
33-1-6,33,1,6,Vendido,"350,000"
33-1-7,33,1,7,Vendido,"350,000"
33-1-8,33,1,8,Vendido,"335,000"
33-1-10,33,1,10,Vendido,"280,000"
33-1-11,33,1,11,Vendido,"280,000"
33-1-12,33,1,12,Vendido,"320,000"
33-2-1,33,2,1,Vendido,"225,000"
33-2-2,33,2,2,Vendido,"190,000"
33-2-3,33,2,3,Vendido,"190,000"
33-2-4,33,2,4,Vendido,"295,000"
33-2-5,33,2,5,Vendido,"200,000"
33-2-8,33,2,8,Vendido,"210,000"
33-2-9,33,2,9,Vendido,"190,000"
33-2-10,33,2,10,Vendido,"265,000"
33-2-11,33,2,11,Vendido,"210,000"
33-2-12,33,2,12,Vendido,"190,000"
33-2-14,33,2,14,Vendido,"265,000"
33-3-1,33,3,1,Vendido,"255,000"
33-3-2,33,3,2,Vendido,"190,000"
33-3-3,33,3,3,Vendido,"190,000"
33-3-4,33,3,4,Vendido,"255,000"
33-3-5,33,3,5,Vendido,"180,000"
33-3-6,33,3,6,Vendido,"180,000"
33-3-7,33,3,7,Vendido,"180,000"
33-3-8,33,3,8,Vendido,"190,000"
33-3-10,33,3,10,Vendido,"245,000"
33-3-12,33,3,12,Vendido,"180,000"
33-3-14,33,3,14,Vendido,"245,000"
33-4-1,33,4,1,Vendido,"245,000"
33-4-2,33,4,2,Vendido,"245,000"
33-4-3,33,4,3,Vendido,"245,000"
33-4-5,33,4,5,Vendido,"220,000"
33-4-8,33,4,8,Vendido,"245,000"
33-7-11,33,7,11,Vendido,"200,000"
33-8-1,33,8,1,Vendido,"180,000"
33-8-2,33,8,2,Vendido,"170,000"
33-8-3,33,8,3,Vendido,"180,000"
33-8-5,33,8,5,Vendido,"155,000"
33-8-6,33,8,6,Vendido,"155,000"
33-8-10,33,8,10,Vendido,"155,000"
33-8-11,33,8,11,Vendido,"200,000"
33-8-12,33,8,12,Vendido,"160,000"
33-8-13,33,8,13,Vendido,"170,000"
33-8-14,33,8,14,Vendido,"170,000"
33-9-1,33,9,1,Vendido,"180,000"
33-9-2,33,9,2,Vendido,"160,000"
33-9-3,33,9,3,Vendido,"180,000"
33-9-4,33,9,4,Vendido,"170,000"
33-9-5,33,9,5,Vendido,"200,000"
33-9-6,33,9,6,Vendido,"180,000"
33-9-7,33,9,7,Vendido,"180,000"
33-9-8,33,9,8,Vendido,"170,000"
33-9-9,33,9,9,Vendido,"160,000"
33-9-10,33,9,10,Vendido,"160,000"
33-9-11,33,9,11,Vendido,"180,000"
33-9-13,33,9,13,Vendido,"1,696,000"
33-9-14,33,9,14,Vendido,"180,000"
33-10-1,33,10,1,Vendido,"200,000"
33-10-2,33,10,2,Vendido,"170,000"
33-10-4,33,10,4,Vendido,"180,000"
33-10-5,33,10,5,Vendido,"170,000"
33-10-6,33,10,6,Vendido,"200,000"
33-10-7,33,10,7,Vendido,"170,000"
33-10-8,33,10,8,Vendido,"250,000"
33-10-9,33,10,9,Vendido,"170,000"
33-10-10,33,10,10,Vendido,"250,000"
33-10-11,33,10,11,Vendido,"240,000"
33-10-12,33,10,12,Vendido,"200,000"
33-10-13,33,10,13,Vendido,"250,000"
33-10-14,33,10,14,Vendido,"160,000"
33-11-1,33,11,1,Vendido,"250,000"
33-11-2,33,11,2,Vendido,"200,000"
33-11-3,33,11,3,Vendido,"200,000"
33-11-4,33,11,4,Vendido,"270,000"
33-11-5,33,11,5,Vendido,"220,000"
33-11-6,33,11,6,Vendido,"220,000"
33-11-7,33,11,7,Vendido,"220,000"
33-11-8,33,11,8,Vendido,"240,000"
33-11-9,33,11,9,Vendido,"200,000"
33-11-10,33,11,10,Vendido,"220,000"
33-11-11,33,11,11,Vendido,"230,000"
33-11-12,33,11,12,Vendido,"200,000"
33-12-1,33,12,1,Vendido,"300,000"
33-12-2,33,12,2,Vendido,"250,000"
33-12-4,33,12,4,Vendido,"280,000"
33-12-5,33,12,5,Vendido,"250,000"
33-12-6,33,12,6,Vendido,"250,000"
33-12-7,33,12,7,Vendido,"250,000"
33-12-8,33,12,8,Vendido,"300,000"
33-12-9,33,12,9,Vendido,"250,000"
33-12-11,33,12,11,Vendido,"320,000"
33-12-12,33,12,12,Vendido,"320,000"
33-12-13,33,12,13,Vendido,"300,000"
33-12-14,33,12,14,Vendido,"250,000"
33-13-2,33,13,2,Vendido,"350,000"
33-13-3,33,13,3,Vendido,"350,000"
33-13-4,33,13,4,Vendido,"370,000"
33-13-5,33,13,5,Vendido,"400,000"
33-13-8,33,13,8,Vendido,"410,000"
33-13-9,33,13,9,Vendido,"400,000"
33-13-10,33,13,10,Vendido,"400,000"
33-13-13,33,13,13,Vendido,"400,000"
33-13-14,33,13,14,Vendido,"420,000"
34-24-5,34,24,5,Cancelado,"600,000"
34-41-15,34,41,15,Cancelado,"600,000"
34-41-16,34,41,16,Recuperado Libre,0
34-42-16,34,42,16,Recuperado Libre,0
34-1-1,34,1,1,Reserva de Propietario,0
34-1-2,34,1,2,Reserva de Propietario,0
34-1-3,34,1,3,Reserva de Propietario,0
34-1-4,34,1,4,Reserva de Propietario,0
34-1-5,34,1,5,Reserva de Propietario,0
34-1-6,34,1,6,Reserva de Propietario,0
34-1-7,34,1,7,Reserva de Propietario,0
34-1-8,34,1,8,Reserva de Propietario,0
34-1-9,34,1,9,Reserva de Propietario,0
34-1-10,34,1,10,Reserva de Propietario,0
34-1-11,34,1,11,Reserva de Propietario,0
34-1-12,34,1,12,Reserva de Propietario,0
34-1-13,34,1,13,Reserva de Propietario,0
34-1-14,34,1,14,Reserva de Propietario,0
34-1-15,34,1,15,Reserva de Propietario,0
34-1-16,34,1,16,Reserva de Propietario,0
34-1-17,34,1,17,Reserva de Propietario,0
34-1-18,34,1,18,Reserva de Propietario,0
34-1-19,34,1,19,Reserva de Propietario,0
34-1-20,34,1,20,Reserva de Propietario,0
34-1-21,34,1,21,Reserva de Propietario,0
34-2-1,34,2,1,Reserva de Propietario,0
34-2-2,34,2,2,Reserva de Propietario,0
34-2-3,34,2,3,Reserva de Propietario,0
34-2-5,34,2,5,Reserva de Propietario,0
34-2-6,34,2,6,Reserva de Propietario,0
34-2-7,34,2,7,Reserva de Propietario,0
34-2-8,34,2,8,Reserva de Propietario,0
34-2-9,34,2,9,Reserva de Propietario,0
34-2-10,34,2,10,Reserva de Propietario,0
34-2-11,34,2,11,Reserva de Propietario,0
34-2-12,34,2,12,Reserva de Propietario,0
34-2-13,34,2,13,Reserva de Propietario,0
34-2-14,34,2,14,Reserva de Propietario,0
34-2-15,34,2,15,Reserva de Propietario,0
34-2-16,34,2,16,Reserva de Propietario,0
34-2-17,34,2,17,Reserva de Propietario,0
34-2-18,34,2,18,Reserva de Propietario,0
34-2-19,34,2,19,Reserva de Propietario,0
34-2-20,34,2,20,Reserva de Propietario,0
34-2-21,34,2,21,Reserva de Propietario,0
34-2-22,34,2,22,Reserva de Propietario,0
34-2-23,34,2,23,Reserva de Propietario,0
34-3-1,34,3,1,Reserva de Propietario,0
34-3-2,34,3,2,Reserva de Propietario,0
34-3-3,34,3,3,Reserva de Propietario,0
34-3-4,34,3,4,Reserva de Propietario,0
34-3-5,34,3,5,Reserva de Propietario,0
34-3-6,34,3,6,Reserva de Propietario,0
34-3-7,34,3,7,Reserva de Propietario,0
34-3-8,34,3,8,Reserva de Propietario,0
34-3-9,34,3,9,Reserva de Propietario,0
34-3-10,34,3,10,Reserva de Propietario,0
34-3-11,34,3,11,Reserva de Propietario,0
34-3-12,34,3,12,Reserva de Propietario,0
34-3-13,34,3,13,Reserva de Propietario,0
34-5-1,34,5,1,Reserva de Propietario,0
34-5-2,34,5,2,Reserva de Propietario,0
34-5-3,34,5,3,Reserva de Propietario,0
34-5-4,34,5,4,Reserva de Propietario,0
34-5-5,34,5,5,Reserva de Propietario,0
34-5-6,34,5,6,Reserva de Propietario,0
34-5-7,34,5,7,Reserva de Propietario,0
34-5-8,34,5,8,Reserva de Propietario,0
34-5-9,34,5,9,Reserva de Propietario,0
34-5-10,34,5,10,Reserva de Propietario,0
34-5-11,34,5,11,Reserva de Propietario,0
34-5-12,34,5,12,Reserva de Propietario,0
34-5-13,34,5,13,Reserva de Propietario,0
34-5-14,34,5,14,Reserva de Propietario,0
34-5-15,34,5,15,Reserva de Propietario,0
34-5-16,34,5,16,Reserva de Propietario,0
34-5-17,34,5,17,Reserva de Propietario,0
34-5-18,34,5,18,Reserva de Propietario,0
34-5-19,34,5,19,Reserva de Propietario,0
34-5-20,34,5,20,Reserva de Propietario,0
34-5-21,34,5,21,Reserva de Propietario,0
34-5-22,34,5,22,Reserva de Propietario,0
34-5-23,34,5,23,Reserva de Propietario,0
34-6-1,34,6,1,Reserva de Propietario,0
34-6-2,34,6,2,Reserva de Propietario,0
34-6-3,34,6,3,Reserva de Propietario,0
34-6-4,34,6,4,Reserva de Propietario,0
34-6-5,34,6,5,Reserva de Propietario,0
34-6-6,34,6,6,Reserva de Propietario,0
34-6-7,34,6,7,Reserva de Propietario,0
34-6-8,34,6,8,Reserva de Propietario,0
34-6-9,34,6,9,Reserva de Propietario,0
34-6-10,34,6,10,Reserva de Propietario,0
34-6-11,34,6,11,Reserva de Propietario,0
34-6-12,34,6,12,Reserva de Propietario,0
34-6-13,34,6,13,Reserva de Propietario,0
34-6-14,34,6,14,Reserva de Propietario,0
34-6-15,34,6,15,Reserva de Propietario,0
34-6-16,34,6,16,Reserva de Propietario,0
34-6-17,34,6,17,Reserva de Propietario,0
34-6-18,34,6,18,Reserva de Propietario,0
34-7-1,34,7,1,Reserva de Propietario,0
34-7-2,34,7,2,Reserva de Propietario,0
34-7-3,34,7,3,Reserva de Propietario,0
34-7-4,34,7,4,Reserva de Propietario,0
34-7-5,34,7,5,Reserva de Propietario,0
34-7-6,34,7,6,Reserva de Propietario,0
34-7-7,34,7,7,Reserva de Propietario,0
34-7-8,34,7,8,Reserva de Propietario,0
34-7-9,34,7,9,Reserva de Propietario,0
34-7-10,34,7,10,Reserva de Propietario,0
34-7-11,34,7,11,Reserva de Propietario,0
34-7-12,34,7,12,Reserva de Propietario,0
34-7-13,34,7,13,Reserva de Propietario,0
34-8-1,34,8,1,Reserva de Propietario,0
34-8-2,34,8,2,Reserva de Propietario,0
34-8-3,34,8,3,Reserva de Propietario,0
34-8-4,34,8,4,Reserva de Propietario,0
34-8-5,34,8,5,Reserva de Propietario,0
34-8-6,34,8,6,Reserva de Propietario,0
34-8-7,34,8,7,Reserva de Propietario,0
34-8-8,34,8,8,Reserva de Propietario,0
34-8-9,34,8,9,Reserva de Propietario,0
34-8-10,34,8,10,Reserva de Propietario,0
34-8-11,34,8,11,Reserva de Propietario,0
34-8-12,34,8,12,Reserva de Propietario,0
34-8-13,34,8,13,Reserva de Propietario,0
34-8-14,34,8,14,Reserva de Propietario,0
34-9-1,34,9,1,Reserva de Propietario,0
34-9-2,34,9,2,Reserva de Propietario,0
34-9-3,34,9,3,Reserva de Propietario,0
34-9-4,34,9,4,Reserva de Propietario,0
34-9-5,34,9,5,Reserva de Propietario,0
34-9-6,34,9,6,Reserva de Propietario,0
34-9-7,34,9,7,Reserva de Propietario,0
34-9-8,34,9,8,Reserva de Propietario,0
34-9-9,34,9,9,Reserva de Propietario,0
34-9-10,34,9,10,Reserva de Propietario,0
34-9-11,34,9,11,Reserva de Propietario,0
34-9-12,34,9,12,Reserva de Propietario,0
34-9-13,34,9,13,Reserva de Propietario,0
34-9-14,34,9,14,Reserva de Propietario,0
34-9-15,34,9,15,Reserva de Propietario,0
34-9-16,34,9,16,Reserva de Propietario,0
34-9-17,34,9,17,Reserva de Propietario,0
34-9-18,34,9,18,Reserva de Propietario,0
34-9-19,34,9,19,Reserva de Propietario,0
34-9-20,34,9,20,Reserva de Propietario,0
34-9-21,34,9,21,Reserva de Propietario,0
34-9-22,34,9,22,Reserva de Propietario,0
34-9-23,34,9,23,Reserva de Propietario,0
34-9-24,34,9,24,Reserva de Propietario,0
34-9-25,34,9,25,Reserva de Propietario,0
34-9-26,34,9,26,Reserva de Propietario,0
34-9-27,34,9,27,Reserva de Propietario,0
34-9-28,34,9,28,Reserva de Propietario,0
34-9-29,34,9,29,Reserva de Propietario,0
34-9-30,34,9,30,Reserva de Propietario,0
34-9-31,34,9,31,Reserva de Propietario,0
34-9-32,34,9,32,Reserva de Propietario,0
34-9-33,34,9,33,Reserva de Propietario,0
34-9-34,34,9,34,Reserva de Propietario,0
34-9-35,34,9,35,Reserva de Propietario,0
34-13-1,34,13,1,Reserva de Propietario,0
34-13-2,34,13,2,Reserva de Propietario,0
34-13-3,34,13,3,Reserva de Propietario,0
34-13-4,34,13,4,Reserva de Propietario,0
34-13-5,34,13,5,Reserva de Propietario,0
34-13-6,34,13,6,Reserva de Propietario,0
34-13-7,34,13,7,Reserva de Propietario,0
34-13-8,34,13,8,Reserva de Propietario,0
34-13-9,34,13,9,Reserva de Propietario,0
34-13-10,34,13,10,Reserva de Propietario,0
34-13-11,34,13,11,Reserva de Propietario,0
34-13-12,34,13,12,Reserva de Propietario,0
34-14-1,34,14,1,Reserva de Propietario,0
34-14-2,34,14,2,Reserva de Propietario,0
34-14-3,34,14,3,Reserva de Propietario,0
34-14-4,34,14,4,Reserva de Propietario,0
34-14-5,34,14,5,Reserva de Propietario,0
34-14-6,34,14,6,Reserva de Propietario,0
34-14-7,34,14,7,Reserva de Propietario,0
34-14-8,34,14,8,Reserva de Propietario,0
34-14-9,34,14,9,Reserva de Propietario,0
34-14-10,34,14,10,Reserva de Propietario,0
34-14-11,34,14,11,Reserva de Propietario,0
34-14-12,34,14,12,Reserva de Propietario,0
34-10-14,34,10,14,Libre (R),"1,600,000"
34-12-7,34,12,7,Libre (R),"900,000"
34-12-9,34,12,9,Libre (R),"900,000"
34-12-14,34,12,14,Libre (R),"1,600,000"
34-12-15,34,12,15,Libre (R),"900,000"
34-16-5,34,16,5,Libre (R),"800,000"
34-16-7,34,16,7,Libre (R),"800,000"
34-16-8,34,16,8,Libre (R),"800,000"
34-16-11,34,16,11,Libre (R),"800,000"
34-16-19,34,16,19,Libre (R),"800,000"
34-17-11,34,17,11,Libre (R),"1,100,000"
34-23-12,34,23,12,Libre (R),"800,000"
34-23-24,34,23,24,Libre (R),"800,000"
34-26-11,34,26,11,Libre (R),"1,700,000"
34-40-17,34,40,17,Libre (R),"900,000"
34-40-18,34,40,18,Libre (R),"900,000"
34-40-31,34,40,31,Libre (R),"1,000,000"
34-41-23,34,41,23,Libre (R),"900,000"
34-41-25,34,41,25,Libre (R),"900,000"
34-42-12,34,42,12,Libre (R),"800,000"
34-42-19,34,42,19,Libre (R),"800,000"
34-42-20,34,42,20,Libre (R),"800,000"
34-42-21,34,42,21,Libre (R),"800,000"
34-42-22,34,42,22,Libre (R),"800,000"
34-44-1,34,44,1,Libre (R),"800,000"
34-44-2,34,44,2,Libre (R),"800,000"
34-44-3,34,44,3,Libre (R),"800,000"
34-44-16,34,44,16,Libre (R),"800,000"
34-46-10,34,46,10,Libre (R),"700,000"
34-46-11,34,46,11,Libre (R),"700,000"
34-48-10,34,48,10,Libre (R),"800,000"
34-48-16,34,48,16,Libre (R),"1,000,000"
34-2-4,34,2,4,Libre,0
34-10-3,34,10,3,Libre,"900,000"
34-10-4,34,10,4,Libre,"900,000"
34-10-5,34,10,5,Libre,"900,000"
34-10-6,34,10,6,Libre,"900,000"
34-10-7,34,10,7,Libre,"900,000"
34-10-8,34,10,8,Libre,"900,000"
34-10-9,34,10,9,Libre,"900,000"
34-10-10,34,10,10,Libre,"900,000"
34-10-13,34,10,13,Libre,"1,600,000"
34-10-15,34,10,15,Libre,"900,000"
34-10-16,34,10,16,Libre,"900,000"
34-10-17,34,10,17,Libre,"900,000"
34-10-18,34,10,18,Libre,"900,000"
34-10-19,34,10,19,Libre,"900,000"
34-10-20,34,10,20,Libre,"900,000"
34-10-21,34,10,21,Libre,"900,000"
34-10-22,34,10,22,Libre,"900,000"
34-10-23,34,10,23,Libre,"900,000"
34-11-2,34,11,2,Libre,"900,000"
34-11-3,34,11,3,Libre,"900,000"
34-11-4,34,11,4,Libre,"900,000"
34-11-5,34,11,5,Libre,"900,000"
34-11-6,34,11,6,Libre,"900,000"
34-11-7,34,11,7,Libre,"900,000"
34-11-8,34,11,8,Libre,"900,000"
34-11-9,34,11,9,Libre,"900,000"
34-11-10,34,11,10,Libre,"900,000"
34-11-11,34,11,11,Libre,"900,000"
34-11-13,34,11,13,Libre,"1,600,000"
34-11-15,34,11,15,Libre,"900,000"
34-11-16,34,11,16,Libre,"900,000"
34-11-17,34,11,17,Libre,"900,000"
34-11-18,34,11,18,Libre,"900,000"
34-11-19,34,11,19,Libre,"900,000"
34-11-20,34,11,20,Libre,"900,000"
34-11-21,34,11,21,Libre,"900,000"
34-11-22,34,11,22,Libre,"900,000"
34-11-23,34,11,23,Libre,"900,000"
34-12-1,34,12,1,Libre,"900,000"
34-12-2,34,12,2,Libre,"900,000"
34-12-3,34,12,3,Libre,"900,000"
34-12-4,34,12,4,Libre,"900,000"
34-12-5,34,12,5,Libre,"900,000"
34-12-6,34,12,6,Libre,"900,000"
34-12-16,34,12,16,Libre,"900,000"
34-12-17,34,12,17,Libre,"900,000"
34-12-18,34,12,18,Libre,"900,000"
34-12-19,34,12,19,Libre,"900,000"
34-12-20,34,12,20,Libre,"900,000"
34-12-21,34,12,21,Libre,"900,000"
34-12-22,34,12,22,Libre,"900,000"
34-12-23,34,12,23,Libre,"900,000"
34-15-6,34,15,6,Libre,"1,100,000"
34-15-7,34,15,7,Libre,"1,100,000"
34-15-8,34,15,8,Libre,"1,100,000"
34-15-9,34,15,9,Libre,"1,100,000"
34-15-19,34,15,19,Libre,"1,000,000"
34-15-20,34,15,20,Libre,"1,000,000"
34-15-22,34,15,22,Libre,"1,000,000"
34-15-23,34,15,23,Libre,"1,000,000"
34-15-24,34,15,24,Libre,"1,000,000"
34-15-25,34,15,25,Libre,"1,000,000"
34-15-26,34,15,26,Libre,"1,000,000"
34-15-27,34,15,27,Libre,"1,000,000"
34-16-20,34,16,20,Libre,"800,000"
34-17-3,34,17,3,Libre,"1,100,000"
34-17-4,34,17,4,Libre,"1,100,000"
34-17-5,34,17,5,Libre,"1,100,000"
34-17-6,34,17,6,Libre,"1,100,000"
34-17-7,34,17,7,Libre,"1,100,000"
34-17-8,34,17,8,Libre,"1,100,000"
34-17-9,34,17,9,Libre,"1,100,000"
34-17-10,34,17,10,Libre,"1,100,000"
34-18-1,34,18,1,Libre,"1,000,000"
34-18-2,34,18,2,Libre,"1,000,000"
34-18-3,34,18,3,Libre,"1,000,000"
34-18-4,34,18,4,Libre,"800,000"
34-18-5,34,18,5,Libre,"800,000"
34-18-6,34,18,6,Libre,"800,000"
34-18-7,34,18,7,Libre,"800,000"
34-18-8,34,18,8,Libre,"800,000"
34-18-9,34,18,9,Libre,"800,000"
34-18-10,34,18,10,Libre,"800,000"
34-18-14,34,18,14,Libre,"1,100,000"
34-18-16,34,18,16,Libre,"1,100,000"
34-18-17,34,18,17,Libre,"800,000"
34-18-18,34,18,18,Libre,"800,000"
34-18-19,34,18,19,Libre,"800,000"
34-18-20,34,18,20,Libre,"800,000"
34-18-21,34,18,21,Libre,"800,000"
34-18-22,34,18,22,Libre,"800,000"
34-19-2,34,19,2,Libre,"900,000"
34-19-4,34,19,4,Libre,"800,000"
34-19-5,34,19,5,Libre,"800,000"
34-19-6,34,19,6,Libre,"800,000"
34-19-7,34,19,7,Libre,"800,000"
34-19-8,34,19,8,Libre,"800,000"
34-19-9,34,19,9,Libre,"800,000"
34-19-10,34,19,10,Libre,"800,000"
34-19-11,34,19,11,Libre,"800,000"
34-19-13,34,19,13,Libre,"1,100,000"
34-19-14,34,19,14,Libre,"1,100,000"
34-19-15,34,19,15,Libre,"800,000"
34-19-16,34,19,16,Libre,"800,000"
34-19-17,34,19,17,Libre,"800,000"
34-19-18,34,19,18,Libre,"800,000"
34-19-19,34,19,19,Libre,"800,000"
34-19-20,34,19,20,Libre,"800,000"
34-19-21,34,19,21,Libre,"800,000"
34-19-22,34,19,22,Libre,"800,000"
34-20-1,34,20,1,Libre,"1,100,000"
34-20-3,34,20,3,Libre,"1,100,000"
34-20-4,34,20,4,Libre,"800,000"
34-20-5,34,20,5,Libre,"800,000"
34-20-6,34,20,6,Libre,"800,000"
34-20-7,34,20,7,Libre,"800,000"
34-20-8,34,20,8,Libre,"800,000"
34-20-9,34,20,9,Libre,"800,000"
34-20-10,34,20,10,Libre,"800,000"
34-20-11,34,20,11,Libre,"800,000"
34-20-12,34,20,12,Libre,"1,100,000"
34-20-13,34,20,13,Libre,"1,100,000"
34-20-15,34,20,15,Libre,"800,000"
34-20-16,34,20,16,Libre,"800,000"
34-20-17,34,20,17,Libre,"800,000"
34-20-18,34,20,18,Libre,"800,000"
34-20-19,34,20,19,Libre,"800,000"
34-20-20,34,20,20,Libre,"800,000"
34-20-21,34,20,21,Libre,"800,000"
34-20-22,34,20,22,Libre,"800,000"
34-21-1,34,21,1,Libre,"1,100,000"
34-21-2,34,21,2,Libre,"1,100,000"
34-21-3,34,21,3,Libre,"1,100,000"
34-21-4,34,21,4,Libre,"1,000,000"
34-22-1,34,22,1,Libre,"1,100,000"
34-22-2,34,22,2,Libre,"1,100,000"
34-22-5,34,22,5,Libre,"800,000"
34-22-6,34,22,6,Libre,"800,000"
34-22-7,34,22,7,Libre,"800,000"
34-22-8,34,22,8,Libre,"800,000"
34-22-9,34,22,9,Libre,"800,000"
34-22-10,34,22,10,Libre,"800,000"
34-22-11,34,22,11,Libre,"800,000"
34-22-12,34,22,12,Libre,"1,100,000"
34-22-13,34,22,13,Libre,"1,100,000"
34-22-14,34,22,14,Libre,"1,100,000"
34-22-15,34,22,15,Libre,"800,000"
34-22-16,34,22,16,Libre,"800,000"
34-22-17,34,22,17,Libre,"800,000"
34-22-18,34,22,18,Libre,"800,000"
34-22-19,34,22,19,Libre,"800,000"
34-22-20,34,22,20,Libre,"800,000"
34-22-21,34,22,21,Libre,"800,000"
34-22-22,34,22,22,Libre,"800,000"
34-23-1,34,23,1,Libre,"800,000"
34-23-2,34,23,2,Libre,"1,100,000"
34-23-3,34,23,3,Libre,"1,100,000"
34-23-4,34,23,4,Libre,"1,100,000"
34-23-5,34,23,5,Libre,"1,100,000"
34-23-6,34,23,6,Libre,"1,100,000"
34-23-7,34,23,7,Libre,"1,100,000"
34-23-8,34,23,8,Libre,"1,100,000"
34-23-9,34,23,9,Libre,"1,100,000"
34-23-15,34,23,15,Libre,"1,100,000"
34-23-16,34,23,16,Libre,"1,100,000"
34-23-17,34,23,17,Libre,"1,100,000"
34-23-18,34,23,18,Libre,"1,100,000"
34-23-19,34,23,19,Libre,"1,100,000"
34-23-20,34,23,20,Libre,"1,100,000"
34-23-21,34,23,21,Libre,"1,100,000"
34-23-25,34,23,25,Libre,"800,000"
34-23-26,34,23,26,Libre,"800,000"
34-24-2,34,24,2,Libre,"1,100,000"
34-24-3,34,24,3,Libre,"1,100,000"
34-24-4,34,24,4,Libre,"1,100,000"
34-24-6,34,24,6,Libre,"1,100,000"
34-24-7,34,24,7,Libre,"1,100,000"
34-24-13,34,24,13,Libre,"800,000"
34-24-14,34,24,14,Libre,"800,000"
34-24-21,34,24,21,Libre,"1,200,000"
34-24-22,34,24,22,Libre,"1,200,000"
34-24-24,34,24,24,Libre,"900,000"
34-24-25,34,24,25,Libre,"900,000"
34-24-26,34,24,26,Libre,"900,000"
34-25-1,34,25,1,Libre,"1,700,000"
34-25-6,34,25,6,Libre,"1,700,000"
34-26-1,34,26,1,Libre,"1,700,000"
34-26-2,34,26,2,Libre,"1,500,000"
34-26-3,34,26,3,Libre,"1,500,000"
34-26-5,34,26,5,Libre,"1,300,000"
34-26-6,34,26,6,Libre,"1,300,000"
34-26-7,34,26,7,Libre,"1,300,000"
34-26-8,34,26,8,Libre,"1,300,000"
34-26-9,34,26,9,Libre,"1,700,000"
34-26-10,34,26,10,Libre,"1,700,000"
34-26-12,34,26,12,Libre,"1,700,000"
34-26-13,34,26,13,Libre,"1,700,000"
34-26-14,34,26,14,Libre,"1,700,000"
34-26-15,34,26,15,Libre,"1,700,000"
34-27-1,34,27,1,Libre,"1,700,000"
34-27-2,34,27,2,Libre,"1,700,000"
34-27-3,34,27,3,Libre,"1,700,000"
34-27-4,34,27,4,Libre,"1,700,000"
34-27-5,34,27,5,Libre,"1,300,000"
34-27-6,34,27,6,Libre,"1,300,000"
34-27-7,34,27,7,Libre,"1,300,000"
34-27-8,34,27,8,Libre,"1,300,000"
34-27-10,34,27,10,Libre,"1,700,000"
34-27-11,34,27,11,Libre,"1,700,000"
34-27-12,34,27,12,Libre,"1,700,000"
34-27-13,34,27,13,Libre,"1,700,000"
34-27-14,34,27,14,Libre,"1,700,000"
34-27-15,34,27,15,Libre,"1,700,000"
34-40-1,34,40,1,Libre,"1,300,000"
34-40-2,34,40,2,Libre,"1,300,000"
34-40-3,34,40,3,Libre,"1,300,000"
34-40-4,34,40,4,Libre,"1,300,000"
34-40-5,34,40,5,Libre,"1,300,000"
34-40-6,34,40,6,Libre,"1,300,000"
34-40-7,34,40,7,Libre,"1,300,000"
34-40-8,34,40,8,Libre,"1,300,000"
34-40-11,34,40,11,Libre,"1,300,000"
34-40-13,34,40,13,Libre,"1,300,000"
34-40-14,34,40,14,Libre,"1,300,000"
34-40-15,34,40,15,Libre,"1,300,000"
34-40-19,34,40,19,Libre,"900,000"
34-40-20,34,40,20,Libre,"900,000"
34-40-21,34,40,21,Libre,"900,000"
34-40-22,34,40,22,Libre,"900,000"
34-40-26,34,40,26,Libre,"900,000"
34-40-27,34,40,27,Libre,"900,000"
34-40-28,34,40,28,Libre,"900,000"
34-40-29,34,40,29,Libre,"900,000"
34-40-30,34,40,30,Libre,"900,000"
34-40-32,34,40,32,Libre,"1,000,000"
34-41-1,34,41,1,Libre,"1,000,000"
34-41-2,34,41,2,Libre,"900,000"
34-41-3,34,41,3,Libre,"900,000"
34-41-4,34,41,4,Libre,"900,000"
34-41-5,34,41,5,Libre,"900,000"
34-41-6,34,41,6,Libre,"900,000"
34-41-7,34,41,7,Libre,"900,000"
34-41-8,34,41,8,Libre,"900,000"
34-41-9,34,41,9,Libre,"900,000"
34-41-10,34,41,10,Libre,"900,000"
34-41-11,34,41,11,Libre,"900,000"
34-41-12,34,41,12,Libre,"900,000"
34-41-13,34,41,13,Libre,"900,000"
34-41-14,34,41,14,Libre,"900,000"
34-41-26,34,41,26,Libre,"900,000"
34-41-27,34,41,27,Libre,"900,000"
34-41-28,34,41,28,Libre,"900,000"
34-41-29,34,41,29,Libre,"900,000"
34-41-30,34,41,30,Libre,"900,000"
34-41-31,34,41,31,Libre,"1,000,000"
34-41-32,34,41,32,Libre,"1,000,000"
34-42-1,34,42,1,Libre,"800,000"
34-42-2,34,42,2,Libre,"800,000"
34-42-3,34,42,3,Libre,"800,000"
34-42-4,34,42,4,Libre,"800,000"
34-42-5,34,42,5,Libre,"800,000"
34-42-6,34,42,6,Libre,"800,000"
34-42-7,34,42,7,Libre,"800,000"
34-42-8,34,42,8,Libre,"800,000"
34-42-13,34,42,13,Libre,"800,000"
34-42-27,34,42,27,Libre,"800,000"
34-42-28,34,42,28,Libre,"800,000"
34-43-1,34,43,1,Libre,"800,000"
34-43-2,34,43,2,Libre,"800,000"
34-43-3,34,43,3,Libre,"800,000"
34-43-4,34,43,4,Libre,"800,000"
34-43-5,34,43,5,Libre,"800,000"
34-43-6,34,43,6,Libre,"800,000"
34-43-7,34,43,7,Libre,"800,000"
34-43-8,34,43,8,Libre,"800,000"
34-43-9,34,43,9,Libre,"800,000"
34-43-10,34,43,10,Libre,"800,000"
34-43-11,34,43,11,Libre,"800,000"
34-43-12,34,43,12,Libre,"800,000"
34-43-13,34,43,13,Libre,"800,000"
34-43-14,34,43,14,Libre,"800,000"
34-43-15,34,43,15,Libre,"800,000"
34-43-16,34,43,16,Libre,"800,000"
34-44-4,34,44,4,Libre,"800,000"
34-44-5,34,44,5,Libre,"800,000"
34-44-10,34,44,10,Libre,"800,000"
34-44-11,34,44,11,Libre,"800,000"
34-44-12,34,44,12,Libre,"800,000"
34-44-13,34,44,13,Libre,"800,000"
34-44-14,34,44,14,Libre,"800,000"
34-45-1,34,45,1,Libre,"800,000"
34-45-2,34,45,2,Libre,"800,000"
34-45-3,34,45,3,Libre,"800,000"
34-45-4,34,45,4,Libre,"800,000"
34-45-5,34,45,5,Libre,"800,000"
34-45-6,34,45,6,Libre,"800,000"
34-45-7,34,45,7,Libre,"800,000"
34-45-8,34,45,8,Libre,"800,000"
34-45-9,34,45,9,Libre,"800,000"
34-45-13,34,45,13,Libre,"800,000"
34-45-14,34,45,14,Libre,"800,000"
34-45-15,34,45,15,Libre,"800,000"
34-45-18,34,45,18,Libre,"800,000"
34-46-1,34,46,1,Libre,"1,000,000"
34-46-8,34,46,8,Libre,"900,000"
34-46-12,34,46,12,Libre,"700,000"
34-46-13,34,46,13,Libre,"700,000"
34-47-2,34,47,2,Libre,"1,000,000"
34-47-3,34,47,3,Libre,"800,000"
34-47-4,34,47,4,Libre,"800,000"
34-47-10,34,47,10,Libre,"800,000"
34-47-11,34,47,11,Libre,"800,000"
34-47-12,34,47,12,Libre,"800,000"
34-48-2,34,48,2,Libre,"1,000,000"
34-48-3,34,48,3,Libre,"1,000,000"
34-48-4,34,48,4,Libre,"1,000,000"
34-48-5,34,48,5,Libre,"1,000,000"
34-48-6,34,48,6,Libre,"1,000,000"
34-48-7,34,48,7,Libre,"1,000,000"
34-48-8,34,48,8,Libre,"1,000,000"
34-48-9,34,48,9,Libre,"1,000,000"
34-48-11,34,48,11,Libre,"800,000"
34-48-12,34,48,12,Libre,"800,000"
34-48-13,34,48,13,Libre,"800,000"
34-48-15,34,48,15,Libre,"1,000,000"
34-48-17,34,48,17,Libre,"1,000,000"
34-48-18,34,48,18,Libre,"1,000,000"
34-48-19,34,48,19,Libre,"1,000,000"
34-48-20,34,48,20,Libre,"1,000,000"
34-48-21,34,48,21,Libre,"1,000,000"
34-48-22,34,48,22,Libre,"1,000,000"
34-48-24,34,48,24,Libre,"800,000"
34-48-25,34,48,25,Libre,"800,000"
34-48-26,34,48,26,Libre,"800,000"
34-49-1,34,49,1,Libre,"800,000"
34-49-2,34,49,2,Libre,"900,000"
34-49-3,34,49,3,Libre,"900,000"
34-49-4,34,49,4,Libre,"900,000"
34-49-5,34,49,5,Libre,"900,000"
34-49-6,34,49,6,Libre,"900,000"
34-49-7,34,49,7,Libre,"900,000"
34-49-9,34,49,9,Libre,"900,000"
34-49-10,34,49,10,Libre,"900,000"
34-49-11,34,49,11,Libre,"900,000"
34-49-12,34,49,12,Libre,"900,000"
34-49-13,34,49,13,Libre,"900,000"
34-49-14,34,49,14,Libre,"900,000"
34-49-15,34,49,15,Libre,"900,000"
34-49-16,34,49,16,Libre,"900,000"
34-49-18,34,49,18,Libre,"800,000"
34-49-19,34,49,19,Libre,"800,000"
34-49-20,34,49,20,Libre,"800,000"
34-55-1,34,55,1,Libre,"1,100,000"
34-55-2,34,55,2,Libre,"1,100,000"
34-55-3,34,55,3,Libre,"1,100,000"
34-55-4,34,55,4,Libre,"700,000"
34-55-5,34,55,5,Libre,"700,000"
34-55-6,34,55,6,Libre,"700,000"
34-55-7,34,55,7,Libre,"700,000"
34-55-8,34,55,8,Libre,"700,000"
34-55-9,34,55,9,Libre,"700,000"
34-55-10,34,55,10,Libre,"700,000"
34-55-11,34,55,11,Libre,"700,000"
34-55-12,34,55,12,Libre,"700,000"
34-55-13,34,55,13,Libre,"700,000"
34-55-14,34,55,14,Libre,"700,000"
34-55-15,34,55,15,Libre,"700,000"
34-55-16,34,55,16,Libre,"700,000"
34-50-25,34,50,25,Plaza,"700,000"
34-17-2,34,17,2,Reserva,"1,000,000"
34-10-1,34,10,1,Vendido,"800,000"
34-10-2,34,10,2,Vendido,"800,000"
34-10-11,34,10,11,Vendido,"600,000"
34-10-12,34,10,12,Vendido,"1,100,000"
34-11-1,34,11,1,Vendido,"600,000"
34-11-12,34,11,12,Vendido,"1,500,000"
34-11-14,34,11,14,Vendido,"1,500,000"
34-12-8,34,12,8,Vendido,"800,000"
34-12-10,34,12,10,Vendido,"800,000"
34-12-11,34,12,11,Vendido,"800,000"
34-12-12,34,12,12,Vendido,"1,400,000"
34-12-13,34,12,13,Vendido,"1,500,000"
34-15-1,34,15,1,Vendido,"1,100,000"
34-15-2,34,15,2,Vendido,"1,100,000"
34-15-3,34,15,3,Vendido,"1,100,000"
34-15-4,34,15,4,Vendido,"800,000"
34-15-5,34,15,5,Vendido,"1,200,000"
34-15-10,34,15,10,Vendido,"1,000,000"
34-15-11,34,15,11,Vendido,"1,000,000"
34-15-12,34,15,12,Vendido,"800,000"
34-15-13,34,15,13,Vendido,"800,000"
34-15-14,34,15,14,Vendido,"900,000"
34-15-15,34,15,15,Vendido,"1,000,000"
34-15-16,34,15,16,Vendido,"800,000"
34-15-17,34,15,17,Vendido,"700,000"
34-15-18,34,15,18,Vendido,"800,000"
34-15-21,34,15,21,Vendido,"900,000"
34-16-1,34,16,1,Vendido,"600,000"
34-16-2,34,16,2,Vendido,"500,000"
34-16-3,34,16,3,Vendido,"500,000"
34-16-4,34,16,4,Vendido,"500,000"
34-16-6,34,16,6,Vendido,"500,000"
34-16-9,34,16,9,Vendido,"800,000"
34-16-10,34,16,10,Vendido,"700,000"
34-16-12,34,16,12,Vendido,"500,000"
34-16-13,34,16,13,Vendido,"500,000"
34-16-14,34,16,14,Vendido,"500,000"
34-16-15,34,16,15,Vendido,"500,000"
34-16-16,34,16,16,Vendido,"500,000"
34-16-17,34,16,17,Vendido,"500,000"
34-16-18,34,16,18,Vendido,"700,000"
34-17-1,34,17,1,Vendido,"700,000"
34-17-12,34,17,12,Vendido,"900,000"
34-18-11,34,18,11,Vendido,"600,000"
34-18-12,34,18,12,Vendido,"700,000"
34-18-13,34,18,13,Vendido,"700,000"
34-18-15,34,18,15,Vendido,"600,000"
34-19-1,34,19,1,Vendido,"700,000"
34-19-3,34,19,3,Vendido,"700,000"
34-19-12,34,19,12,Vendido,"1,000,000"
34-20-2,34,20,2,Vendido,"600,000"
34-20-14,34,20,14,Vendido,"1,000,000"
34-22-3,34,22,3,Vendido,"700,000"
34-23-10,34,23,10,Vendido,"800,000"
34-23-11,34,23,11,Vendido,"500,000"
34-23-13,34,23,13,Vendido,"500,000"
34-23-14,34,23,14,Vendido,"500,000"
34-23-22,34,23,22,Vendido,"1,000,000"
34-23-23,34,23,23,Vendido,"600,000"
34-24-1,34,24,1,Vendido,"800,000"
34-24-8,34,24,8,Vendido,"600,000"
34-24-9,34,24,9,Vendido,"600,000"
34-24-10,34,24,10,Vendido,"700,000"
34-24-11,34,24,11,Vendido,"500,000"
34-24-12,34,24,12,Vendido,"500,000"
34-24-15,34,24,15,Vendido,"700,000"
34-24-16,34,24,16,Vendido,"700,000"
34-24-17,34,24,17,Vendido,"700,000"
34-24-18,34,24,18,Vendido,"700,000"
34-24-19,34,24,19,Vendido,"900,000"
34-24-20,34,24,20,Vendido,"700,000"
34-24-23,34,24,23,Vendido,"900,000"
34-25-2,34,25,2,Vendido,"1,300,000"
34-25-3,34,25,3,Vendido,"1,100,000"
34-25-4,34,25,4,Vendido,"1,100,000"
34-25-5,34,25,5,Vendido,"1,500,000"
34-26-4,34,26,4,Vendido,"1,000,000"
34-27-9,34,27,9,Vendido,"1,100,000"
34-40-10,34,40,10,Vendido,"1,000,000"
34-40-12,34,40,12,Vendido,"1,300,000"
34-40-16,34,40,16,Vendido,"1,000,000"
34-40-23,34,40,23,Vendido,"700,000"
34-40-24,34,40,24,Vendido,"700,000"
34-41-17,34,41,17,Vendido,"700,000"
34-41-18,34,41,18,Vendido,"600,000"
34-41-19,34,41,19,Vendido,"600,000"
34-41-20,34,41,20,Vendido,"600,000"
34-41-21,34,41,21,Vendido,"800,000"
34-41-22,34,41,22,Vendido,"600,000"
34-41-24,34,41,24,Vendido,"800,000"
34-42-9,34,42,9,Vendido,"600,000"
34-42-10,34,42,10,Vendido,"600,000"
34-42-11,34,42,11,Vendido,"600,000"
34-42-14,34,42,14,Vendido,"700,000"
34-42-15,34,42,15,Vendido,"700,000"
34-42-17,34,42,17,Vendido,"600,000"
34-42-18,34,42,18,Vendido,"600,000"
34-42-23,34,42,23,Vendido,"600,000"
34-42-24,34,42,24,Vendido,"600,000"
34-42-25,34,42,25,Vendido,"600,000"
34-42-26,34,42,26,Vendido,"600,000"
34-44-6,34,44,6,Vendido,"500,000"
34-44-7,34,44,7,Vendido,"600,000"
34-44-8,34,44,8,Vendido,"600,000"
34-44-9,34,44,9,Vendido,"600,000"
34-44-15,34,44,15,Vendido,"600,000"
34-45-10,34,45,10,Vendido,"600,000"
34-45-11,34,45,11,Vendido,"600,000"
34-45-12,34,45,12,Vendido,"800,000"
34-45-16,34,45,16,Vendido,"500,000"
34-45-17,34,45,17,Vendido,"500,000"
34-46-2,34,46,2,Vendido,"700,000"
34-46-3,34,46,3,Vendido,"500,000"
34-46-4,34,46,4,Vendido,"500,000"
34-46-5,34,46,5,Vendido,"500,000"
34-46-6,34,46,6,Vendido,"800,000"
34-46-7,34,46,7,Vendido,"800,000"
34-46-9,34,46,9,Vendido,"600,000"
34-47-1,34,47,1,Vendido,"700,000"
34-47-5,34,47,5,Vendido,"800,000"
34-47-6,34,47,6,Vendido,"800,000"
34-47-7,34,47,7,Vendido,"600,000"
34-47-8,34,47,8,Vendido,"600,000"
34-47-9,34,47,9,Vendido,"800,000"
34-47-13,34,47,13,Vendido,"500,000"
34-48-1,34,48,1,Vendido,"800,000"
34-48-14,34,48,14,Vendido,"800,000"
34-48-23,34,48,23,Vendido,"800,000"
34-49-8,34,49,8,Vendido,"700,000"
34-49-17,34,49,17,Vendido,"800,000"
35-5-1,35,5,1,Cancelado,"1,150,000"
35-2-1,35,2,1,Reserva de Propietario,"660,000"
35-2-2,35,2,2,Reserva de Propietario,"700,000"
35-2-3,35,2,3,Reserva de Propietario,"660,000"
35-2-4,35,2,4,Reserva de Propietario,"660,000"
35-2-7,35,2,7,Reserva de Propietario,"850,000"
35-2-8,35,2,8,Reserva de Propietario,"660,000"
35-4-8,35,4,8,Reserva de Propietario,"480,000"
35-1-2,35,1,2,Bloqueo Administrativo,"750,000"
35-2-10,35,2,10,Bloqueo Administrativo,"570,000"
35-1-1,35,1,1,Vendido,"650,000"
35-1-3,35,1,3,Vendido,"650,000"
35-1-4,35,1,4,Vendido,"750,000"
35-1-5,35,1,5,Vendido,"750,000"
35-1-6,35,1,6,Vendido,"750,000"
35-2-5,35,2,5,Vendido,"550,000"
35-2-6,35,2,6,Vendido,"550,000"
35-2-9,35,2,9,Vendido,"580,000"
35-3-1,35,3,1,Vendido,"600,000"
35-3-2,35,3,2,Vendido,"520,000"
35-3-3,35,3,3,Vendido,"650,000"
35-3-4,35,3,4,Vendido,"650,000"
35-3-5,35,3,5,Vendido,"660,000"
35-3-6,35,3,6,Vendido,"600,000"
35-3-7,35,3,7,Vendido,"500,000"
35-3-8,35,3,8,Vendido,"550,000"
35-3-9,35,3,9,Vendido,"530,000"
35-4-1,35,4,1,Vendido,"450,000"
35-4-2,35,4,2,Vendido,"500,000"
35-4-3,35,4,3,Vendido,"480,000"
35-4-4,35,4,4,Vendido,"450,000"
35-4-5,35,4,5,Vendido,"500,000"
35-4-6,35,4,6,Vendido,"450,000"
35-4-7,35,4,7,Vendido,"450,000"
35-4-9,35,4,9,Vendido,"470,000"
35-5-2,35,5,2,Vendido,"450,000"
35-5-3,35,5,3,Vendido,"400,000"
35-5-4,35,5,4,Vendido,"400,000"
35-5-5,35,5,5,Vendido,"580,000"
35-5-6,35,5,6,Vendido,"420,000"
35-5-7,35,5,7,Vendido,"400,000"
35-5-8,35,5,8,Vendido,"430,000"
35-5-9,35,5,9,Vendido,"420,000"
35-6-1,35,6,1,Vendido,"350,000"
35-6-2,35,6,2,Vendido,"380,000"
35-6-3,35,6,3,Vendido,"350,000"
35-6-4,35,6,4,Vendido,"450,000"
35-6-5,35,6,5,Vendido,"350,000"
35-6-6,35,6,6,Vendido,"450,000"
35-6-7,35,6,7,Vendido,"350,000"
35-6-8,35,6,8,Vendido,"380,000"
35-6-9,35,6,9,Vendido,"420,000"
35-7-3,35,7,3,Vendido,"330,000"
35-7-4,35,7,4,Vendido,"330,000"
35-7-5,35,7,5,Vendido,"350,000"
35-7-6,35,7,6,Vendido,"300,000"
35-8-1,35,8,1,Vendido,"330,000"
35-8-2,35,8,2,Vendido,"330,000"
35-8-3,35,8,3,Vendido,"300,000"
35-8-4,35,8,4,Vendido,"310,000"
35-8-5,35,8,5,Vendido,"310,000"
35-8-6,35,8,6,Vendido,"330,000"
35-8-7,35,8,7,Vendido,"310,000"
35-8-8,35,8,8,Vendido,"310,000"
35-8-9,35,8,9,Vendido,"280,000"
35-8-10,35,8,10,Vendido,"400,000"
35-9-1,35,9,1,Vendido,"330,000"
35-9-2,35,9,2,Vendido,"340,000"
35-9-3,35,9,3,Vendido,"350,000"
35-9-4,35,9,4,Vendido,"330,000"
35-9-5,35,9,5,Vendido,"330,000"
35-9-6,35,9,6,Vendido,"350,000"
35-9-7,35,9,7,Vendido,"350,000"
35-9-8,35,9,8,Vendido,"350,000"
35-9-9,35,9,9,Vendido,"480,000"
35-9-10,35,9,10,Vendido,"330,000"
35-9-11,35,9,11,Vendido,"380,000"
35-9-12,35,9,12,Vendido,"340,000"
35-9-13,35,9,13,Vendido,"330,000"
36-10-4,36,10,4,Cancelado,"340,000"
36-13-4,36,13,4,Cancelado,"380,000"
36-14-2,36,14,2,Cancelado,"1,150,000"
36-16-5,36,16,5,Reserva de Propietario,"600,000"
36-16-9,36,16,9,Reserva de Propietario,"600,000"
36-17-1,36,17,1,Reserva de Propietario,"720,000"
36-17-2,36,17,2,Reserva de Propietario,"660,000"
36-17-9,36,17,9,Reserva de Propietario,"660,000"
36-17-10,36,17,10,Reserva de Propietario,"660,000"
36-18-1,36,18,1,Reserva de Propietario,"650,000"
36-18-2,36,18,2,Reserva de Propietario,"720,000"
36-18-3,36,18,3,Reserva de Propietario,"720,000"
36-18-6,36,18,6,Reserva de Propietario,"700,000"
36-10-1,36,10,1,Vendido,"340,000"
36-10-2,36,10,2,Vendido,"330,000"
36-10-3,36,10,3,Vendido,"350,000"
36-10-5,36,10,5,Vendido,"330,000"
36-10-6,36,10,6,Vendido,"330,000"
36-10-7,36,10,7,Vendido,"330,000"
36-10-8,36,10,8,Vendido,"330,000"
36-10-9,36,10,9,Vendido,"330,000"
36-10-10,36,10,10,Vendido,"330,000"
36-10-11,36,10,11,Vendido,"330,000"
36-10-12,36,10,12,Vendido,"360,000"
36-10-13,36,10,13,Vendido,"330,000"
36-11-1,36,11,1,Vendido,"330,000"
36-11-2,36,11,2,Vendido,"330,000"
36-11-3,36,11,3,Vendido,"350,000"
36-11-4,36,11,4,Vendido,"280,000"
36-11-5,36,11,5,Vendido,"250,000"
36-11-6,36,11,6,Vendido,"250,000"
36-11-7,36,11,7,Vendido,"280,000"
36-11-8,36,11,8,Vendido,"280,000"
36-11-9,36,11,9,Vendido,"420,000"
36-11-10,36,11,10,Vendido,"360,000"
36-12-3,36,12,3,Vendido,"300,000"
36-12-4,36,12,4,Vendido,"300,000"
36-12-5,36,12,5,Vendido,"350,000"
36-12-6,36,12,6,Vendido,"300,000"
36-13-1,36,13,1,Vendido,"380,000"
36-13-2,36,13,2,Vendido,"350,000"
36-13-3,36,13,3,Vendido,"350,000"
36-13-5,36,13,5,Vendido,"350,000"
36-13-6,36,13,6,Vendido,"350,000"
36-13-7,36,13,7,Vendido,"350,000"
36-13-8,36,13,8,Vendido,"350,000"
36-13-9,36,13,9,Vendido,"350,000"
36-14-1,36,14,1,Vendido,"430,000"
36-14-3,36,14,3,Vendido,"400,000"
36-14-4,36,14,4,Vendido,"400,000"
36-14-5,36,14,5,Vendido,"400,000"
36-14-6,36,14,6,Vendido,"400,000"
36-14-7,36,14,7,Vendido,"480,000"
36-14-8,36,14,8,Vendido,"420,000"
36-14-9,36,14,9,Vendido,"400,000"
36-15-1,36,15,1,Vendido,"600,000"
36-15-2,36,15,2,Vendido,"450,000"
36-15-3,36,15,3,Vendido,"480,000"
36-15-4,36,15,4,Vendido,"600,000"
36-15-5,36,15,5,Vendido,"450,000"
36-15-6,36,15,6,Vendido,"450,000"
36-15-7,36,15,7,Vendido,"450,000"
36-15-8,36,15,8,Vendido,"450,000"
36-15-9,36,15,9,Vendido,"450,000"
36-16-1,36,16,1,Vendido,"530,000"
36-16-2,36,16,2,Vendido,"600,000"
36-16-3,36,16,3,Vendido,"500,000"
36-16-4,36,16,4,Vendido,"550,000"
36-16-6,36,16,6,Vendido,"500,000"
36-16-7,36,16,7,Vendido,"500,000"
36-16-8,36,16,8,Vendido,"600,000"
36-17-3,36,17,3,Vendido,"550,000"
36-17-4,36,17,4,Vendido,"600,000"
36-17-5,36,17,5,Vendido,"570,000"
36-17-6,36,17,6,Vendido,"550,000"
36-17-7,36,17,7,Vendido,"540,000"
36-17-8,36,17,8,Vendido,"540,000"
36-18-4,36,18,4,Vendido,"700,000"
36-18-5,36,18,5,Vendido,"700,000"
37-1-4,37,1,4,Cancelado,"700,000"
37-1-5,37,1,5,Cancelado,"700,000"
37-1-12,37,1,12,Cancelado,"600,000"
37-1-13,37,1,13,Cancelado,"650,000"
37-1-14,37,1,14,Cancelado,"650,000"
37-2-1,37,2,1,Cancelado,"750,000"
37-3-2,37,3,2,Cancelado,"2,438,000"
37-3-3,37,3,3,Cancelado,"500,000"
37-4-1,37,4,1,Cancelado,"450,000"
37-4-3,37,4,3,Cancelado,"450,000"
37-4-4,37,4,4,Cancelado,"400,000"
37-4-5,37,4,5,Cancelado,"350,000"
37-7-3,37,7,3,Cancelado,"2,166,700"
37-9-1,37,9,1,Cancelado,"350,000"
37-11-9,37,11,9,Cancelado,"350,000"
37-11-11,37,11,11,Cancelado,"1,630,000"
37-16-6,37,16,6,Cancelado,"500,000"
37-17-5,37,17,5,Cancelado,"500,000"
37-17-8,37,17,8,Cancelado,"2,980,000"
37-14-4,37,14,4,Libre (R),"340,000"
37-6-5,37,6,5,Libre,"280,000"
37-6-6,37,6,6,Libre,"280,000"
37-6-7,37,6,7,Libre,"280,000"
37-6-8,37,6,8,Libre,"280,000"
37-6-16,37,6,16,Libre,"350,000"
37-6-17,37,6,17,Libre,"350,000"
37-6-18,37,6,18,Libre,"350,000"
37-6-19,37,6,19,Libre,"350,000"
37-13-5,37,13,5,Libre,"600,000"
37-14-2,37,14,2,Libre,"300,000"
37-14-3,37,14,3,Libre,"300,000"
37-14-6,37,14,6,Libre,"300,000"
37-14-7,37,14,7,Libre,"300,000"
37-14-8,37,14,8,Libre,"300,000"
37-14-9,37,14,9,Libre,"300,000"
37-14-10,37,14,10,Libre,"300,000"
37-14-11,37,14,11,Libre,"300,000"
37-17-6,37,17,6,Libre,"550,000"
37-17-7,37,17,7,Libre,"550,000"
37-1-1,37,1,1,Vendido,"750,000"
37-1-2,37,1,2,Vendido,"750,000"
37-1-3,37,1,3,Vendido,"700,000"
37-1-6,37,1,6,Vendido,"600,000"
37-1-7,37,1,7,Vendido,"550,000"
37-1-8,37,1,8,Vendido,"550,000"
37-1-9,37,1,9,Vendido,"550,000"
37-1-10,37,1,10,Vendido,"550,000"
37-1-11,37,1,11,Vendido,"600,000"
37-2-2,37,2,2,Vendido,"800,000"
37-2-3,37,2,3,Vendido,"800,000"
37-2-4,37,2,4,Vendido,"650,000"
37-2-5,37,2,5,Vendido,"400,000"
37-2-6,37,2,6,Vendido,"400,000"
37-2-7,37,2,7,Vendido,"600,000"
37-2-8,37,2,8,Vendido,"600,000"
37-2-9,37,2,9,Vendido,"650,000"
37-2-10,37,2,10,Vendido,"600,000"
37-2-11,37,2,11,Vendido,"650,000"
37-2-12,37,2,12,Vendido,"800,000"
37-3-1,37,3,1,Vendido,"500,000"
37-3-4,37,3,4,Vendido,"450,000"
37-3-5,37,3,5,Vendido,"450,000"
37-3-6,37,3,6,Vendido,"580,000"
37-3-7,37,3,7,Vendido,"500,000"
37-3-8,37,3,8,Vendido,"550,000"
37-3-9,37,3,9,Vendido,"500,000"
37-4-2,37,4,2,Vendido,"400,000"
37-4-6,37,4,6,Vendido,"450,000"
37-4-7,37,4,7,Vendido,"450,000"
37-4-8,37,4,8,Vendido,"450,000"
37-4-9,37,4,9,Vendido,"450,000"
37-6-1,37,6,1,Vendido,"250,000"
37-6-2,37,6,2,Vendido,"250,000"
37-6-3,37,6,3,Vendido,"250,000"
37-6-9,37,6,9,Vendido,"280,000"
37-6-10,37,6,10,Vendido,"450,000"
37-6-11,37,6,11,Vendido,"450,000"
37-6-12,37,6,12,Vendido,"450,000"
37-6-13,37,6,13,Vendido,"450,000"
37-6-14,37,6,14,Vendido,"500,000"
37-6-15,37,6,15,Vendido,"350,000"
37-7-1,37,7,1,Vendido,"550,000"
37-7-2,37,7,2,Vendido,"550,000"
37-7-4,37,7,4,Vendido,"500,000"
37-7-5,37,7,5,Vendido,"400,000"
37-7-6,37,7,6,Vendido,"350,000"
37-7-7,37,7,7,Vendido,"400,000"
37-7-8,37,7,8,Vendido,"350,000"
37-7-9,37,7,9,Vendido,"420,000"
37-7-10,37,7,10,Vendido,"350,000"
37-7-11,37,7,11,Vendido,"350,000"
37-7-12,37,7,12,Vendido,"350,000"
37-7-13,37,7,13,Vendido,"330,000"
37-7-14,37,7,14,Vendido,"330,000"
37-7-15,37,7,15,Vendido,"330,000"
37-7-16,37,7,16,Vendido,"380,000"
37-7-17,37,7,17,Vendido,"380,000"
37-7-18,37,7,18,Vendido,"330,000"
37-8-1,37,8,1,Vendido,"330,000"
37-8-2,37,8,2,Vendido,"350,000"
37-8-3,37,8,3,Vendido,"300,000"
37-8-4,37,8,4,Vendido,"300,000"
37-8-5,37,8,5,Vendido,"1,625,000"
37-8-6,37,8,6,Vendido,"380,000"
37-8-7,37,8,7,Vendido,"300,000"
37-8-8,37,8,8,Vendido,"330,000"
37-9-2,37,9,2,Vendido,"350,000"
37-9-3,37,9,3,Vendido,"400,000"
37-9-4,37,9,4,Vendido,"350,000"
37-9-5,37,9,5,Vendido,"600,000"
37-9-6,37,9,6,Vendido,"600,000"
37-9-7,37,9,7,Vendido,"350,000"
37-9-8,37,9,8,Vendido,"300,000"
37-9-9,37,9,9,Vendido,"300,000"
37-10-1,37,10,1,Vendido,"360,000"
37-10-2,37,10,2,Vendido,"360,000"
37-10-3,37,10,3,Vendido,"350,000"
37-10-4,37,10,4,Vendido,"400,000"
37-10-5,37,10,5,Vendido,"350,000"
37-10-6,37,10,6,Vendido,"350,000"
37-10-7,37,10,7,Vendido,"350,000"
37-10-8,37,10,8,Vendido,"330,000"
37-10-9,37,10,9,Vendido,"300,000"
37-10-10,37,10,10,Vendido,"300,000"
37-11-1,37,11,1,Vendido,"450,000"
37-11-2,37,11,2,Vendido,"350,000"
37-11-3,37,11,3,Vendido,"350,000"
37-11-4,37,11,4,Vendido,"350,000"
37-11-5,37,11,5,Vendido,"500,000"
37-11-6,37,11,6,Vendido,"450,000"
37-11-7,37,11,7,Vendido,"400,000"
37-11-8,37,11,8,Vendido,"400,000"
37-11-10,37,11,10,Vendido,"330,000"
37-11-12,37,11,12,Vendido,"350,000"
37-12-2,37,12,2,Vendido,"550,000"
37-12-3,37,12,3,Vendido,"600,000"
37-12-4,37,12,4,Vendido,"600,000"
37-12-5,37,12,5,Vendido,"550,000"
37-12-6,37,12,6,Vendido,"600,000"
37-12-7,37,12,7,Vendido,"450,000"
37-12-8,37,12,8,Vendido,"450,000"
37-12-9,37,12,9,Vendido,"350,000"
37-12-10,37,12,10,Vendido,"350,000"
37-13-2,37,13,2,Vendido,"350,000"
37-13-3,37,13,3,Vendido,"350,000"
37-13-4,37,13,4,Vendido,"450,000"
37-13-6,37,13,6,Vendido,"550,000"
37-13-7,37,13,7,Vendido,"550,000"
37-14-5,37,14,5,Vendido,"280,000"
37-15-2,37,15,2,Vendido,"400,000"
37-15-3,37,15,3,Vendido,"350,000"
37-15-4,37,15,4,Vendido,"350,000"
37-15-5,37,15,5,Vendido,"400,000"
37-15-6,37,15,6,Vendido,"400,000"
37-15-7,37,15,7,Vendido,"400,000"
37-15-8,37,15,8,Vendido,"400,000"
37-15-9,37,15,9,Vendido,"270,000"
37-15-10,37,15,10,Vendido,"270,000"
37-15-11,37,15,11,Vendido,"270,000"
37-16-2,37,16,2,Vendido,"400,000"
37-16-3,37,16,3,Vendido,"400,000"
37-16-4,37,16,4,Vendido,"400,000"
37-16-5,37,16,5,Vendido,"450,000"
37-16-7,37,16,7,Vendido,"500,000"
37-16-8,37,16,8,Vendido,"550,000"
37-16-9,37,16,9,Vendido,"400,000"
37-16-10,37,16,10,Vendido,"400,000"
37-16-11,37,16,11,Vendido,"400,000"
37-17-1,37,17,1,Vendido,"400,000"
37-17-2,37,17,2,Vendido,"450,000"
37-17-3,37,17,3,Vendido,"450,000"
37-17-4,37,17,4,Vendido,"450,000"
37-17-9,37,17,9,Vendido,"400,000"
37-17-10,37,17,10,Vendido,"400,000"
37-17-11,37,17,11,Vendido,"420,000"
37-13-1,37,13,1,No disponible para la venta,0
37-13-8,37,13,8,No disponible para la venta,0
37-14-1,37,14,1,No disponible para la venta,0
37-14-12,37,14,12,No disponible para la venta,0
37-15-1,37,15,1,No disponible para la venta,0
37-15-12,37,15,12,No disponible para la venta,0
37-16-1,37,16,1,No disponible para la venta,0
37-16-12,37,16,12,No disponible para la venta,0
37-17-12,37,17,12,No disponible para la venta,0
38-1-8,38,1,8,Bloqueo por Deuda,"500,000"
38-1-9,38,1,9,Bloqueo por Deuda,"500,000"
38-2-5,38,2,5,Bloqueo por Deuda,"550,000"
38-3-6,38,3,6,Bloqueo por Deuda,"450,000"
38-1-12,38,1,12,Cancelado,"500,000"
38-1-13,38,1,13,Cancelado,"500,000"
38-1-18,38,1,18,Libre (R),"450,000"
38-1-19,38,1,19,Libre (R),"450,000"
38-3-2,38,3,2,Libre,"400,000"
38-3-3,38,3,3,Libre,"450,000"
38-3-4,38,3,4,Libre,"500,000"
38-4-4,38,4,4,Libre,"600,000"
38-4-5,38,4,5,Libre,"750,000"
38-4-6,38,4,6,Libre,"700,000"
38-4-7,38,4,7,Libre,"700,000"
38-4-8,38,4,8,Libre,"750,000"
38-1-1,38,1,1,Vendido,"450,000"
38-1-2,38,1,2,Vendido,"550,000"
38-1-3,38,1,3,Vendido,"500,000"
38-1-4,38,1,4,Vendido,"500,000"
38-1-5,38,1,5,Vendido,"500,000"
38-1-6,38,1,6,Vendido,"500,000"
38-1-7,38,1,7,Vendido,"500,000"
38-1-10,38,1,10,Vendido,"500,000"
38-1-11,38,1,11,Vendido,"500,000"
38-1-14,38,1,14,Vendido,"500,000"
38-1-15,38,1,15,Vendido,"2,415,000"
38-1-16,38,1,16,Vendido,"500,000"
38-1-17,38,1,17,Vendido,"500,000"
38-2-2,38,2,2,Vendido,"400,000"
38-2-3,38,2,3,Vendido,"400,000"
38-2-4,38,2,4,Vendido,"550,000"
38-3-1,38,3,1,Vendido,"550,000"
38-3-5,38,3,5,Vendido,"500,000"
38-3-7,38,3,7,Vendido,"420,000"
38-3-8,38,3,8,Vendido,"550,000"
38-4-1,38,4,1,Vendido,"650,000"
38-4-2,38,4,2,Vendido,"600,000"
38-4-3,38,4,3,Vendido,"500,000"
39-4-1,39,4,1,Cancelado,"330,000"
39-3-9,39,3,9,Reserva de Propietario,"360,000"
39-4-12,39,4,12,Libre (R),"350,000"
39-1-1,39,1,1,Libre,"700,000"
39-1-2,39,1,2,Libre,"700,000"
39-3-10,39,3,10,Libre,"320,000"
39-3-13,39,3,13,Libre,"350,000"
39-1-3,39,1,3,Vendido,"500,000"
39-1-4,39,1,4,Vendido,"500,000"
39-1-5,39,1,5,Vendido,"400,000"
39-1-6,39,1,6,Vendido,"400,000"
39-1-7,39,1,7,Vendido,"400,000"
39-1-8,39,1,8,Vendido,"380,000"
39-1-9,39,1,9,Vendido,"400,000"
39-1-10,39,1,10,Vendido,"400,000"
39-1-11,39,1,11,Vendido,"400,000"
39-1-12,39,1,12,Vendido,"420,000"
39-2-1,39,2,1,Vendido,"400,000"
39-2-2,39,2,2,Vendido,"380,000"
39-2-3,39,2,3,Vendido,"380,000"
39-2-4,39,2,4,Vendido,"360,000"
39-2-5,39,2,5,Vendido,"380,000"
39-2-6,39,2,6,Vendido,"360,000"
39-2-7,39,2,7,Vendido,"360,000"
39-2-8,39,2,8,Vendido,"360,000"
39-2-9,39,2,9,Vendido,"360,000"
39-2-10,39,2,10,Vendido,"340,000"
39-2-11,39,2,11,Vendido,"340,000"
39-2-12,39,2,12,Vendido,"340,000"
39-2-13,39,2,13,Vendido,"340,000"
39-2-14,39,2,14,Vendido,"380,000"
39-3-1,39,3,1,Vendido,"360,000"
39-3-2,39,3,2,Vendido,"320,000"
39-3-3,39,3,3,Vendido,"320,000"
39-3-4,39,3,4,Vendido,"320,000"
39-3-5,39,3,5,Vendido,"320,000"
39-3-6,39,3,6,Vendido,"320,000"
39-3-7,39,3,7,Vendido,"320,000"
39-3-8,39,3,8,Vendido,"330,000"
39-3-11,39,3,11,Vendido,"320,000"
39-3-12,39,3,12,Vendido,"300,000"
39-4-2,39,4,2,Vendido,"290,000"
39-4-3,39,4,3,Vendido,"290,000"
39-4-4,39,4,4,Vendido,"300,000"
39-4-5,39,4,5,Vendido,"300,000"
39-4-6,39,4,6,Vendido,"300,000"
39-4-7,39,4,7,Vendido,"280,000"
39-4-8,39,4,8,Vendido,"280,000"
39-4-9,39,4,9,Vendido,"300,000"
39-4-10,39,4,10,Vendido,"280,000"
39-4-11,39,4,11,Vendido,"280,000"
39-5-1,39,5,1,Vendido,"300,000"
39-5-2,39,5,2,Vendido,"270,000"
39-5-3,39,5,3,Vendido,"270,000"
39-5-4,39,5,4,Vendido,"270,000"
39-5-5,39,5,5,Vendido,"290,000"
39-5-6,39,5,6,Vendido,"290,000"
39-5-7,39,5,7,Vendido,"260,000"
39-5-8,39,5,8,Vendido,"260,000"
39-5-9,39,5,9,Vendido,"280,000"
39-5-10,39,5,10,Vendido,"260,000"
39-5-11,39,5,11,Vendido,"260,000"
39-5-12,39,5,12,Vendido,"300,000"
39-6-1,39,6,1,Vendido,"280,000"
39-6-2,39,6,2,Vendido,"250,000"
39-6-3,39,6,3,Vendido,"250,000"
39-6-4,39,6,4,Vendido,"250,000"
39-6-5,39,6,5,Vendido,"280,000"
39-7-1,39,7,1,Vendido,"330,000"
39-7-2,39,7,2,Vendido,"330,000"
4-1-3,4,1,3,Cancelado,"800,000"
4-1-7,4,1,7,Cancelado,"800,000"
4-1-8,4,1,8,Cancelado,"800,000"
4-2-6,4,2,6,Cancelado,"700,000"
4-2-7,4,2,7,Cancelado,"900,000"
4-2-8,4,2,8,Cancelado,"650,000"
4-2-16,4,2,16,Cancelado,"500,000"
4-5-3,4,5,3,Cancelado,"150,000"
4-5-13,4,5,13,Cancelado,"450,000"
4-5-17,4,5,17,Cancelado,"5,200,000"
4-6-8,4,6,8,Cancelado,"225,000"
4-6-9,4,6,9,Cancelado,"225,000"
4-9-17,4,9,17,Cancelado,"500,000"
4-11-14,4,11,14,Cancelado,"450,000"
4-14-8,4,14,8,Cancelado,"550,000"
4-2-3,4,2,3,Recuperado Libre,0
4-4-12,4,4,12,Libre (R),"800,000"
4-1-4,4,1,4,Vendido,"1,000,000"
4-1-9,4,1,9,Vendido,"1,200,000"
4-1-10,4,1,10,Vendido,"1,200,000"
4-1-11,4,1,11,Vendido,"1,000,000"
4-1-12,4,1,12,Vendido,"1,000,000"
4-1-13,4,1,13,Vendido,"1,600,000"
4-2-1,4,2,1,Vendido,"900,000"
4-2-4,4,2,4,Vendido,"700,000"
4-2-5,4,2,5,Vendido,"700,000"
4-2-9,4,2,9,Vendido,"650,000"
4-2-10,4,2,10,Vendido,"600,000"
4-2-11,4,2,11,Vendido,"700,000"
4-2-12,4,2,12,Vendido,"900,000"
4-2-13,4,2,13,Vendido,"700,000"
4-2-14,4,2,14,Vendido,"800,000"
4-2-15,4,2,15,Vendido,"800,000"
4-2-17,4,2,17,Vendido,"650,000"
4-2-18,4,2,18,Vendido,"650,000"
4-3-1,4,3,1,Vendido,"900,000"
4-3-2,4,3,2,Vendido,"800,000"
4-3-3,4,3,3,Vendido,"800,000"
4-3-4,4,3,4,Vendido,"800,000"
4-3-5,4,3,5,Vendido,"900,000"
4-3-6,4,3,6,Vendido,"550,000"
4-3-7,4,3,7,Vendido,"600,000"
4-3-8,4,3,8,Vendido,"600,000"
4-3-9,4,3,9,Vendido,"600,000"
4-3-10,4,3,10,Vendido,"600,000"
4-3-11,4,3,11,Vendido,"600,000"
4-3-12,4,3,12,Vendido,"900,000"
4-3-13,4,3,13,Vendido,"900,000"
4-4-1,4,4,1,Vendido,"800,000"
4-4-2,4,4,2,Vendido,"600,000"
4-4-3,4,4,3,Vendido,"600,000"
4-4-4,4,4,4,Vendido,"600,000"
4-4-8,4,4,8,Vendido,"700,000"
4-4-9,4,4,9,Vendido,"800,000"
4-4-16,4,4,16,Vendido,"700,000"
4-4-17,4,4,17,Vendido,"800,000"
4-5-6,4,5,6,Vendido,"800,000"
4-5-14,4,5,14,Vendido,"600,000"
4-5-15,4,5,15,Vendido,"700,000"
4-5-16,4,5,16,Vendido,"900,000"
4-6-3,4,6,3,Vendido,"800,000"
4-6-5,4,6,5,Vendido,"800,000"
4-6-6,4,6,6,Vendido,"400,000"
4-6-11,4,6,11,Vendido,"700,000"
4-6-12,4,6,12,Vendido,"600,000"
4-6-13,4,6,13,Vendido,"600,000"
4-6-14,4,6,14,Vendido,"800,000"
4-6-15,4,6,15,Vendido,"800,000"
4-6-16,4,6,16,Vendido,"700,000"
4-6-17,4,6,17,Vendido,"500,000"
4-9-1,4,9,1,Vendido,"800,000"
4-9-2,4,9,2,Vendido,"450,000"
4-9-3,4,9,3,Vendido,"600,000"
4-9-4,4,9,4,Vendido,"700,000"
4-9-5,4,9,5,Vendido,"700,000"
4-9-6,4,9,6,Vendido,"600,000"
4-9-7,4,9,7,Vendido,"900,000"
4-9-8,4,9,8,Vendido,"700,000"
4-9-9,4,9,9,Vendido,"600,000"
4-9-10,4,9,10,Vendido,"600,000"
4-9-11,4,9,11,Vendido,"600,000"
4-9-12,4,9,12,Vendido,"600,000"
4-9-13,4,9,13,Vendido,"600,000"
4-9-14,4,9,14,Vendido,"600,000"
4-9-15,4,9,15,Vendido,"800,000"
4-9-16,4,9,16,Vendido,"800,000"
4-9-18,4,9,18,Vendido,"600,000"
4-9-19,4,9,19,Vendido,"800,000"
4-9-20,4,9,20,Vendido,"600,000"
4-10-2,4,10,2,Vendido,"850,000"
4-10-3,4,10,3,Vendido,"1,200,000"
4-10-4,4,10,4,Vendido,"1,000,000"
4-10-5,4,10,5,Vendido,"800,000"
4-10-6,4,10,6,Vendido,"1,000,000"
4-10-7,4,10,7,Vendido,"800,000"
4-10-8,4,10,8,Vendido,"800,000"
4-10-9,4,10,9,Vendido,"800,000"
4-10-10,4,10,10,Vendido,"900,000"
4-10-11,4,10,11,Vendido,"900,000"
4-10-12,4,10,12,Vendido,"1,000,000"
4-10-13,4,10,13,Vendido,"800,000"
4-10-14,4,10,14,Vendido,"1,000,000"
4-10-20,4,10,20,Vendido,"2,400,000"
4-10-21,4,10,21,Vendido,"2,400,000"
4-10-24,4,10,24,Vendido,"1,900,000"
4-10-25,4,10,25,Vendido,"1,900,000"
4-10-26,4,10,26,Vendido,"1,900,000"
4-11-2,4,11,2,Vendido,"700,000"
4-11-3,4,11,3,Vendido,"800,000"
4-11-4,4,11,4,Vendido,"600,000"
4-11-5,4,11,5,Vendido,"750,000"
4-11-6,4,11,6,Vendido,"750,000"
4-11-7,4,11,7,Vendido,"1,000,000"
4-11-8,4,11,8,Vendido,"900,000"
4-11-9,4,11,9,Vendido,"900,000"
4-11-10,4,11,10,Vendido,"900,000"
4-11-11,4,11,11,Vendido,"450,000"
4-11-12,4,11,12,Vendido,"450,000"
4-11-13,4,11,13,Vendido,"800,000"
4-11-15,4,11,15,Vendido,"700,000"
4-11-16,4,11,16,Vendido,"800,000"
4-11-17,4,11,17,Vendido,"900,000"
4-11-18,4,11,18,Vendido,"900,000"
4-12-1,4,12,1,Vendido,"900,000"
4-12-2,4,12,2,Vendido,"700,000"
4-12-3,4,12,3,Vendido,"700,000"
4-12-4,4,12,4,Vendido,"600,000"
4-12-5,4,12,5,Vendido,"800,000"
4-12-6,4,12,6,Vendido,"800,000"
4-12-7,4,12,7,Vendido,"700,000"
4-12-8,4,12,8,Vendido,"900,000"
4-12-9,4,12,9,Vendido,"800,000"
4-12-10,4,12,10,Vendido,"900,000"
4-12-11,4,12,11,Vendido,"800,000"
4-12-12,4,12,12,Vendido,"800,000"
4-12-13,4,12,13,Vendido,"800,000"
4-12-14,4,12,14,Vendido,"800,000"
4-12-15,4,12,15,Vendido,"900,000"
4-12-16,4,12,16,Vendido,"1,600,000"
4-12-17,4,12,17,Vendido,"900,000"
4-12-18,4,12,18,Vendido,"800,000"
4-13-1,4,13,1,Vendido,"600,000"
4-13-2,4,13,2,Vendido,"550,000"
4-13-3,4,13,3,Vendido,"600,000"
4-13-4,4,13,4,Vendido,"600,000"
4-13-5,4,13,5,Vendido,"700,000"
4-13-6,4,13,6,Vendido,"700,000"
4-13-7,4,13,7,Vendido,"700,000"
4-13-8,4,13,8,Vendido,"550,000"
4-13-9,4,13,9,Vendido,"800,000"
4-13-10,4,13,10,Vendido,"500,000"
4-13-11,4,13,11,Vendido,"700,000"
4-13-12,4,13,12,Vendido,"700,000"
4-13-13,4,13,13,Vendido,"450,000"
4-14-1,4,14,1,Vendido,"700,000"
4-14-2,4,14,2,Vendido,"800,000"
4-14-3,4,14,3,Vendido,"800,000"
4-14-4,4,14,4,Vendido,"600,000"
4-14-5,4,14,5,Vendido,"450,000"
4-14-6,4,14,6,Vendido,"900,000"
4-14-7,4,14,7,Vendido,"800,000"
4-14-9,4,14,9,Vendido,"600,000"
4-14-10,4,14,10,Vendido,"500,000"
4-14-11,4,14,11,Vendido,"550,000"
4-14-12,4,14,12,Vendido,"500,000"
4-14-13,4,14,13,Vendido,"600,000"
4-1-6,4,1,6,No disponible para la venta,"800,000"
40-1-8,40,1,8,Cancelado,"2,600,000"
40-1-14,40,1,14,Cancelado,"1,000,000"
40-1-15,40,1,15,Cancelado,"750,000"
40-2-5,40,2,5,Cancelado,"350,000"
40-2-8,40,2,8,Cancelado,"2,167,000"
40-3-2,40,3,2,Cancelado,"360,000"
40-3-3,40,3,3,Cancelado,"2,167,000"
40-3-4,40,3,4,Cancelado,"2,250,000"
40-3-11,40,3,11,Cancelado,"1,323,000"
40-3-16,40,3,16,Cancelado,"1,850,000"
40-4-6,40,4,6,Cancelado,"400,000"
40-4-10,40,4,10,Cancelado,"870,000"
40-6-2,40,6,2,Cancelado,"390,000"
40-6-3,40,6,3,Cancelado,"390,000"
40-6-4,40,6,4,Cancelado,"450,000"
40-6-5,40,6,5,Cancelado,"420,000"
40-6-6,40,6,6,Cancelado,"390,000"
40-6-7,40,6,7,Cancelado,"340,000"
40-10-10,40,10,10,Cancelado,"700,000"
40-10-12,40,10,12,Cancelado,"750,000"
40-11-1,40,11,1,Cancelado,"2,600,000"
40-11-2,40,11,2,Cancelado,"480,000"
40-12-1,40,12,1,Cancelado,"2,167,000"
40-12-3,40,12,3,Cancelado,"1,300,000"
40-12-4,40,12,4,Cancelado,"27,300,000"
40-12-8,40,12,8,Cancelado,"1,025,000"
40-12-9,40,12,9,Cancelado,"1,300,000"
40-12-10,40,12,10,Cancelado,"1,152,000"
40-12-11,40,12,11,Cancelado,"2,167,000"
40-14-8,40,14,8,Cancelado,"420,000"
40-15-1,40,15,1,Cancelado,"350,000"
40-15-10,40,15,10,Cancelado,"975,000"
40-16-11,40,16,11,Cancelado,"1,210,000"
40-13-11,40,13,11,Bloqueo por falta de Datos,"420,000"
40-1-12,40,1,12,Recuperado Libre,"450,000"
40-5-4,40,5,4,Recuperado Libre,0
40-15-16,40,15,16,Recuperado Libre,"450,000"
40-15-17,40,15,17,Recuperado Libre,"450,000"
40-16-7,40,16,7,Recuperado Libre,"370,000"
40-8-2,40,8,2,Libre (R),"350,000"
40-8-3,40,8,3,Libre (R),"350,000"
40-12-6,40,12,6,Libre (R),"480,000"
40-12-7,40,12,7,Libre (R),"450,000"
40-16-17,40,16,17,Libre (R),"400,000"
40-16-18,40,16,18,Libre (R),"400,000"
40-1-1,40,1,1,Vendido,"350,000"
40-1-2,40,1,2,Vendido,"350,000"
40-1-3,40,1,3,Vendido,"350,000"
40-1-4,40,1,4,Vendido,"350,000"
40-1-5,40,1,5,Vendido,"400,000"
40-1-6,40,1,6,Vendido,"400,000"
40-1-7,40,1,7,Vendido,"350,000"
40-1-9,40,1,9,Vendido,"430,000"
40-1-10,40,1,10,Vendido,"430,000"
40-1-11,40,1,11,Vendido,"420,000"
40-1-13,40,1,13,Vendido,"400,000"
40-1-16,40,1,16,Vendido,"350,000"
40-1-17,40,1,17,Vendido,"360,000"
40-1-18,40,1,18,Vendido,"360,000"
40-1-19,40,1,19,Vendido,"400,000"
40-2-1,40,2,1,Vendido,"400,000"
40-2-2,40,2,2,Vendido,"350,000"
40-2-3,40,2,3,Vendido,"400,000"
40-2-4,40,2,4,Vendido,"400,000"
40-2-6,40,2,6,Vendido,"350,000"
40-2-7,40,2,7,Vendido,"400,000"
40-2-9,40,2,9,Vendido,"350,000"
40-2-10,40,2,10,Vendido,"400,000"
40-2-11,40,2,11,Vendido,"400,000"
40-2-12,40,2,12,Vendido,"350,000"
40-2-13,40,2,13,Vendido,"450,000"
40-2-14,40,2,14,Vendido,"370,000"
40-2-15,40,2,15,Vendido,"370,000"
40-2-16,40,2,16,Vendido,"370,000"
40-3-1,40,3,1,Vendido,"400,000"
40-3-5,40,3,5,Vendido,"360,000"
40-3-6,40,3,6,Vendido,"370,000"
40-3-7,40,3,7,Vendido,"360,000"
40-3-8,40,3,8,Vendido,"420,000"
40-3-9,40,3,9,Vendido,"380,000"
40-3-10,40,3,10,Vendido,"360,000"
40-3-12,40,3,12,Vendido,"360,000"
40-3-13,40,3,13,Vendido,"400,000"
40-3-14,40,3,14,Vendido,"370,000"
40-3-15,40,3,15,Vendido,"380,000"
40-4-1,40,4,1,Vendido,"400,000"
40-4-2,40,4,2,Vendido,"400,000"
40-4-3,40,4,3,Vendido,"400,000"
40-4-4,40,4,4,Vendido,"380,000"
40-4-5,40,4,5,Vendido,"450,000"
40-4-7,40,4,7,Vendido,"360,000"
40-4-8,40,4,8,Vendido,"350,000"
40-4-9,40,4,9,Vendido,"350,000"
40-4-11,40,4,11,Vendido,"370,000"
40-4-13,40,4,13,Vendido,"370,000"
40-4-14,40,4,14,Vendido,"420,000"
40-5-1,40,5,1,Vendido,"450,000"
40-5-2,40,5,2,Vendido,"330,000"
40-5-3,40,5,3,Vendido,"300,000"
40-5-5,40,5,5,Vendido,"370,000"
40-5-6,40,5,6,Vendido,"360,000"
40-5-7,40,5,7,Vendido,"360,000"
40-5-8,40,5,8,Vendido,"370,000"
40-5-9,40,5,9,Vendido,"360,000"
40-5-10,40,5,10,Vendido,"400,000"
40-5-12,40,5,12,Vendido,"380,000"
40-5-13,40,5,13,Vendido,"430,000"
40-6-1,40,6,1,Vendido,"500,000"
40-6-8,40,6,8,Vendido,"400,000"
40-6-9,40,6,9,Vendido,"400,000"
40-6-10,40,6,10,Vendido,"420,000"
40-6-11,40,6,11,Vendido,"420,000"
40-7-3,40,7,3,Vendido,"500,000"
40-7-4,40,7,4,Vendido,"500,000"
40-7-5,40,7,5,Vendido,"450,000"
40-8-1,40,8,1,Vendido,"500,000"
40-8-4,40,8,4,Vendido,"500,000"
40-8-5,40,8,5,Vendido,"500,000"
40-8-6,40,8,6,Vendido,"400,000"
40-8-7,40,8,7,Vendido,"400,000"
40-9-1,40,9,1,Vendido,"600,000"
40-9-2,40,9,2,Vendido,"400,000"
40-9-3,40,9,3,Vendido,"600,000"
40-9-4,40,9,4,Vendido,"600,000"
40-9-5,40,9,5,Vendido,"630,000"
40-9-7,40,9,7,Vendido,"600,000"
40-10-1,40,10,1,Vendido,"550,000"
40-10-2,40,10,2,Vendido,"550,000"
40-10-3,40,10,3,Vendido,"550,000"
40-10-4,40,10,4,Vendido,"650,000"
40-10-5,40,10,5,Vendido,"680,000"
40-10-6,40,10,6,Vendido,"680,000"
40-10-7,40,10,7,Vendido,"680,000"
40-10-8,40,10,8,Vendido,"700,000"
40-10-9,40,10,9,Vendido,"700,000"
40-10-11,40,10,11,Vendido,"700,000"
40-11-3,40,11,3,Vendido,"480,000"
40-11-4,40,11,4,Vendido,"380,000"
40-11-5,40,11,5,Vendido,"450,000"
40-11-6,40,11,6,Vendido,"600,000"
40-11-7,40,11,7,Vendido,"550,000"
40-11-8,40,11,8,Vendido,"550,000"
40-11-9,40,11,9,Vendido,"550,000"
40-11-10,40,11,10,Vendido,"550,000"
40-12-2,40,12,2,Vendido,"1,352,750"
40-12-5,40,12,5,Vendido,"400,000"
40-13-1,40,13,1,Vendido,"400,000"
40-13-2,40,13,2,Vendido,"420,000"
40-13-3,40,13,3,Vendido,"450,000"
40-13-4,40,13,4,Vendido,"420,000"
40-13-5,40,13,5,Vendido,"400,000"
40-13-6,40,13,6,Vendido,"370,000"
40-13-7,40,13,7,Vendido,"420,000"
40-13-8,40,13,8,Vendido,"1,325,000"
40-13-9,40,13,9,Vendido,"450,000"
40-13-10,40,13,10,Vendido,"450,000"
40-13-12,40,13,12,Vendido,"350,000"
40-13-13,40,13,13,Vendido,"350,000"
40-13-14,40,13,14,Vendido,"350,000"
40-14-1,40,14,1,Vendido,"380,000"
40-14-2,40,14,2,Vendido,"380,000"
40-14-3,40,14,3,Vendido,"380,000"
40-14-4,40,14,4,Vendido,"450,000"
40-14-5,40,14,5,Vendido,"380,000"
40-14-6,40,14,6,Vendido,"400,000"
40-14-7,40,14,7,Vendido,"390,000"
40-14-9,40,14,9,Vendido,"400,000"
40-14-10,40,14,10,Vendido,"450,000"
40-14-11,40,14,11,Vendido,"400,000"
40-14-12,40,14,12,Vendido,"400,000"
40-14-13,40,14,13,Vendido,"450,000"
40-14-14,40,14,14,Vendido,"400,000"
40-14-15,40,14,15,Vendido,"400,000"
40-15-2,40,15,2,Vendido,"350,000"
40-15-3,40,15,3,Vendido,"350,000"
40-15-4,40,15,4,Vendido,"350,000"
40-15-5,40,15,5,Vendido,"350,000"
40-15-6,40,15,6,Vendido,"390,000"
40-15-7,40,15,7,Vendido,"400,000"
40-15-8,40,15,8,Vendido,"390,000"
40-15-9,40,15,9,Vendido,"390,000"
40-15-11,40,15,11,Vendido,"500,000"
40-15-12,40,15,12,Vendido,"480,000"
40-15-13,40,15,13,Vendido,"480,000"
40-15-14,40,15,14,Vendido,"480,000"
40-15-15,40,15,15,Vendido,"400,000"
40-16-1,40,16,1,Vendido,"370,000"
40-16-2,40,16,2,Vendido,"390,000"
40-16-3,40,16,3,Vendido,"400,000"
40-16-4,40,16,4,Vendido,"370,000"
40-16-5,40,16,5,Vendido,"370,000"
40-16-6,40,16,6,Vendido,"370,000"
40-16-8,40,16,8,Vendido,"400,000"
40-16-9,40,16,9,Vendido,"370,000"
40-16-10,40,16,10,Vendido,"400,000"
40-16-12,40,16,12,Vendido,"400,000"
40-16-13,40,16,13,Vendido,"370,000"
40-16-14,40,16,14,Vendido,"370,000"
40-16-15,40,16,15,Vendido,"400,000"
40-16-16,40,16,16,Vendido,"380,000"
40-16-19,40,16,19,Vendido,"370,000"
40-4-12,40,4,12,No disponible para la venta,"400,000"
40-5-11,40,5,11,No disponible para la venta,"500,000"
41-2-3,41,2,3,Bloqueado,"600,000"
41-4-8,41,4,8,Bloqueado,"470,000"
41-4-9,41,4,9,Bloqueado,"450,000"
41-4-10,41,4,10,Bloqueado,"490,000"
41-4-11,41,4,11,Bloqueado,"520,000"
41-4-12,41,4,12,Bloqueado,"490,000"
41-4-13,41,4,13,Bloqueado,"490,000"
41-4-14,41,4,14,Bloqueado,"540,000"
41-5-10,41,5,10,Bloqueado,"500,000"
41-5-11,41,5,11,Bloqueado,"480,000"
41-5-12,41,5,12,Bloqueado,"500,000"
41-6-4,41,6,4,Bloqueado,"400,000"
41-6-5,41,6,5,Bloqueado,"400,000"
41-6-6,41,6,6,Bloqueado,"450,000"
41-6-8,41,6,8,Bloqueado,"420,000"
41-6-9,41,6,9,Bloqueado,"400,000"
41-6-10,41,6,10,Bloqueado,"400,000"
41-7-3,41,7,3,Bloqueado,"400,000"
41-7-5,41,7,5,Bloqueado,"410,000"
41-7-6,41,7,6,Bloqueado,"500,000"
41-7-7,41,7,7,Bloqueado,"400,000"
41-7-8,41,7,8,Bloqueado,"400,000"
41-7-9,41,7,9,Bloqueado,"400,000"
41-7-10,41,7,10,Bloqueado,"400,000"
41-7-11,41,7,11,Bloqueado,"350,000"
41-8-1,41,8,1,Bloqueado,"450,000"
41-8-6,41,8,6,Bloqueado,"400,000"
41-8-7,41,8,7,Bloqueado,"500,000"
41-8-10,41,8,10,Bloqueado,"450,000"
41-8-11,41,8,11,Bloqueado,"450,000"
41-8-14,41,8,14,Bloqueado,"450,000"
41-8-15,41,8,15,Bloqueado,"450,000"
41-8-16,41,8,16,Bloqueado,"450,000"
41-9-1,41,9,1,Bloqueado,"450,000"
41-9-2,41,9,2,Bloqueado,"420,000"
41-9-3,41,9,3,Bloqueado,"400,000"
41-9-4,41,9,4,Bloqueado,"400,000"
41-9-15,41,9,15,Bloqueado,"450,000"
41-9-16,41,9,16,Bloqueado,"450,000"
41-10-1,41,10,1,Bloqueado,"330,000"
41-10-3,41,10,3,Bloqueado,"320,000"
41-10-6,41,10,6,Bloqueado,"400,000"
41-10-7,41,10,7,Bloqueado,"450,000"
41-10-8,41,10,8,Bloqueado,"450,000"
41-10-9,41,10,9,Bloqueado,"450,000"
41-10-10,41,10,10,Bloqueado,"450,000"
41-10-11,41,10,11,Bloqueado,"450,000"
41-10-13,41,10,13,Bloqueado,"350,000"
41-11-7,41,11,7,Bloqueado,"450,000"
41-11-8,41,11,8,Bloqueado,"450,000"
41-11-9,41,11,9,Bloqueado,"450,000"
41-11-10,41,11,10,Bloqueado,"450,000"
41-11-11,41,11,11,Bloqueado,"450,000"
41-11-14,41,11,14,Bloqueado,"350,000"
41-11-17,41,11,17,Bloqueado,"310,000"
41-12-1,41,12,1,Bloqueado,"370,000"
41-12-2,41,12,2,Bloqueado,"470,000"
41-12-3,41,12,3,Bloqueado,"450,000"
41-12-4,41,12,4,Bloqueado,"450,000"
41-12-5,41,12,5,Bloqueado,"450,000"
41-12-8,41,12,8,Bloqueado,"350,000"
41-1-1,41,1,1,Cancelado,"1,200,000"
41-1-2,41,1,2,Cancelado,"1,100,000"
41-3-4,41,3,4,Cancelado,"29,250,000"
41-4-1,41,4,1,Cancelado,"2,840,000"
41-4-3,41,4,3,Cancelado,"1,275,000"
41-4-18,41,4,18,Cancelado,"2,167,000"
41-5-9,41,5,9,Cancelado,"1,480,000"
41-6-1,41,6,1,Cancelado,"2,167,000"
41-6-12,41,6,12,Cancelado,"400,000"
41-6-13,41,6,13,Cancelado,"400,000"
41-6-14,41,6,14,Cancelado,"2,167,000"
41-6-15,41,6,15,Cancelado,"2,167,000"
41-9-8,41,9,8,Cancelado,"1,920,000"
41-9-9,41,9,9,Cancelado,"2,362,500"
41-9-10,41,9,10,Cancelado,"1,876,500"
41-12-6,41,12,6,Cancelado,"300,000"
41-6-7,41,6,7,Bloqueo por falta de Datos,"450,000"
41-1-3,41,1,3,Vendido,"1,100,000"
41-1-4,41,1,4,Vendido,"750,000"
41-1-5,41,1,5,Vendido,"750,000"
41-1-6,41,1,6,Vendido,"750,000"
41-2-1,41,2,1,Vendido,"700,000"
41-2-2,41,2,2,Vendido,"700,000"
41-2-4,41,2,4,Vendido,"550,000"
41-2-5,41,2,5,Vendido,"650,000"
41-2-6,41,2,6,Vendido,"600,000"
41-3-1,41,3,1,Vendido,"650,000"
41-3-2,41,3,2,Vendido,"500,000"
41-3-3,41,3,3,Vendido,"500,000"
41-3-5,41,3,5,Vendido,"450,000"
41-3-6,41,3,6,Vendido,"600,000"
41-3-7,41,3,7,Vendido,"550,000"
41-3-8,41,3,8,Vendido,"550,000"
41-3-9,41,3,9,Vendido,"550,000"
41-4-2,41,4,2,Vendido,"450,000"
41-4-4,41,4,4,Vendido,"450,000"
41-4-7,41,4,7,Vendido,"400,000"
41-4-15,41,4,15,Vendido,"400,000"
41-4-16,41,4,16,Vendido,"420,000"
41-4-17,41,4,17,Vendido,"400,000"
41-4-19,41,4,19,Vendido,"400,000"
41-5-1,41,5,1,Vendido,"500,000"
41-5-2,41,5,2,Vendido,"350,000"
41-5-3,41,5,3,Vendido,"350,000"
41-5-4,41,5,4,Vendido,"350,000"
41-5-5,41,5,5,Vendido,"450,000"
41-5-6,41,5,6,Vendido,"350,000"
41-5-7,41,5,7,Vendido,"350,000"
41-5-8,41,5,8,Vendido,"350,000"
41-5-13,41,5,13,Vendido,"400,000"
41-6-2,41,6,2,Vendido,"350,000"
41-6-3,41,6,3,Vendido,"350,000"
41-6-11,41,6,11,Vendido,"350,000"
41-7-1,41,7,1,Vendido,"400,000"
41-7-2,41,7,2,Vendido,"350,000"
41-7-4,41,7,4,Vendido,"350,000"
41-7-12,41,7,12,Vendido,"350,000"
41-7-13,41,7,13,Vendido,"400,000"
41-7-14,41,7,14,Vendido,"400,000"
41-7-15,41,7,15,Vendido,"400,000"
41-7-16,41,7,16,Vendido,"400,000"
41-8-2,41,8,2,Vendido,"350,000"
41-8-3,41,8,3,Vendido,"350,000"
41-8-4,41,8,4,Vendido,"350,000"
41-8-5,41,8,5,Vendido,"350,000"
41-8-8,41,8,8,Vendido,"450,000"
41-8-9,41,8,9,Vendido,"350,000"
41-8-12,41,8,12,Vendido,"370,000"
41-8-13,41,8,13,Vendido,"370,000"
41-8-17,41,8,17,Vendido,"400,000"
41-9-5,41,9,5,Vendido,"350,000"
41-9-6,41,9,6,Vendido,"350,000"
41-9-7,41,9,7,Vendido,"300,000"
41-9-11,41,9,11,Vendido,"300,000"
41-9-12,41,9,12,Vendido,"300,000"
41-9-13,41,9,13,Vendido,"320,000"
41-9-14,41,9,14,Vendido,"300,000"
41-9-17,41,9,17,Vendido,"400,000"
41-9-18,41,9,18,Vendido,"400,000"
41-10-2,41,10,2,Vendido,"250,000"
41-10-4,41,10,4,Vendido,"250,000"
41-10-5,41,10,5,Vendido,"250,000"
41-10-12,41,10,12,Vendido,"250,000"
41-10-14,41,10,14,Vendido,"250,000"
41-11-1,41,11,1,Vendido,"250,000"
41-11-2,41,11,2,Vendido,"250,000"
41-11-3,41,11,3,Vendido,"250,000"
41-11-4,41,11,4,Vendido,"250,000"
41-11-5,41,11,5,Vendido,"250,000"
41-11-6,41,11,6,Vendido,"300,000"
41-11-12,41,11,12,Vendido,"300,000"
41-11-13,41,11,13,Vendido,"250,000"
41-11-15,41,11,15,Vendido,"260,000"
41-11-16,41,11,16,Vendido,"250,000"
41-12-7,41,12,7,Vendido,"250,000"
41-13-1,41,13,1,Vendido,"450,000"
41-13-2,41,13,2,Vendido,"400,000"
41-13-3,41,13,3,Vendido,"400,000"
41-13-4,41,13,4,Vendido,"400,000"
42-2-6,42,2,6,Libre (R),"380,000"
42-2-7,42,2,7,Libre (R),"380,000"
42-1-9,42,1,9,Libre,"380,000"
42-1-10,42,1,10,Libre,"380,000"
42-1-11,42,1,11,Libre,"380,000"
42-2-1,42,2,1,Libre,"400,000"
42-2-2,42,2,2,Libre,"360,000"
42-2-3,42,2,3,Libre,"360,000"
42-2-4,42,2,4,Libre,"360,000"
42-2-5,42,2,5,Libre,"360,000"
42-2-8,42,2,8,Libre,"360,000"
42-2-11,42,2,11,Libre,"360,000"
42-2-12,42,2,12,Libre,"360,000"
42-2-13,42,2,13,Libre,"400,000"
42-3-1,42,3,1,Libre,"400,000"
42-3-2,42,3,2,Libre,"400,000"
42-1-1,42,1,1,Vendido,"400,000"
42-1-2,42,1,2,Vendido,"380,000"
42-1-3,42,1,3,Vendido,"380,000"
42-1-4,42,1,4,Vendido,"380,000"
42-1-5,42,1,5,Vendido,"380,000"
42-1-6,42,1,6,Vendido,"380,000"
42-1-7,42,1,7,Vendido,"380,000"
42-1-8,42,1,8,Vendido,"380,000"
42-1-12,42,1,12,Vendido,"380,000"
42-1-13,42,1,13,Vendido,"380,000"
42-1-14,42,1,14,Vendido,"400,000"
42-2-9,42,2,9,Vendido,"360,000"
42-2-10,42,2,10,Vendido,"360,000"
43-2-2,43,2,2,Cancelado,"22,750,000"
43-4-6,43,4,6,Cancelado,"1,735,000"
43-4-7,43,4,7,Cancelado,"1,842,000"
43-1-1,43,1,1,Libre (R),"300,000"
43-2-11,43,2,11,Libre (R),"400,000"
43-2-12,43,2,12,Libre (R),"400,000"
43-3-5,43,3,5,Libre (R),"350,000"
43-3-6,43,3,6,Libre (R),"350,000"
43-3-12,43,3,12,Libre (R),"350,000"
43-4-1,43,4,1,Libre (R),"350,000"
43-4-8,43,4,8,Libre (R),"350,000"
43-4-11,43,4,11,Libre (R),"350,000"
43-4-12,43,4,12,Libre (R),"350,000"
43-1-6,43,1,6,Libre,"300,000"
43-1-7,43,1,7,Libre,"320,000"
43-2-3,43,2,3,Libre,"350,000"
43-2-8,43,2,8,Libre,"350,000"
43-2-9,43,2,9,Libre,"350,000"
43-3-1,43,3,1,Libre,"350,000"
43-3-2,43,3,2,Libre,"350,000"
43-3-8,43,3,8,Libre,"350,000"
43-3-9,43,3,9,Libre,"350,000"
43-4-4,43,4,4,Libre,"320,000"
43-4-5,43,4,5,Libre,"330,000"
43-5-5,43,5,5,Libre,"280,000"
43-5-6,43,5,6,Libre,"280,000"
43-5-7,43,5,7,Libre,"280,000"
43-5-8,43,5,8,Libre,"280,000"
43-1-2,43,1,2,Vendido,"250,000"
43-1-3,43,1,3,Vendido,"250,000"
43-1-4,43,1,4,Vendido,"260,000"
43-1-5,43,1,5,Vendido,"280,000"
43-1-8,43,1,8,Vendido,"320,000"
43-1-9,43,1,9,Vendido,"320,000"
43-2-1,43,2,1,Vendido,"350,000"
43-2-4,43,2,4,Vendido,"350,000"
43-2-5,43,2,5,Vendido,"350,000"
43-2-6,43,2,6,Vendido,"350,000"
43-2-7,43,2,7,Vendido,"350,000"
43-2-10,43,2,10,Vendido,"380,000"
43-3-3,43,3,3,Vendido,"330,000"
43-3-4,43,3,4,Vendido,"330,000"
43-3-7,43,3,7,Vendido,"350,000"
43-3-10,43,3,10,Vendido,"340,000"
43-3-11,43,3,11,Vendido,"340,000"
43-4-2,43,4,2,Vendido,"320,000"
43-4-3,43,4,3,Vendido,"320,000"
43-4-9,43,4,9,Vendido,"330,000"
43-4-10,43,4,10,Vendido,"330,000"
43-5-1,43,5,1,Vendido,"260,000"
44-1-9,44,1,9,Libre (R),"350,000"
44-4-1,44,4,1,Libre (R),"330,000"
44-4-2,44,4,2,Libre (R),"300,000"
44-1-4,44,1,4,Libre,"250,000"
44-1-5,44,1,5,Libre,"260,000"
44-1-1,44,1,1,Vendido,"260,000"
44-1-2,44,1,2,Vendido,"250,000"
44-1-3,44,1,3,Vendido,"250,000"
44-1-6,44,1,6,Vendido,"280,000"
44-1-7,44,1,7,Vendido,"320,000"
44-1-8,44,1,8,Vendido,"320,000"
44-2-1,44,2,1,Vendido,"350,000"
44-2-2,44,2,2,Vendido,"350,000"
44-2-3,44,2,3,Vendido,"350,000"
44-2-4,44,2,4,Vendido,"350,000"
44-2-5,44,2,5,Vendido,"350,000"
44-2-6,44,2,6,Vendido,"350,000"
44-2-7,44,2,7,Vendido,"350,000"
44-2-8,44,2,8,Vendido,"450,000"
44-3-1,44,3,1,Vendido,"350,000"
44-3-2,44,3,2,Vendido,"340,000"
44-3-3,44,3,3,Vendido,"340,000"
44-3-4,44,3,4,Vendido,"330,000"
44-3-5,44,3,5,Vendido,"330,000"
44-3-6,44,3,6,Vendido,"320,000"
44-3-7,44,3,7,Vendido,"320,000"
45-1-14,45,1,14,Reserva de Propietario,0
45-1-1,45,1,1,Vendido,"450,000"
45-1-2,45,1,2,Vendido,"400,000"
45-1-3,45,1,3,Vendido,"360,000"
45-1-4,45,1,4,Vendido,"360,000"
45-1-5,45,1,5,Vendido,"360,000"
45-1-6,45,1,6,Vendido,"400,000"
45-1-7,45,1,7,Vendido,"380,000"
45-1-8,45,1,8,Vendido,"360,000"
45-1-9,45,1,9,Vendido,"380,000"
45-1-10,45,1,10,Vendido,"380,000"
45-1-11,45,1,11,Vendido,"500,000"
45-1-12,45,1,12,Vendido,"500,000"
45-1-13,45,1,13,Vendido,"500,000"
45-1-15,45,1,15,Vendido,"500,000"
45-2-2,45,2,2,Vendido,"350,000"
45-2-3,45,2,3,Vendido,"350,000"
45-2-4,45,2,4,Vendido,"350,000"
45-2-5,45,2,5,Vendido,"400,000"
45-2-6,45,2,6,Vendido,"400,000"
45-2-7,45,2,7,Vendido,"380,000"
45-2-8,45,2,8,Vendido,"400,000"
45-2-9,45,2,9,Vendido,"400,000"
45-2-10,45,2,10,Vendido,"380,000"
45-2-11,45,2,11,Vendido,"350,000"
45-2-12,45,2,12,Vendido,"370,000"
45-2-13,45,2,13,Vendido,"350,000"
45-2-14,45,2,14,Vendido,"370,000"
45-2-15,45,2,15,Vendido,"350,000"
45-2-16,45,2,16,Vendido,"350,000"
45-2-17,45,2,17,Vendido,"350,000"
45-2-18,45,2,18,Vendido,"400,000"
45-3-1,45,3,1,Vendido,"300,000"
45-3-2,45,3,2,Vendido,"330,000"
45-3-3,45,3,3,Vendido,"330,000"
45-3-4,45,3,4,Vendido,"330,000"
45-3-5,45,3,5,Vendido,"330,000"
45-3-6,45,3,6,Vendido,"370,000"
45-3-7,45,3,7,Vendido,"350,000"
45-3-8,45,3,8,Vendido,"300,000"
45-3-9,45,3,9,Vendido,"380,000"
45-3-10,45,3,10,Vendido,"340,000"
45-3-11,45,3,11,Vendido,"340,000"
46-1-5,46,1,5,Cancelado,"1,625,000"
46-2-1,46,2,1,Libre (R),"390,000"
46-1-1,46,1,1,Vendido,"400,000"
46-1-2,46,1,2,Vendido,"280,000"
46-1-3,46,1,3,Vendido,"280,000"
46-1-4,46,1,4,Vendido,"300,000"
46-1-6,46,1,6,Vendido,"270,000"
46-1-7,46,1,7,Vendido,"270,000"
46-1-8,46,1,8,Vendido,"300,000"
46-1-9,46,1,9,Vendido,"270,000"
46-1-10,46,1,10,Vendido,"270,000"
46-1-11,46,1,11,Vendido,"290,000"
46-1-12,46,1,12,Vendido,"390,000"
46-1-13,46,1,13,Vendido,"380,000"
46-1-14,46,1,14,Vendido,"380,000"
46-2-2,46,2,2,Vendido,"260,000"
46-2-3,46,2,3,Vendido,"260,000"
46-2-4,46,2,4,Vendido,"280,000"
46-2-5,46,2,5,Vendido,"300,000"
46-2-6,46,2,6,Vendido,"270,000"
46-2-7,46,2,7,Vendido,"250,000"
46-2-8,46,2,8,Vendido,"300,000"
46-2-9,46,2,9,Vendido,"300,000"
46-2-10,46,2,10,Vendido,"250,000"
46-2-11,46,2,11,Vendido,"250,000"
46-2-12,46,2,12,Vendido,"390,000"
46-2-13,46,2,13,Vendido,"360,000"
46-2-14,46,2,14,Vendido,"360,000"
47-2-13,47,2,13,Cancelado,"14,040,000"
47-2-6,47,2,6,Libre (R),"300,000"
47-2-24,47,2,24,Libre (R),"300,000"
47-3-22,47,3,22,Libre (R),"300,000"
47-1-4,47,1,4,Libre,"320,000"
47-1-5,47,1,5,Libre,"400,000"
47-1-6,47,1,6,Libre,"450,000"
47-1-7,47,1,7,Libre,"450,000"
47-1-8,47,1,8,Libre,"450,000"
47-1-9,47,1,9,Libre,"450,000"
47-1-10,47,1,10,Libre,"420,000"
47-1-11,47,1,11,Libre,"420,000"
47-1-12,47,1,12,Libre,"430,000"
47-1-13,47,1,13,Libre,"430,000"
47-1-14,47,1,14,Libre,"430,000"
47-1-15,47,1,15,Libre,"430,000"
47-1-16,47,1,16,Libre,"430,000"
47-1-17,47,1,17,Libre,"430,000"
47-1-18,47,1,18,Libre,"480,000"
47-2-14,47,2,14,Libre,"300,000"
47-2-20,47,2,20,Libre,"330,000"
47-2-21,47,2,21,Libre,"330,000"
47-2-23,47,2,23,Libre,"330,000"
47-3-14,47,3,14,Libre,"320,000"
47-3-15,47,3,15,Libre,"320,000"
47-3-16,47,3,16,Libre,"320,000"
47-3-17,47,3,17,Libre,"330,000"
47-3-19,47,3,19,Libre,"330,000"
47-3-20,47,3,20,Libre,"330,000"
47-4-8,47,4,8,Libre,"430,000"
47-4-9,47,4,9,Libre,"430,000"
47-4-10,47,4,10,Libre,"430,000"
47-4-11,47,4,11,Libre,"430,000"
47-4-15,47,4,15,Libre,"380,000"
47-4-16,47,4,16,Libre,"380,000"
47-4-17,47,4,17,Libre,"380,000"
47-4-18,47,4,18,Libre,"380,000"
47-4-19,47,4,19,Libre,"380,000"
47-4-20,47,4,20,Libre,"380,000"
47-4-21,47,4,21,Libre,"380,000"
47-4-22,47,4,22,Libre,"400,000"
47-6-3,47,6,3,Libre,"320,000"
47-6-4,47,6,4,Libre,"350,000"
47-6-6,47,6,6,Libre,"400,000"
47-4-5,47,4,5,Reserva,"400,000"
47-1-1,47,1,1,Vendido,"700,000"
47-1-2,47,1,2,Vendido,"600,000"
47-1-3,47,1,3,Vendido,"320,000"
47-2-1,47,2,1,Vendido,"320,000"
47-2-2,47,2,2,Vendido,"280,000"
47-2-3,47,2,3,Vendido,"270,000"
47-2-4,47,2,4,Vendido,"270,000"
47-2-5,47,2,5,Vendido,"270,000"
47-2-7,47,2,7,Vendido,"270,000"
47-2-8,47,2,8,Vendido,"270,000"
47-2-9,47,2,9,Vendido,"270,000"
47-2-10,47,2,10,Vendido,"220,000"
47-2-11,47,2,11,Vendido,"220,000"
47-2-12,47,2,12,Vendido,"270,000"
47-2-15,47,2,15,Vendido,"250,000"
47-2-16,47,2,16,Vendido,"300,000"
47-2-17,47,2,17,Vendido,"300,000"
47-2-18,47,2,18,Vendido,"300,000"
47-2-19,47,2,19,Vendido,"330,000"
47-2-22,47,2,22,Vendido,"300,000"
47-3-1,47,3,1,Vendido,"330,000"
47-3-2,47,3,2,Vendido,"300,000"
47-3-3,47,3,3,Vendido,"320,000"
47-3-4,47,3,4,Vendido,"250,000"
47-3-5,47,3,5,Vendido,"250,000"
47-3-6,47,3,6,Vendido,"250,000"
47-3-7,47,3,7,Vendido,"290,000"
47-3-8,47,3,8,Vendido,"290,000"
47-3-9,47,3,9,Vendido,"290,000"
47-3-10,47,3,10,Vendido,"250,000"
47-3-11,47,3,11,Vendido,"250,000"
47-3-12,47,3,12,Vendido,"350,000"
47-3-13,47,3,13,Vendido,"290,000"
47-3-18,47,3,18,Vendido,"250,000"
47-3-21,47,3,21,Vendido,"310,000"
47-4-1,47,4,1,Vendido,"430,000"
47-4-2,47,4,2,Vendido,"420,000"
47-4-3,47,4,3,Vendido,"430,000"
47-4-4,47,4,4,Vendido,"430,000"
47-4-6,47,4,6,Vendido,"375,000"
47-4-7,47,4,7,Vendido,"375,000"
47-4-12,47,4,12,Vendido,"390,000"
47-4-13,47,4,13,Vendido,"310,000"
47-4-14,47,4,14,Vendido,"310,000"
47-5-1,47,5,1,Vendido,"400,000"
47-5-2,47,5,2,Vendido,"400,000"
47-5-3,47,5,3,Vendido,"400,000"
47-5-4,47,5,4,Vendido,"400,000"
47-5-5,47,5,5,Vendido,"400,000"
47-5-6,47,5,6,Vendido,"400,000"
47-5-7,47,5,7,Vendido,"400,000"
47-6-1,47,6,1,Vendido,"700,000"
47-6-2,47,6,2,Vendido,"600,000"
47-6-5,47,6,5,Vendido,"270,000"
47-6-7,47,6,7,Vendido,"430,000"
47-6-8,47,6,8,Vendido,"450,000"
47-6-9,47,6,9,Vendido,"600,000"
48-D-6,48,D,6,Reserva de Propietario,"1,000,000"
48-D-7,48,D,7,Reserva de Propietario,"1,000,000"
48-D-8,48,D,8,Reserva de Propietario,"1,000,000"
48-D-9,48,D,9,Reserva de Propietario,"1,000,000"
48-D-10,48,D,10,Reserva de Propietario,"1,000,000"
48-G-7,48,G,7,Libre (R),"550,000"
48-H-9,48,H,9,Libre (R),"550,000"
48-J-1,48,J,1,Libre (R),"450,000"
48-J-2,48,J,2,Libre (R),"380,000"
48-J-16,48,J,16,Libre (R),"450,000"
48-J-17,48,J,17,Libre (R),"450,000"
48-K-1,48,K,1,Libre (R),"500,000"
48-K-4,48,K,4,Libre (R),"500,000"
48-K-5,48,K,5,Libre (R),"500,000"
48-K-8,48,K,8,Libre (R),"550,000"
48-K-9,48,K,9,Libre (R),"550,000"
48-L-5,48,L,5,Libre (R),"475,000"
48-L-6,48,L,6,Libre (R),"400,000"
48-M-4,48,M,4,Libre (R),"400,000"
48-M-5,48,M,5,Libre (R),"380,000"
48-M-6,48,M,6,Libre (R),"380,000"
48-M-7,48,M,7,Libre (R),"400,000"
48-M-8,48,M,8,Libre (R),"380,000"
48-N-1,48,N,1,Libre (R),"680,000"
48-C-2,48,C,2,Libre,"830,000"
48-C-3,48,C,3,Libre,"830,000"
48-C-4,48,C,4,Libre,"830,000"
48-C-6,48,C,6,Libre,"830,000"
48-C-8,48,C,8,Libre,"1,000,000"
48-D-4,48,D,4,Libre,"1,000,000"
48-D-5,48,D,5,Libre,"1,000,000"
48-E-2,48,E,2,Libre,"750,000"
48-E-3,48,E,3,Libre,"750,000"
48-E-4,48,E,4,Libre,"750,000"
48-E-5,48,E,5,Libre,"750,000"
48-F-1,48,F,1,Libre,"900,000"
48-F-2,48,F,2,Libre,"900,000"
48-F-3,48,F,3,Libre,"900,000"
48-F-4,48,F,4,Libre,"900,000"
48-F-5,48,F,5,Libre,"900,000"
48-F-6,48,F,6,Libre,"900,000"
48-G-4,48,G,4,Libre,"540,000"
48-G-5,48,G,5,Libre,"540,000"
48-G-6,48,G,6,Libre,"540,000"
48-H-2,48,H,2,Libre,"700,000"
48-H-3,48,H,3,Libre,"700,000"
48-H-4,48,H,4,Libre,"700,000"
48-H-5,48,H,5,Libre,"700,000"
48-H-6,48,H,6,Libre,"700,000"
48-H-10,48,H,10,Libre,"550,000"
48-H-11,48,H,11,Libre,"550,000"
48-H-14,48,H,14,Libre,"550,000"
48-J-14,48,J,14,Libre,"450,000"
48-J-15,48,J,15,Libre,"450,000"
48-J-19,48,J,19,Libre,"450,000"
48-K-2,48,K,2,Libre,"500,000"
48-K-3,48,K,3,Libre,"550,000"
48-K-6,48,K,6,Libre,"500,000"
48-L-1,48,L,1,Libre,"430,000"
48-L-2,48,L,2,Libre,"440,000"
48-L-3,48,L,3,Libre,"400,000"
48-N-2,48,N,2,Libre,"680,000"
48-N-3,48,N,3,Libre,"680,000"
48-N-4,48,N,4,Libre,"700,000"
48-N-5,48,N,5,Libre,"700,000"
48-N-6,48,N,6,Libre,"700,000"
48-C-5,48,C,5,Vendido,"830,000"
48-C-7,48,C,7,Vendido,"1,000,000"
48-E-1,48,E,1,Vendido,"800,000"
48-E-6,48,E,6,Vendido,"675,000"
48-E-7,48,E,7,Vendido,"800,000"
48-E-8,48,E,8,Vendido,"800,000"
48-E-12,48,E,12,Vendido,"850,000"
48-G-1,48,G,1,Vendido,"595,000"
48-G-2,48,G,2,Vendido,"540,000"
48-G-3,48,G,3,Vendido,"540,000"
48-G-8,48,G,8,Vendido,"590,000"
48-G-9,48,G,9,Vendido,"650,000"
48-G-10,48,G,10,Vendido,"585,000"
48-G-11,48,G,11,Vendido,"650,000"
48-G-12,48,G,12,Vendido,"670,000"
48-H-1,48,H,1,Vendido,"720,000"
48-H-13,48,H,13,Vendido,"550,000"
48-J-3,48,J,3,Vendido,"380,000"
48-J-4,48,J,4,Vendido,"380,000"
48-J-5,48,J,5,Vendido,"380,000"
48-J-6,48,J,6,Vendido,"380,000"
48-J-7,48,J,7,Vendido,"380,000"
48-J-8,48,J,8,Vendido,"380,000"
48-J-9,48,J,9,Vendido,"550,000"
48-J-10,48,J,10,Vendido,"450,000"
48-J-11,48,J,11,Vendido,"495,000"
48-J-12,48,J,12,Vendido,"495,000"
48-J-13,48,J,13,Vendido,"495,000"
48-J-18,48,J,18,Vendido,"405,000"
48-K-7,48,K,7,Vendido,"480,000"
48-L-7,48,L,7,Vendido,"440,000"
48-L-8,48,L,8,Vendido,"440,000"
48-L-9,48,L,9,Vendido,"440,000"
48-M-1,48,M,1,Vendido,"450,000"
48-M-2,48,M,2,Vendido,"500,000"
48-M-3,48,M,3,Vendido,"495,000"
48-M-9,48,M,9,Vendido,"380,000"
48-C-1,48,C,1,No disponible para la venta,0
48-C-9,48,C,9,No disponible para la venta,"1,000,000"
48-C-10,48,C,10,No disponible para la venta,0
48-D-1,48,D,1,No disponible para la venta,"1,000,000"
48-D-2,48,D,2,No disponible para la venta,"1,000,000"
48-D-3,48,D,3,No disponible para la venta,"1,000,000"
48-E-9,48,E,9,No disponible para la venta,0
48-E-10,48,E,10,No disponible para la venta,0
48-E-11,48,E,11,No disponible para la venta,0
48-F-7,48,F,7,No disponible para la venta,0
48-H-7,48,H,7,No disponible para la venta,0
48-H-8,48,H,8,No disponible para la venta,0
48-H-12,48,H,12,No disponible para la venta,"550,000"
48-H-15,48,H,15,No disponible para la venta,0
48-H-16,48,H,16,No disponible para la venta,0
48-H-17,48,H,17,No disponible para la venta,0
48-L-4,48,L,4,No disponible para la venta,0
49-4-9,49,4,9,Bloqueado,"400,000"
49-10-1,49,10,1,Bloqueado,"350,000"
49-11-1,49,11,1,Cancelado,"350,000"
49-11-2,49,11,2,Cancelado,"320,000"
49-1-5,49,1,5,Libre (R),"280,000"
49-1-6,49,1,6,Libre (R),"280,000"
49-1-8,49,1,8,Libre (R),"250,000"
49-2-1,49,2,1,Libre (R),"280,000"
49-2-2,49,2,2,Libre (R),"280,000"
49-2-3,49,2,3,Libre (R),"280,000"
49-2-4,49,2,4,Libre (R),"350,000"
49-2-5,49,2,5,Libre (R),"320,000"
49-2-6,49,2,6,Libre (R),"320,000"
49-2-7,49,2,7,Libre (R),"330,000"
49-2-8,49,2,8,Libre (R),"250,000"
49-2-9,49,2,9,Libre (R),"250,000"
49-2-10,49,2,10,Libre (R),"250,000"
49-3-1,49,3,1,Libre (R),"330,000"
49-3-6,49,3,6,Libre (R),"350,000"
49-4-1,49,4,1,Libre (R),"350,000"
49-4-4,49,4,4,Libre (R),"420,000"
49-7-6,49,7,6,Libre (R),"500,000"
49-11-6,49,11,6,Libre (R),"250,000"
49-1-7,49,1,7,Libre,"400,000"
49-1-9,49,1,9,Libre,"250,000"
49-1-10,49,1,10,Libre,"220,000"
49-3-2,49,3,2,Libre,"330,000"
49-3-3,49,3,3,Libre,"330,000"
49-3-5,49,3,5,Libre,"350,000"
49-4-2,49,4,2,Libre,"350,000"
49-4-3,49,4,3,Libre,"350,000"
49-4-5,49,4,5,Libre,"380,000"
49-4-6,49,4,6,Libre,"380,000"
49-4-7,49,4,7,Libre,"380,000"
49-4-8,49,4,8,Libre,"400,000"
49-5-1,49,5,1,Libre,"400,000"
49-5-2,49,5,2,Libre,"400,000"
49-5-3,49,5,3,Libre,"400,000"
49-5-4,49,5,4,Libre,"450,000"
49-5-5,49,5,5,Libre,"400,000"
49-5-6,49,5,6,Libre,"400,000"
49-5-7,49,5,7,Libre,"420,000"
49-5-8,49,5,8,Libre,"380,000"
49-5-9,49,5,9,Libre,"380,000"
49-5-10,49,5,10,Libre,"380,000"
49-6-1,49,6,1,Libre,"450,000"
49-6-2,49,6,2,Libre,"450,000"
49-6-3,49,6,3,Libre,"450,000"
49-6-4,49,6,4,Libre,"500,000"
49-6-5,49,6,5,Libre,"450,000"
49-6-6,49,6,6,Libre,"450,000"
49-6-7,49,6,7,Libre,"480,000"
49-6-8,49,6,8,Libre,"430,000"
49-6-9,49,6,9,Libre,"430,000"
49-6-10,49,6,10,Libre,"430,000"
49-7-1,49,7,1,Libre,"650,000"
49-7-2,49,7,2,Libre,"650,000"
49-7-3,49,7,3,Libre,"650,000"
49-7-4,49,7,4,Libre,"750,000"
49-7-7,49,7,7,Libre,"550,000"
49-7-8,49,7,8,Libre,"480,000"
49-7-9,49,7,9,Libre,"480,000"
49-7-10,49,7,10,Libre,"480,000"
49-8-1,49,8,1,Libre,"700,000"
49-8-2,49,8,2,Libre,"650,000"
49-8-3,49,8,3,Libre,"500,000"
49-8-4,49,8,4,Libre,"500,000"
49-8-5,49,8,5,Libre,"500,000"
49-8-6,49,8,6,Libre,"450,000"
49-8-7,49,8,7,Libre,"450,000"
49-8-8,49,8,8,Libre,"450,000"
49-8-9,49,8,9,Libre,"480,000"
49-9-1,49,9,1,Libre,"450,000"
49-9-2,49,9,2,Libre,"400,000"
49-9-3,49,9,3,Libre,"400,000"
49-9-4,49,9,4,Libre,"420,000"
49-10-2,49,10,2,Libre,"350,000"
49-10-3,49,10,3,Libre,"380,000"
49-11-4,49,11,4,Libre,"280,000"
49-11-9,49,11,9,Libre,"200,000"
49-11-10,49,11,10,Libre,"350,000"
49-1-1,49,1,1,Vendido,"200,000"
49-1-2,49,1,2,Vendido,"200,000"
49-1-3,49,1,3,Vendido,"200,000"
49-1-4,49,1,4,Vendido,"300,000"
49-3-4,49,3,4,Vendido,"380,000"
49-3-7,49,3,7,Vendido,"380,000"
49-3-8,49,3,8,Vendido,"320,000"
49-3-9,49,3,9,Vendido,"320,000"
49-3-10,49,3,10,Vendido,"320,000"
49-7-5,49,7,5,Vendido,"500,000"
49-11-3,49,11,3,Vendido,"320,000"
49-11-5,49,11,5,Vendido,"280,000"
49-11-7,49,11,7,Vendido,"180,000"
49-11-8,49,11,8,Vendido,"180,000"
5-1-7,5,1,7,Cancelado,"300,000"
5-4-6,5,4,6,Cancelado,"500,000"
5-5-3,5,5,3,Cancelado,"150,000"
5-7-3,5,7,3,Cancelado,"600,000"
5-7-4,5,7,4,Cancelado,"600,000"
5-8-17,5,8,17,Cancelado,"500,000"
5-8-18,5,8,18,Cancelado,"500,000"
5-9-2,5,9,2,Cancelado,"1,100,000"
5-9-12,5,9,12,Cancelado,"900,000"
5-4-18,5,4,18,Recuperado Libre,"800,000"
5-8-5,5,8,5,Recuperado Libre,0
5-8-8,5,8,8,Recuperado Libre,0
5-2-9,5,2,9,Libre (R),"900,000"
5-2-18,5,2,18,Libre (R),"800,000"
5-2-20,5,2,20,Libre (R),"800,000"
5-3-8,5,3,8,Libre (R),"800,000"
5-4-1,5,4,1,Libre (R),"800,000"
5-5-15,5,5,15,Libre (R),"700,000"
5-5-16,5,5,16,Libre (R),"700,000"
5-5-17,5,5,17,Libre (R),"700,000"
5-7-12,5,7,12,Libre (R),"700,000"
5-7-13,5,7,13,Libre (R),"700,000"
5-8-1,5,8,1,Libre (R),"700,000"
5-9-5,5,9,5,Libre (R),"800,000"
5-3-9,5,3,9,Libre,"800,000"
5-3-12,5,3,12,Libre,"700,000"
5-3-13,5,3,13,Libre,"700,000"
5-3-14,5,3,14,Libre,"700,000"
5-4-2,5,4,2,Libre,"800,000"
5-4-3,5,4,3,Libre,"800,000"
5-4-4,5,4,4,Libre,"800,000"
5-4-5,5,4,5,Libre,"800,000"
5-5-12,5,5,12,Libre,"700,000"
5-5-14,5,5,14,Libre,"700,000"
5-6-1,5,6,1,Libre,"700,000"
5-6-14,5,6,14,Libre,"700,000"
5-6-16,5,6,16,Libre,"700,000"
5-6-17,5,6,17,Libre,"700,000"
5-6-18,5,6,18,Libre,"700,000"
5-7-1,5,7,1,Libre,"700,000"
5-7-17,5,7,17,Libre,"700,000"
5-7-18,5,7,18,Libre,"700,000"
5-8-2,5,8,2,Libre,"800,000"
5-8-3,5,8,3,Libre,"800,000"
5-8-4,5,8,4,Libre,"800,000"
5-9-10,5,9,10,Libre,"2,000,000"
5-9-11,5,9,11,Libre,"2,200,000"
5-1-2,5,1,2,Vendido,"450,000"
5-1-3,5,1,3,Vendido,"450,000"
5-1-4,5,1,4,Vendido,"900,000"
5-1-5,5,1,5,Vendido,"450,000"
5-1-6,5,1,6,Vendido,"500,000"
5-1-8,5,1,8,Vendido,"400,000"
5-1-9,5,1,9,Vendido,"500,000"
5-1-10,5,1,10,Vendido,"500,000"
5-1-11,5,1,11,Vendido,"400,000"
5-1-12,5,1,12,Vendido,"500,000"
5-1-13,5,1,13,Vendido,"450,000"
5-1-14,5,1,14,Vendido,"800,000"
5-1-15,5,1,15,Vendido,"800,000"
5-1-16,5,1,16,Vendido,"800,000"
5-1-17,5,1,17,Vendido,"700,000"
5-1-18,5,1,18,Vendido,"700,000"
5-1-19,5,1,19,Vendido,"700,000"
5-1-20,5,1,20,Vendido,"600,000"
5-1-21,5,1,21,Vendido,"550,000"
5-2-2,5,2,2,Vendido,"600,000"
5-2-3,5,2,3,Vendido,"450,000"
5-2-4,5,2,4,Vendido,"450,000"
5-2-5,5,2,5,Vendido,"450,000"
5-2-6,5,2,6,Vendido,"600,000"
5-2-7,5,2,7,Vendido,"380,000"
5-2-8,5,2,8,Vendido,"380,000"
5-2-10,5,2,10,Vendido,"600,000"
5-2-11,5,2,11,Vendido,"430,000"
5-2-12,5,2,12,Vendido,"800,000"
5-2-13,5,2,13,Vendido,"600,000"
5-2-14,5,2,14,Vendido,"450,000"
5-2-15,5,2,15,Vendido,"450,000"
5-2-16,5,2,16,Vendido,"700,000"
5-2-17,5,2,17,Vendido,"600,000"
5-2-19,5,2,19,Vendido,"600,000"
5-3-1,5,3,1,Vendido,"600,000"
5-3-2,5,3,2,Vendido,"600,000"
5-3-3,5,3,3,Vendido,"600,000"
5-3-4,5,3,4,Vendido,"450,000"
5-3-5,5,3,5,Vendido,"600,000"
5-3-6,5,3,6,Vendido,"350,000"
5-3-7,5,3,7,Vendido,"300,000"
5-3-10,5,3,10,Vendido,"800,000"
5-3-11,5,3,11,Vendido,"600,000"
5-3-16,5,3,16,Vendido,"600,000"
5-3-17,5,3,17,Vendido,"800,000"
5-3-18,5,3,18,Vendido,"700,000"
5-4-7,5,4,7,Vendido,"800,000"
5-4-8,5,4,8,Vendido,"300,000"
5-4-9,5,4,9,Vendido,"300,000"
5-4-10,5,4,10,Vendido,"600,000"
5-4-11,5,4,11,Vendido,"700,000"
5-4-12,5,4,12,Vendido,"600,000"
5-4-13,5,4,13,Vendido,"700,000"
5-4-14,5,4,14,Vendido,"500,000"
5-4-15,5,4,15,Vendido,"700,000"
5-4-16,5,4,16,Vendido,"700,000"
5-4-17,5,4,17,Vendido,"700,000"
5-5-1,5,5,1,Vendido,"550,000"
5-5-2,5,5,2,Vendido,"450,000"
5-5-4,5,5,4,Vendido,"500,000"
5-5-5,5,5,5,Vendido,"450,000"
5-5-6,5,5,6,Vendido,"700,000"
5-5-7,5,5,7,Vendido,"600,000"
5-5-8,5,5,8,Vendido,"350,000"
5-5-9,5,5,9,Vendido,"500,000"
5-5-10,5,5,10,Vendido,"600,000"
5-5-11,5,5,11,Vendido,"600,000"
5-5-13,5,5,13,Vendido,"600,000"
5-5-18,5,5,18,Vendido,"500,000"
5-6-2,5,6,2,Vendido,"600,000"
5-6-3,5,6,3,Vendido,"600,000"
5-6-4,5,6,4,Vendido,"600,000"
5-6-5,5,6,5,Vendido,"380,000"
5-6-6,5,6,6,Vendido,"700,000"
5-6-7,5,6,7,Vendido,"700,000"
5-6-8,5,6,8,Vendido,"300,000"
5-6-9,5,6,9,Vendido,"400,000"
5-6-10,5,6,10,Vendido,"450,000"
5-6-11,5,6,11,Vendido,"600,000"
5-6-12,5,6,12,Vendido,"600,000"
5-6-13,5,6,13,Vendido,"600,000"
5-6-15,5,6,15,Vendido,"600,000"
5-7-2,5,7,2,Vendido,"400,000"
5-7-5,5,7,5,Vendido,"700,000"
5-7-6,5,7,6,Vendido,"500,000"
5-7-7,5,7,7,Vendido,"300,000"
5-7-8,5,7,8,Vendido,"300,000"
5-7-9,5,7,9,Vendido,"600,000"
5-7-10,5,7,10,Vendido,"350,000"
5-7-11,5,7,11,Vendido,"500,000"
5-8-6,5,8,6,Vendido,"500,000"
5-8-7,5,8,7,Vendido,"350,000"
5-8-9,5,8,9,Vendido,"600,000"
5-8-10,5,8,10,Vendido,"350,000"
5-8-11,5,8,11,Vendido,"350,000"
5-8-12,5,8,12,Vendido,"700,000"
5-8-13,5,8,13,Vendido,"800,000"
5-8-14,5,8,14,Vendido,"600,000"
5-8-15,5,8,15,Vendido,"500,000"
5-8-16,5,8,16,Vendido,"450,000"
5-8-19,5,8,19,Vendido,"550,000"
5-8-20,5,8,20,Vendido,"600,000"
5-8-21,5,8,21,Vendido,"550,000"
5-8-22,5,8,22,Vendido,"600,000"
5-9-1,5,9,1,Vendido,"1,100,000"
5-9-3,5,9,3,Vendido,"1,200,000"
5-9-4,5,9,4,Vendido,"700,000"
5-9-6,5,9,6,Vendido,"800,000"
5-9-7,5,9,7,Vendido,"800,000"
5-9-8,5,9,8,Vendido,"800,000"
5-9-9,5,9,9,Vendido,"1,000,000"
5-9-13,5,9,13,Vendido,"2,000,000"
5-9-14,5,9,14,Vendido,"1,500,000"
5-9-15,5,9,15,Vendido,"2,000,000"
5-9-18,5,9,18,Vendido,"2,500,000"
5-9-19,5,9,19,Vendido,"2,500,000"
5-9-20,5,9,20,Vendido,"800,000"
5-9-21,5,9,21,Vendido,"800,000"
50-7-12,50,7,12,Bloqueo por Deuda,"935,000"
50-15-11,50,15,11,Bloqueo por Deuda,"2,167,000"
50-2-15,50,2,15,Cancelado,"44,000,000"
50-2-16,50,2,16,Cancelado,"48,000,000"
50-3-1,50,3,1,Cancelado,"3,900,000"
50-3-2,50,3,2,Cancelado,"3,792,000"
50-3-3,50,3,3,Cancelado,"3,792,000"
50-3-4,50,3,4,Cancelado,"3,683,000"
50-3-5,50,3,5,Cancelado,"3,683,000"
50-5-4,50,5,4,Cancelado,"500,000"
50-5-5,50,5,5,Cancelado,"500,000"
50-8-11,50,8,11,Cancelado,"2,437,500"
50-9-2,50,9,2,Cancelado,"500,000"
50-11-1,50,11,1,Cancelado,"3,250,000"
50-12-5,50,12,5,Cancelado,"2,275,000"
50-12-6,50,12,6,Cancelado,"2,275,000"
50-12-12,50,12,12,Cancelado,"2,275,000"
50-12-22,50,12,22,Cancelado,"2,275,000"
50-13-2,50,13,2,Cancelado,"2,709,000"
50-13-3,50,13,3,Cancelado,"3,250,000"
50-13-7,50,13,7,Cancelado,"420,000"
50-13-8,50,13,8,Cancelado,"420,000"
50-13-22,50,13,22,Cancelado,"480,000"
50-15-15,50,15,15,Cancelado,"3,250,000"
50-15-16,50,15,16,Cancelado,"1,300,000"
50-15-18,50,15,18,Cancelado,"25,000,000"
50-16-8,50,16,8,Cancelado,"2,150,000"
50-16-11,50,16,11,Cancelado,"2,166,700"
50-16-14,50,16,14,Cancelado,"35,750,000"
50-16-15,50,16,15,Cancelado,"39,000,000"
50-16-19,50,16,19,Cancelado,"2,150,000"
50-17-1,50,17,1,Cancelado,"31,200,000"
50-17-2,50,17,2,Cancelado,"400,000"
50-17-9,50,17,9,Cancelado,"610,000"
50-17-18,50,17,18,Cancelado,"610,000"
50-17-20,50,17,20,Cancelado,"400,000"
50-15-3,50,15,3,Reserva de Propietario,0
50-15-4,50,15,4,Reserva de Propietario,0
50-15-5,50,15,5,Reserva de Propietario,0
50-15-6,50,15,6,Reserva de Propietario,0
50-15-7,50,15,7,Reserva de Propietario,0
50-16-1,50,16,1,Reserva de Propietario,0
50-16-2,50,16,2,Reserva de Propietario,0
50-16-3,50,16,3,Reserva de Propietario,0
50-16-4,50,16,4,Reserva de Propietario,0
50-16-5,50,16,5,Reserva de Propietario,0
50-16-6,50,16,6,Reserva de Propietario,0
50-16-7,50,16,7,Reserva de Propietario,0
50-16-20,50,16,20,Reserva de Propietario,0
50-16-21,50,16,21,Reserva de Propietario,0
50-16-22,50,16,22,Reserva de Propietario,0
50-2-7,50,2,7,Libre (R),"550,000"
50-8-1,50,8,1,Libre (R),"550,000"
50-8-3,50,8,3,Libre (R),"500,000"
50-9-5,50,9,5,Libre (R),"480,000"
50-9-6,50,9,6,Libre (R),"500,000"
50-9-9,50,9,9,Libre (R),"450,000"
50-9-10,50,9,10,Libre (R),"450,000"
50-9-17,50,9,17,Libre (R),"500,000"
50-9-18,50,9,18,Libre (R),"450,000"
50-12-4,50,12,4,Libre (R),"550,000"
50-12-16,50,12,16,Libre (R),"450,000"
50-14-3,50,14,3,Libre (R),"500,000"
50-14-4,50,14,4,Libre (R),"500,000"
50-14-6,50,14,6,Libre (R),"450,000"
50-14-14,50,14,14,Libre (R),"550,000"
50-15-1,50,15,1,Libre (R),"500,000"
50-15-10,50,15,10,Libre (R),"420,000"
50-15-20,50,15,20,Libre (R),"450,000"
50-16-9,50,16,9,Libre (R),"400,000"
50-16-13,50,16,13,Libre (R),"550,000"
50-17-19,50,17,19,Libre (R),"420,000"
50-17-21,50,17,21,Libre (R),"480,000"
50-8-12,50,8,12,Libre,"450,000"
50-8-13,50,8,13,Libre,"450,000"
50-8-14,50,8,14,Libre,"480,000"
50-9-11,50,9,11,Libre,"450,000"
50-9-12,50,9,12,Libre,"450,000"
50-9-13,50,9,13,Libre,"450,000"
50-9-14,50,9,14,Libre,"450,000"
50-9-15,50,9,15,Libre,"460,000"
50-9-16,50,9,16,Libre,"450,000"
50-11-16,50,11,16,Libre,"450,000"
50-12-8,50,12,8,Libre,"450,000"
50-13-1,50,13,1,Libre,"600,000"
50-13-15,50,13,15,Libre,"400,000"
50-13-16,50,13,16,Libre,"400,000"
50-13-17,50,13,17,Libre,"500,000"
50-13-18,50,13,18,Libre,"480,000"
50-13-19,50,13,19,Libre,"480,000"
50-13-20,50,13,20,Libre,"480,000"
50-13-21,50,13,21,Libre,"480,000"
50-13-24,50,13,24,Libre,"480,000"
50-13-25,50,13,25,Libre,"480,000"
50-17-8,50,17,8,Libre,"420,000"
50-17-13,50,17,13,Libre,"500,000"
50-2-1,50,2,1,Vendido,"900,000"
50-2-2,50,2,2,Vendido,"750,000"
50-2-3,50,2,3,Vendido,"650,000"
50-2-4,50,2,4,Vendido,"600,000"
50-2-5,50,2,5,Vendido,"600,000"
50-2-6,50,2,6,Vendido,"650,000"
50-2-8,50,2,8,Vendido,"550,000"
50-2-9,50,2,9,Vendido,"480,000"
50-2-10,50,2,10,Vendido,"480,000"
50-2-11,50,2,11,Vendido,"500,000"
50-2-12,50,2,12,Vendido,"550,000"
50-2-13,50,2,13,Vendido,"680,000"
50-2-14,50,2,14,Vendido,"680,000"
50-2-17,50,2,17,Vendido,"760,000"
50-4-1,50,4,1,Vendido,"720,000"
50-4-2,50,4,2,Vendido,"700,000"
50-4-3,50,4,3,Vendido,"700,000"
50-4-4,50,4,4,Vendido,"680,000"
50-5-2,50,5,2,Vendido,"750,000"
50-5-3,50,5,3,Vendido,"700,000"
50-5-1-6-7,50,5,1-6-7,Vendido,"1,500,000"
50-6-1,50,6,1,Vendido,"600,000"
50-6-2,50,6,2,Vendido,"600,000"
50-6-3,50,6,3,Vendido,"600,000"
50-7-1,50,7,1,Vendido,"300,000"
50-7-2,50,7,2,Vendido,"300,000"
50-7-3,50,7,3,Vendido,"300,000"
50-7-4,50,7,4,Vendido,"300,000"
50-7-5,50,7,5,Vendido,"480,000"
50-7-6,50,7,6,Vendido,"480,000"
50-7-7,50,7,7,Vendido,"480,000"
50-7-8,50,7,8,Vendido,"480,000"
50-7-9,50,7,9,Vendido,"480,000"
50-7-10,50,7,10,Vendido,"480,000"
50-7-11,50,7,11,Vendido,"500,000"
50-7-13,50,7,13,Vendido,"500,000"
50-7-14,50,7,14,Vendido,"500,000"
50-7-15,50,7,15,Vendido,"550,000"
50-8-2,50,8,2,Vendido,"500,000"
50-8-4,50,8,4,Vendido,"450,000"
50-8-5,50,8,5,Vendido,"450,000"
50-8-6,50,8,6,Vendido,"450,000"
50-8-7,50,8,7,Vendido,"450,000"
50-8-8,50,8,8,Vendido,"450,000"
50-8-9,50,8,9,Vendido,"450,000"
50-8-10,50,8,10,Vendido,"450,000"
50-9-1,50,9,1,Vendido,"550,000"
50-9-3,50,9,3,Vendido,"500,000"
50-9-4,50,9,4,Vendido,"530,000"
50-9-7,50,9,7,Vendido,"450,000"
50-9-8,50,9,8,Vendido,"450,000"
50-9-19,50,9,19,Vendido,"450,000"
50-9-20,50,9,20,Vendido,"450,000"
50-9-21,50,9,21,Vendido,"450,000"
50-9-22,50,9,22,Vendido,"500,000"
50-11-2,50,11,2,Vendido,"550,000"
50-11-3,50,11,3,Vendido,"550,000"
50-11-4,50,11,4,Vendido,"550,000"
50-11-5,50,11,5,Vendido,"450,000"
50-11-6,50,11,6,Vendido,"450,000"
50-11-7,50,11,7,Vendido,"450,000"
50-11-8,50,11,8,Vendido,"450,000"
50-11-9,50,11,9,Vendido,"450,000"
50-11-10,50,11,10,Vendido,"450,000"
50-11-11,50,11,11,Vendido,"450,000"
50-11-12,50,11,12,Vendido,"450,000"
50-11-13,50,11,13,Vendido,"450,000"
50-11-14,50,11,14,Vendido,"2,437,500"
50-11-15,50,11,15,Vendido,"2,437,500"
50-11-17,50,11,17,Vendido,"450,000"
50-11-18,50,11,18,Vendido,"450,000"
50-11-19,50,11,19,Vendido,"450,000"
50-11-20,50,11,20,Vendido,"450,000"
50-11-21,50,11,21,Vendido,"450,000"
50-11-22,50,11,22,Vendido,"450,000"
50-12-1,50,12,1,Vendido,"600,000"
50-12-2,50,12,2,Vendido,"550,000"
50-12-3,50,12,3,Vendido,"550,000"
50-12-7,50,12,7,Vendido,"450,000"
50-12-9,50,12,9,Vendido,"420,000"
50-12-10,50,12,10,Vendido,"420,000"
50-12-11,50,12,11,Vendido,"420,000"
50-12-13,50,12,13,Vendido,"400,000"
50-12-14,50,12,14,Vendido,"400,000"
50-12-15,50,12,15,Vendido,"420,000"
50-12-17,50,12,17,Vendido,"400,000"
50-12-18,50,12,18,Vendido,"380,000"
50-12-19,50,12,19,Vendido,"380,000"
50-12-20,50,12,20,Vendido,"450,000"
50-12-21,50,12,21,Vendido,"380,000"
50-13-4,50,13,4,Vendido,"420,000"
50-13-5,50,13,5,Vendido,"420,000"
50-13-6,50,13,6,Vendido,"450,000"
50-13-9,50,13,9,Vendido,"420,000"
50-13-10,50,13,10,Vendido,"420,000"
50-13-11,50,13,11,Vendido,"420,000"
50-13-12,50,13,12,Vendido,"420,000"
50-13-13,50,13,13,Vendido,"420,000"
50-13-14,50,13,14,Vendido,"400,000"
50-13-23,50,13,23,Vendido,"480,000"
50-13-26,50,13,26,Vendido,"480,000"
50-14-1,50,14,1,Vendido,"500,000"
50-14-2,50,14,2,Vendido,"450,000"
50-14-5,50,14,5,Vendido,"420,000"
50-14-7,50,14,7,Vendido,"420,000"
50-14-8,50,14,8,Vendido,"420,000"
50-14-9,50,14,9,Vendido,"420,000"
50-14-10,50,14,10,Vendido,"420,000"
50-14-11,50,14,11,Vendido,"420,000"
50-14-12,50,14,12,Vendido,"600,000"
50-14-13,50,14,13,Vendido,"550,000"
50-14-15,50,14,15,Vendido,"600,000"
50-14-16,50,14,16,Vendido,"440,000"
50-14-17,50,14,17,Vendido,"440,000"
50-14-18,50,14,18,Vendido,"450,000"
50-14-19,50,14,19,Vendido,"440,000"
50-14-20,50,14,20,Vendido,"450,000"
50-14-21,50,14,21,Vendido,"450,000"
50-14-22,50,14,22,Vendido,"450,000"
50-15-2,50,15,2,Vendido,"400,000"
50-15-8,50,15,8,Vendido,"400,000"
50-15-9,50,15,9,Vendido,"400,000"
50-15-12,50,15,12,Vendido,"600,000"
50-15-13,50,15,13,Vendido,"550,000"
50-15-14,50,15,14,Vendido,"550,000"
50-15-17,50,15,17,Vendido,"400,000"
50-15-19,50,15,19,Vendido,"400,000"
50-15-21,50,15,21,Vendido,"400,000"
50-15-22,50,15,22,Vendido,"400,000"
50-16-10,50,16,10,Vendido,"400,000"
50-16-12,50,16,12,Vendido,"600,000"
50-16-16,50,16,16,Vendido,"450,000"
50-16-17,50,16,17,Vendido,"450,000"
50-16-18,50,16,18,Vendido,"400,000"
50-17-3,50,17,3,Vendido,"400,000"
50-17-4,50,17,4,Vendido,"450,000"
50-17-5,50,17,5,Vendido,"420,000"
50-17-6,50,17,6,Vendido,"420,000"
50-17-7,50,17,7,Vendido,"450,000"
50-17-10,50,17,10,Vendido,"420,000"
50-17-11,50,17,11,Vendido,"400,000"
50-17-12,50,17,12,Vendido,"550,000"
50-17-14,50,17,14,Vendido,"500,000"
50-17-15,50,17,15,Vendido,"550,000"
50-17-16,50,17,16,Vendido,"400,000"
50-17-17,50,17,17,Vendido,"400,000"
50-17-22,50,17,22,Vendido,"450,000"
50-10-1,50,10,1,No disponible para la venta,0
51-1-16,51,1,16,Cancelado,1
51-2-7,51,2,7,Cancelado,"830,000"
51-2-8,51,2,8,Cancelado,"830,000"
51-2-11,51,2,11,Cancelado,"850,000"
51-4-5,51,4,5,Cancelado,"40,950,000"
51-4-6,51,4,6,Cancelado,"4,095,000"
51-1-6,51,1,6,Reserva de Propietario,0
51-1-8,51,1,8,Reserva de Propietario,0
51-1-9,51,1,9,Reserva de Propietario,0
51-1-11,51,1,11,Reserva de Propietario,0
51-1-12,51,1,12,Reserva de Propietario,0
51-1-13,51,1,13,Reserva de Propietario,0
51-1-14,51,1,14,Reserva de Propietario,0
51-2-4,51,2,4,Reserva de Propietario,"830,000"
51-1-1,51,1,1,Vendido,"2,750,000"
51-1-2,51,1,2,Vendido,"2,750,000"
51-1-3,51,1,3,Vendido,"2,750,000"
51-1-4,51,1,4,Vendido,"1,100,000"
51-1-5,51,1,5,Vendido,"1,000,000"
51-1-7,51,1,7,Vendido,"1,300,000"
51-1-10,51,1,10,Vendido,"950,000"
51-1-15,51,1,15,Vendido,"880,000"
51-1-17,51,1,17,Vendido,"880,000"
51-1-18,51,1,18,Vendido,"880,000"
51-1-19,51,1,19,Vendido,"930,000"
51-2-1,51,2,1,Vendido,"900,000"
51-2-2,51,2,2,Vendido,"830,000"
51-2-3,51,2,3,Vendido,"830,000"
51-2-5,51,2,5,Vendido,"830,000"
51-2-6,51,2,6,Vendido,"830,000"
51-2-9,51,2,9,Vendido,"830,000"
51-2-10,51,2,10,Vendido,"830,000"
51-3-1,51,3,1,Vendido,"750,000"
51-3-2,51,3,2,Vendido,"730,000"
51-3-3,51,3,3,Vendido,"730,000"
51-3-4,51,3,4,Vendido,"730,000"
51-3-5,51,3,5,Vendido,"750,000"
51-3-6,51,3,6,Vendido,"750,000"
51-3-7,51,3,7,Vendido,"730,000"
51-3-8,51,3,8,Vendido,"730,000"
51-3-9,51,3,9,Vendido,"730,000"
51-3-10,51,3,10,Vendido,"730,000"
51-3-11,51,3,11,Vendido,"750,000"
51-4-1,51,4,1,Vendido,"680,000"
51-4-2,51,4,2,Vendido,"650,000"
51-4-3,51,4,3,Vendido,"650,000"
51-4-4,51,4,4,Vendido,"750,000"
51-4-7,51,4,7,Vendido,"700,000"
51-4-8,51,4,8,Vendido,"630,000"
51-4-9,51,4,9,Vendido,"680,000"
51-4-10,51,4,10,Vendido,"630,000"
51-4-11,51,4,11,Vendido,"680,000"
51-5-1,51,5,1,Vendido,"550,000"
51-5-2,51,5,2,Vendido,"530,000"
51-5-3,51,5,3,Vendido,"530,000"
51-5-4,51,5,4,Vendido,"530,000"
51-6-1,51,6,1,Vendido,"450,000"
51-6-2,51,6,2,Vendido,"430,000"
51-6-3,51,6,3,Vendido,"430,000"
51-6-4,51,6,4,Vendido,"430,000"
51-6-5,51,6,5,Vendido,"430,000"
51-6-6,51,6,6,Vendido,"430,000"
51-6-7,51,6,7,Vendido,"430,000"
51-6-8,51,6,8,Vendido,"430,000"
51-6-9,51,6,9,Vendido,"430,000"
51-6-10,51,6,10,Vendido,"430,000"
51-6-11,51,6,11,Vendido,"450,000"
52-3-6,52,3,6,Libre (R),"450,000"
52-7-1,52,7,1,Libre (R),"420,000"
52-7-2,52,7,2,Libre (R),"450,000"
52-7-5,52,7,5,Libre (R),"450,000"
52-3-7,52,3,7,Libre,"440,000"
52-7-6,52,7,6,Libre,"450,000"
52-1-1,52,1,1,Vendido,"600,000"
52-1-2,52,1,2,Vendido,"600,000"
52-1-3,52,1,3,Vendido,"650,000"
52-1-4,52,1,4,Vendido,"530,000"
52-1-5,52,1,5,Vendido,"450,000"
52-1-6,52,1,6,Vendido,"450,000"
52-1-7,52,1,7,Vendido,"450,000"
52-1-8,52,1,8,Vendido,"580,000"
52-1-9,52,1,9,Vendido,"600,000"
52-1-10,52,1,10,Vendido,"650,000"
52-2-1,52,2,1,Vendido,"500,000"
52-2-2,52,2,2,Vendido,"440,000"
52-2-3,52,2,3,Vendido,"460,000"
52-2-4,52,2,4,Vendido,"500,000"
52-2-5,52,2,5,Vendido,"450,000"
52-2-6,52,2,6,Vendido,"470,000"
52-2-7,52,2,7,Vendido,"440,000"
52-2-8,52,2,8,Vendido,"440,000"
52-3-1,52,3,1,Vendido,"450,000"
52-3-2,52,3,2,Vendido,"420,000"
52-3-3,52,3,3,Vendido,"450,000"
52-3-4,52,3,4,Vendido,"500,000"
52-3-5,52,3,5,Vendido,"450,000"
52-3-8,52,3,8,Vendido,"500,000"
52-3-9,52,3,9,Vendido,"450,000"
52-3-10,52,3,10,Vendido,"420,000"
52-4-1,52,4,1,Vendido,"480,000"
52-4-2,52,4,2,Vendido,"400,000"
52-4-3,52,4,3,Vendido,"420,000"
52-4-4,52,4,4,Vendido,"420,000"
52-4-5,52,4,5,Vendido,"400,000"
52-4-6,52,4,6,Vendido,"400,000"
52-4-7,52,4,7,Vendido,"400,000"
52-4-8,52,4,8,Vendido,"400,000"
52-5-1,52,5,1,Vendido,"340,000"
52-5-2,52,5,2,Vendido,"330,000"
52-5-3,52,5,3,Vendido,"330,000"
52-5-4,52,5,4,Vendido,"330,000"
52-5-5,52,5,5,Vendido,"330,000"
52-6-1,52,6,1,Vendido,"320,000"
52-6-2,52,6,2,Vendido,"320,000"
52-6-3,52,6,3,Vendido,"320,000"
52-6-4,52,6,4,Vendido,"400,000"
52-6-5,52,6,5,Vendido,"320,000"
52-6-6,52,6,6,Vendido,"350,000"
52-6-7,52,6,7,Vendido,"370,000"
52-6-8,52,6,8,Vendido,"320,000"
52-6-9,52,6,9,Vendido,"360,000"
52-7-3,52,7,3,Vendido,"370,000"
52-7-4,52,7,4,Vendido,"400,000"
52-7-7,52,7,7,Vendido,"440,000"
52-7-8,52,7,8,Vendido,"340,000"
52-7-9,52,7,9,Vendido,"390,000"
52-7-10,52,7,10,Vendido,"480,000"
52-7-11,52,7,11,Vendido,"330,000"
52-7-12,52,7,12,Vendido,"330,000"
52-7-13,52,7,13,Vendido,"400,000"
52-7-14,52,7,14,Vendido,"400,000"
52-8-3,52,8,3,Vendido,"320,000"
52-8-4,52,8,4,Vendido,"450,000"
52-8-5,52,8,5,Vendido,"420,000"
52-8-6,52,8,6,Vendido,"420,000"
52-8-7,52,8,7,Vendido,"440,000"
52-8-8,52,8,8,Vendido,"460,000"
52-8-9,52,8,9,Vendido,"350,000"
52-9-1,52,9,1,Vendido,"450,000"
52-9-2,52,9,2,Vendido,"400,000"
52-9-3,52,9,3,Vendido,"450,000"
52-9-4,52,9,4,Vendido,"420,000"
52-9-5,52,9,5,Vendido,"350,000"
52-9-6,52,9,6,Vendido,"350,000"
52-9-7,52,9,7,Vendido,"460,000"
52-9-8,52,9,8,Vendido,"440,000"
52-9-9,52,9,9,Vendido,"440,000"
52-9-10,52,9,10,Vendido,"480,000"
52-9-11,52,9,11,Vendido,"480,000"
52-9-12,52,9,12,Vendido,"420,000"
52-9-13,52,9,13,Vendido,"450,000"
52-9-14,52,9,14,Vendido,"400,000"
52-10-1,52,10,1,Vendido,"400,000"
52-10-2,52,10,2,Vendido,"400,000"
52-10-3,52,10,3,Vendido,"450,000"
52-10-4,52,10,4,Vendido,"400,000"
52-10-5,52,10,5,Vendido,"450,000"
52-8-1,52,8,1,No disponible para la venta,0
52-8-2,52,8,2,No disponible para la venta,0
53-1-3,53,1,3,Recuperado Libre,0
53-1-1,53,1,1,Reserva de Propietario,"650,000"
53-1-2,53,1,2,Reserva de Propietario,"500,000"
53-2-11,53,2,11,Libre (R),"390,000"
53-3-6,53,3,6,Libre (R),"350,000"
53-4-12,53,4,12,Libre (R),"300,000"
53-4-18,53,4,18,Libre (R),"300,000"
53-4-20,53,4,20,Libre (R),"300,000"
53-5-9,53,5,9,Libre (R),"380,000"
53-5-16,53,5,16,Libre (R),"380,000"
53-3-4,53,3,4,Libre,"350,000"
53-3-5,53,3,5,Libre,"320,000"
53-4-13,53,4,13,Libre,"360,000"
53-4-19,53,4,19,Libre,"300,000"
53-1-4,53,1,4,Vendido,"450,000"
53-1-5,53,1,5,Vendido,"420,000"
53-1-6,53,1,6,Vendido,"420,000"
53-2-1,53,2,1,Vendido,"440,000"
53-2-2,53,2,2,Vendido,"400,000"
53-2-3,53,2,3,Vendido,"400,000"
53-2-4,53,2,4,Vendido,"400,000"
53-2-5,53,2,5,Vendido,"400,000"
53-2-6,53,2,6,Vendido,"380,000"
53-2-7,53,2,7,Vendido,"380,000"
53-2-8,53,2,8,Vendido,"380,000"
53-2-9,53,2,9,Vendido,"380,000"
53-2-10,53,2,10,Vendido,"380,000"
53-3-1,53,3,1,Vendido,"350,000"
53-3-2,53,3,2,Vendido,"350,000"
53-3-3,53,3,3,Vendido,"350,000"
53-3-7,53,3,7,Vendido,"320,000"
53-3-8,53,3,8,Vendido,"350,000"
53-3-9,53,3,9,Vendido,"350,000"
53-4-1,53,4,1,Vendido,"400,000"
53-4-2,53,4,2,Vendido,"350,000"
53-4-3,53,4,3,Vendido,"350,000"
53-4-4,53,4,4,Vendido,"350,000"
53-4-5,53,4,5,Vendido,"350,000"
53-4-6,53,4,6,Vendido,"350,000"
53-4-7,53,4,7,Vendido,"320,000"
53-4-8,53,4,8,Vendido,"320,000"
53-4-9,53,4,9,Vendido,"320,000"
53-4-10,53,4,10,Vendido,"360,000"
53-4-11,53,4,11,Vendido,"340,000"
53-4-14,53,4,14,Vendido,"250,000"
53-4-15,53,4,15,Vendido,"250,000"
53-4-16,53,4,16,Vendido,"250,000"
53-4-17,53,4,17,Vendido,"250,000"
53-4-21,53,4,21,Vendido,"330,000"
53-4-22,53,4,22,Vendido,"340,000"
53-5-1,53,5,1,Vendido,"420,000"
53-5-2,53,5,2,Vendido,"400,000"
53-5-3,53,5,3,Vendido,"400,000"
53-5-4,53,5,4,Vendido,"400,000"
53-5-5,53,5,5,Vendido,"400,000"
53-5-6,53,5,6,Vendido,"400,000"
53-5-8,53,5,8,Vendido,"380,000"
53-5-10,53,5,10,Vendido,"380,000"
53-5-11,53,5,11,Vendido,"400,000"
53-5-12,53,5,12,Vendido,"380,000"
53-5-13,53,5,13,Vendido,"350,000"
53-5-14,53,5,14,Vendido,"350,000"
53-5-15,53,5,15,Vendido,"350,000"
53-5-17,53,5,17,Vendido,"350,000"
53-5-18,53,5,18,Vendido,"360,000"
53-5-19,53,5,19,Vendido,"360,000"
53-5-20,53,5,20,Vendido,"360,000"
53-5-21,53,5,21,Vendido,"360,000"
53-5-22,53,5,22,Vendido,"400,000"
53-6-1,53,6,1,Vendido,"650,000"
53-6-2,53,6,2,Vendido,"480,000"
53-6-3,53,6,3,Vendido,"450,000"
53-6-4,53,6,4,Vendido,"450,000"
53-6-5,53,6,5,Vendido,"450,000"
53-6-6,53,6,6,Vendido,"450,000"
53-6-7,53,6,7,Vendido,"450,000"
53-6-8,53,6,8,Vendido,"450,000"
53-6-9,53,6,9,Vendido,"600,000"
53-6-10,53,6,10,Vendido,"600,000"
53-6-11,53,6,11,Vendido,"600,000"
53-6-12,53,6,12,Vendido,"600,000"
53-6-13,53,6,13,Vendido,"600,000"
53-6-14,53,6,14,Vendido,"600,000"
53-5-7,53,5,7,No disponible para la venta,"380,000"
54-49-7,54,49,7,Vendido,"650,000"
54-49-8,54,49,8,Vendido,"650,000"
54-49-9,54,49,9,Vendido,"650,000"
54-49-10,54,49,10,Vendido,"700,000"
54-49-11,54,49,11,Vendido,"650,000"
54-49-12,54,49,12,Vendido,"650,000"
54-49-13,54,49,13,Vendido,"700,000"
54-49-14,54,49,14,Vendido,"650,000"
54-49-1,54,49,1,No disponible para la venta,0
54-49-2,54,49,2,No disponible para la venta,0
54-49-3,54,49,3,No disponible para la venta,0
54-49-4,54,49,4,No disponible para la venta,0
54-49-5,54,49,5,No disponible para la venta,0
54-49-6,54,49,6,No disponible para la venta,0
54-49-15,54,49,15,No disponible para la venta,0
54-49-16,54,49,16,No disponible para la venta,0
54-49-17,54,49,17,No disponible para la venta,0
54-49-18,54,49,18,No disponible para la venta,0
54-49-19,54,49,19,No disponible para la venta,0
54-49-20,54,49,20,No disponible para la venta,0
54-49-21,54,49,21,No disponible para la venta,0
55-2-9,55,2,9,Cancelado,"2,330,000"
55-2-12,55,2,12,Cancelado,"560,000"
55-2-13,55,2,13,Cancelado,"500,000"
55-2-14,55,2,14,Cancelado,"500,000"
55-4-12,55,4,12,Cancelado,"2,060,000"
55-6-2,55,6,2,Cancelado,"2,167,000"
55-7-8,55,7,8,Cancelado,"2,150,000"
55-7-9,55,7,9,Cancelado,"400,000"
55-7-12,55,7,12,Cancelado,"2,440,000"
55-8-12,55,8,12,Cancelado,"2,330,000"
55-8-13,55,8,13,Cancelado,"2,330,000"
55-8-15,55,8,15,Cancelado,"2,437,500"
55-9-20,55,9,20,Cancelado,"380,000"
55-12-13,55,12,13,Cancelado,"2,362,500"
55-12-14,55,12,14,Cancelado,"1,890,000"
55-14-1,55,14,1,Cancelado,"16,000,000"
55-18-1,55,18,1,Cancelado,"1,505,000"
55-18-2,55,18,2,Cancelado,"1,290,000"
55-18-3,55,18,3,Cancelado,"1,505,000"
55-24-4,55,24,4,Cancelado,"2,330,000"
55-2-21,55,2,21,Recuperado Libre,0
55-4-1,55,4,1,Recuperado Libre,0
55-21-12,55,21,12,Recuperado Libre,0
55-21-13,55,21,13,Recuperado Libre,0
55-23-6,55,23,6,Recuperado Libre,0
55-12-3,55,12,3,Reserva de Propietario,"250,000"
55-19-1,55,19,1,Reserva de Propietario,0
55-4-4,55,4,4,Libre (R),"420,000"
55-5-9,55,5,9,Libre (R),"450,000"
55-6-8,55,6,8,Libre (R),"480,000"
55-6-17,55,6,17,Libre (R),"450,000"
55-21-3,55,21,3,Libre (R),"500,000"
55-23-7,55,23,7,Libre (R),"350,000"
55-23-8,55,23,8,Libre (R),"350,000"
55-23-9,55,23,9,Libre (R),"400,000"
55-24-5,55,24,5,Libre (R),"350,000"
55-24-10,55,24,10,Libre (R),"400,000"
55-24-15,55,24,15,Libre (R),"350,000"
55-27-1,55,27,1,Libre (R),"750,000"
55-27-2,55,27,2,Libre (R),"400,000"
55-27-3,55,27,3,Libre (R),"400,000"
55-27-4,55,27,4,Libre (R),"400,000"
55-27-5,55,27,5,Libre (R),"450,000"
55-27-6,55,27,6,Libre (R),"450,000"
55-27-7,55,27,7,Libre (R),"450,000"
55-27-8,55,27,8,Libre (R),"450,000"
55-27-9,55,27,9,Libre (R),"400,000"
55-27-10,55,27,10,Libre (R),"400,000"
55-27-11,55,27,11,Libre (R),"400,000"
55-27-12,55,27,12,Libre (R),"400,000"
55-27-13,55,27,13,Libre (R),"750,000"
55-5-3,55,5,3,Libre,"400,000"
55-5-4,55,5,4,Libre,"400,000"
55-5-5,55,5,5,Libre,"430,000"
55-5-6,55,5,6,Libre,"400,000"
55-5-7,55,5,7,Libre,"400,000"
55-5-8,55,5,8,Libre,"400,000"
55-5-10,55,5,10,Libre,"400,000"
55-5-11,55,5,11,Libre,"430,000"
55-5-12,55,5,12,Libre,"400,000"
55-6-6,55,6,6,Libre,"480,000"
55-6-7,55,6,7,Libre,"480,000"
55-6-10,55,6,10,Libre,"400,000"
55-6-11,55,6,11,Libre,"430,000"
55-6-12,55,6,12,Libre,"400,000"
55-6-13,55,6,13,Libre,"400,000"
55-16-1,55,16,1,Libre,"250,000"
55-21-1,55,21,1,Libre,"430,000"
55-21-2,55,21,2,Libre,"350,000"
55-21-4,55,21,4,Libre,"450,000"
55-21-5,55,21,5,Libre,"450,000"
55-21-6,55,21,6,Libre,"450,000"
55-21-7,55,21,7,Libre,"450,000"
55-21-8,55,21,8,Libre,"450,000"
55-21-9,55,21,9,Libre,"450,000"
55-21-10,55,21,10,Libre,"450,000"
55-21-11,55,21,11,Libre,"450,000"
55-21-14,55,21,14,Libre,"350,000"
55-21-15,55,21,15,Libre,"350,000"
55-21-16,55,21,16,Libre,"350,000"
55-21-17,55,21,17,Libre,"350,000"
55-21-18,55,21,18,Libre,"350,000"
55-21-19,55,21,19,Libre,"350,000"
55-21-20,55,21,20,Libre,"350,000"
55-21-21,55,21,21,Libre,"350,000"
55-24-6,55,24,6,Libre,"350,000"
55-24-7,55,24,7,Libre,"350,000"
55-24-8,55,24,8,Libre,"350,000"
55-24-9,55,24,9,Libre,"380,000"
55-24-12,55,24,12,Libre,"350,000"
55-24-13,55,24,13,Libre,"350,000"
55-24-14,55,24,14,Libre,"350,000"
55-1-1,55,1,1,Vendido,"400,000"
55-1-2,55,1,2,Vendido,"200,000"
55-1-3,55,1,3,Vendido,"300,000"
55-1-4,55,1,4,Vendido,"450,000"
55-1-5,55,1,5,Vendido,"250,000"
55-1-6,55,1,6,Vendido,"450,000"
55-1-7,55,1,7,Vendido,"600,000"
55-2-1,55,2,1,Vendido,"500,000"
55-2-2,55,2,2,Vendido,"480,000"
55-2-3,55,2,3,Vendido,"430,000"
55-2-4,55,2,4,Vendido,"430,000"
55-2-5,55,2,5,Vendido,"430,000"
55-2-6,55,2,6,Vendido,"430,000"
55-2-7,55,2,7,Vendido,"450,000"
55-2-8,55,2,8,Vendido,"450,000"
55-2-10,55,2,10,Vendido,"430,000"
55-2-11,55,2,11,Vendido,"430,000"
55-2-15,55,2,15,Vendido,"650,000"
55-2-16,55,2,16,Vendido,"550,000"
55-2-17,55,2,17,Vendido,"450,000"
55-2-18,55,2,18,Vendido,"450,000"
55-2-19,55,2,19,Vendido,"450,000"
55-2-20,55,2,20,Vendido,"450,000"
55-2-22,55,2,22,Vendido,"450,000"
55-2-23,55,2,23,Vendido,"450,000"
55-2-24,55,2,24,Vendido,"450,000"
55-2-25,55,2,25,Vendido,"480,000"
55-3-1,55,3,1,Vendido,"430,000"
55-3-2,55,3,2,Vendido,"430,000"
55-3-3,55,3,3,Vendido,"380,000"
55-3-4,55,3,4,Vendido,"2,345,500"
55-3-5,55,3,5,Vendido,"380,000"
55-3-6,55,3,6,Vendido,"400,000"
55-3-7,55,3,7,Vendido,"380,000"
55-3-8,55,3,8,Vendido,"500,000"
55-3-9,55,3,9,Vendido,"480,000"
55-3-10,55,3,10,Vendido,"480,000"
55-3-11,55,3,11,Vendido,"500,000"
55-3-12,55,3,12,Vendido,"400,000"
55-3-13,55,3,13,Vendido,"370,000"
55-3-14,55,3,14,Vendido,"400,000"
55-3-15,55,3,15,Vendido,"400,000"
55-3-16,55,3,16,Vendido,"400,000"
55-3-17,55,3,17,Vendido,"430,000"
55-4-2,55,4,2,Vendido,"370,000"
55-4-3,55,4,3,Vendido,"370,000"
55-4-5,55,4,5,Vendido,"400,000"
55-4-6,55,4,6,Vendido,"400,000"
55-4-7,55,4,7,Vendido,"400,000"
55-4-8,55,4,8,Vendido,"400,000"
55-4-9,55,4,9,Vendido,"400,000"
55-4-10,55,4,10,Vendido,"450,000"
55-4-11,55,4,11,Vendido,"380,000"
55-5-1,55,5,1,Vendido,"430,000"
55-5-2,55,5,2,Vendido,"400,000"
55-6-1,55,6,1,Vendido,"2,580,000"
55-6-3,55,6,3,Vendido,"500,000"
55-6-4,55,6,4,Vendido,"480,000"
55-6-5,55,6,5,Vendido,"480,000"
55-6-9,55,6,9,Vendido,"530,000"
55-6-14,55,6,14,Vendido,"400,000"
55-6-15,55,6,15,Vendido,"400,000"
55-6-16,55,6,16,Vendido,"400,000"
55-7-1,55,7,1,Vendido,"550,000"
55-7-2,55,7,2,Vendido,"430,000"
55-7-3,55,7,3,Vendido,"450,000"
55-7-4,55,7,4,Vendido,"430,000"
55-7-5,55,7,5,Vendido,"430,000"
55-7-6,55,7,6,Vendido,"430,000"
55-7-7,55,7,7,Vendido,"450,000"
55-7-10,55,7,10,Vendido,"400,000"
55-7-11,55,7,11,Vendido,"480,000"
55-7-13,55,7,13,Vendido,"450,000"
55-7-14,55,7,14,Vendido,"450,000"
55-7-15,55,7,15,Vendido,"450,000"
55-7-16,55,7,16,Vendido,"550,000"
55-7-17,55,7,17,Vendido,"550,000"
55-7-18,55,7,18,Vendido,"2,454,500"
55-8-1,55,8,1,Vendido,"550,000"
55-8-2,55,8,2,Vendido,"450,000"
55-8-3,55,8,3,Vendido,"450,000"
55-8-4,55,8,4,Vendido,"450,000"
55-8-5,55,8,5,Vendido,"450,000"
55-8-6,55,8,6,Vendido,"450,000"
55-8-7,55,8,7,Vendido,"430,000"
55-8-8,55,8,8,Vendido,"430,000"
55-8-9,55,8,9,Vendido,"430,000"
55-8-10,55,8,10,Vendido,"450,000"
55-8-11,55,8,11,Vendido,"430,000"
55-8-14,55,8,14,Vendido,"430,000"
55-8-16,55,8,16,Vendido,"430,000"
55-8-17,55,8,17,Vendido,"430,000"
55-8-18,55,8,18,Vendido,"450,000"
55-8-19,55,8,19,Vendido,"450,000"
55-8-20,55,8,20,Vendido,"450,000"
55-8-21,55,8,21,Vendido,"550,000"
55-8-22,55,8,22,Vendido,"530,000"
55-9-1,55,9,1,Vendido,"450,000"
55-9-2,55,9,2,Vendido,"400,000"
55-9-3,55,9,3,Vendido,"400,000"
55-9-4,55,9,4,Vendido,"450,000"
55-9-5,55,9,5,Vendido,"370,000"
55-9-6,55,9,6,Vendido,"370,000"
55-9-7,55,9,7,Vendido,"370,000"
55-9-8,55,9,8,Vendido,"370,000"
55-9-9,55,9,9,Vendido,"370,000"
55-9-10,55,9,10,Vendido,"370,000"
55-9-11,55,9,11,Vendido,"400,000"
55-9-12,55,9,12,Vendido,"420,000"
55-9-13,55,9,13,Vendido,"400,000"
55-9-14,55,9,14,Vendido,"450,000"
55-9-15,55,9,15,Vendido,"380,000"
55-9-16,55,9,16,Vendido,"380,000"
55-9-17,55,9,17,Vendido,"380,000"
55-9-18,55,9,18,Vendido,"380,000"
55-9-19,55,9,19,Vendido,"380,000"
55-10-1,55,10,1,Vendido,"450,000"
55-10-2,55,10,2,Vendido,"370,000"
55-10-3,55,10,3,Vendido,"370,000"
55-10-4,55,10,4,Vendido,"380,000"
55-10-5,55,10,5,Vendido,"300,000"
55-10-6,55,10,6,Vendido,"350,000"
55-10-7,55,10,7,Vendido,"350,000"
55-10-8,55,10,8,Vendido,"2,059,000"
55-10-9,55,10,9,Vendido,"380,000"
55-10-10,55,10,10,Vendido,"350,000"
55-10-11,55,10,11,Vendido,"450,000"
55-10-12,55,10,12,Vendido,"370,000"
55-10-13,55,10,13,Vendido,"380,000"
55-10-14,55,10,14,Vendido,"420,000"
55-10-15,55,10,15,Vendido,"370,000"
55-10-16,55,10,16,Vendido,"370,000"
55-10-17,55,10,17,Vendido,"370,000"
55-10-18,55,10,18,Vendido,"370,000"
55-10-19,55,10,19,Vendido,"400,000"
55-10-20,55,10,20,Vendido,"400,000"
55-11-1,55,11,1,Vendido,"380,000"
55-11-2,55,11,2,Vendido,"350,000"
55-11-3,55,11,3,Vendido,"350,000"
55-11-4,55,11,4,Vendido,"350,000"
55-11-5,55,11,5,Vendido,"370,000"
55-11-6,55,11,6,Vendido,"340,000"
55-11-7,55,11,7,Vendido,"340,000"
55-11-8,55,11,8,Vendido,"340,000"
55-11-9,55,11,9,Vendido,"340,000"
55-11-10,55,11,10,Vendido,"340,000"
55-11-11,55,11,11,Vendido,"370,000"
55-11-12,55,11,12,Vendido,"350,000"
55-11-13,55,11,13,Vendido,"350,000"
55-11-14,55,11,14,Vendido,"400,000"
55-11-15,55,11,15,Vendido,"370,000"
55-11-16,55,11,16,Vendido,"370,000"
55-11-17,55,11,17,Vendido,"350,000"
55-11-18,55,11,18,Vendido,"370,000"
55-11-19,55,11,19,Vendido,"370,000"
55-12-1,55,12,1,Vendido,"350,000"
55-12-2,55,12,2,Vendido,"300,000"
55-12-4,55,12,4,Vendido,"250,000"
55-12-5,55,12,5,Vendido,"250,000"
55-12-6,55,12,6,Vendido,"250,000"
55-12-7,55,12,7,Vendido,"250,000"
55-12-8,55,12,8,Vendido,"330,000"
55-12-9,55,12,9,Vendido,"300,000"
55-12-10,55,12,10,Vendido,"300,000"
55-12-11,55,12,11,Vendido,"350,000"
55-12-12,55,12,12,Vendido,"330,000"
55-12-15,55,12,15,Vendido,"350,000"
55-12-16,55,12,16,Vendido,"300,000"
55-12-17,55,12,17,Vendido,"300,000"
55-13-1,55,13,1,Vendido,"350,000"
55-13-2,55,13,2,Vendido,"230,000"
55-13-3,55,13,3,Vendido,"230,000"
55-13-4,55,13,4,Vendido,"300,000"
55-13-5,55,13,5,Vendido,"250,000"
55-13-6,55,13,6,Vendido,"250,000"
55-13-7,55,13,7,Vendido,"330,000"
55-13-8,55,13,8,Vendido,"230,000"
55-13-9,55,13,9,Vendido,"230,000"
55-13-10,55,13,10,Vendido,"250,000"
55-13-11,55,13,11,Vendido,"250,000"
55-14-2,55,14,2,Vendido,"230,000"
55-14-3,55,14,3,Vendido,"230,000"
55-14-4,55,14,4,Vendido,"350,000"
55-15-1,55,15,1,Vendido,"350,000"
55-15-2,55,15,2,Vendido,"300,000"
55-15-3,55,15,3,Vendido,"300,000"
55-15-4,55,15,4,Vendido,"350,000"
55-15-5,55,15,5,Vendido,"330,000"
55-15-6,55,15,6,Vendido,"280,000"
55-15-7,55,15,7,Vendido,"280,000"
55-15-8,55,15,8,Vendido,"300,000"
55-16´-1,55,16´,1,Vendido,"250,000"
55-16-2,55,16,2,Vendido,"260,000"
55-16-3,55,16,3,Vendido,"230,000"
55-16-4,55,16,4,Vendido,"230,000"
55-16-5,55,16,5,Vendido,"230,000"
55-17-1,55,17,1,Vendido,"330,000"
55-17-2,55,17,2,Vendido,"280,000"
55-17-3,55,17,3,Vendido,"320,000"
55-17-4,55,17,4,Vendido,"300,000"
55-17-5,55,17,5,Vendido,"350,000"
55-17-6,55,17,6,Vendido,"270,000"
55-17-7,55,17,7,Vendido,"270,000"
55-17-8,55,17,8,Vendido,"270,000"
55-17-9,55,17,9,Vendido,"270,000"
55-17-10,55,17,10,Vendido,"270,000"
55-17-11,55,17,11,Vendido,"280,000"
55-17-12,55,17,12,Vendido,"270,000"
55-17-13,55,17,13,Vendido,"280,000"
55-17-14,55,17,14,Vendido,"300,000"
55-17-15,55,17,15,Vendido,"280,000"
55-17-16,55,17,16,Vendido,"280,000"
55-17-17,55,17,17,Vendido,"280,000"
55-17-18,55,17,18,Vendido,"280,000"
55-17-19,55,17,19,Vendido,"300,000"
55-18-4,55,18,4,Vendido,"350,000"
55-18-5,55,18,5,Vendido,"350,000"
55-18-6,55,18,6,Vendido,"350,000"
55-18-7,55,18,7,Vendido,"350,000"
55-18-8,55,18,8,Vendido,"350,000"
55-18-9,55,18,9,Vendido,"300,000"
55-18-10,55,18,10,Vendido,"300,000"
55-18-11,55,18,11,Vendido,"300,000"
55-18-12,55,18,12,Vendido,"330,000"
55-18-13,55,18,13,Vendido,"300,000"
55-18-14,55,18,14,Vendido,"330,000"
55-18-15,55,18,15,Vendido,"300,000"
55-18-16,55,18,16,Vendido,"350,000"
55-20-4,55,20,4,Vendido,"450,000"
55-20-5,55,20,5,Vendido,"480,000"
55-20-6,55,20,6,Vendido,"500,000"
55-20-7,55,20,7,Vendido,"480,000"
55-20-8,55,20,8,Vendido,"450,000"
55-20-1-2-3-9-10,55,20,1-2-3-9-10,Vendido,"2,500,000"
55-23-1,55,23,1,Vendido,"440,000"
55-23-2,55,23,2,Vendido,"350,000"
55-23-3,55,23,3,Vendido,"350,000"
55-23-4,55,23,4,Vendido,"350,000"
55-23-5,55,23,5,Vendido,"440,000"
55-24-1,55,24,1,Vendido,"450,000"
55-24-2,55,24,2,Vendido,"450,000"
55-24-3,55,24,3,Vendido,"400,000"
55-24-11,55,24,11,Vendido,"350,000"
55-24-16,55,24,16,Vendido,"350,000"
55-25-1,55,25,1,Vendido,"650,000"
55-25-2,55,25,2,Vendido,"550,000"
55-25-3,55,25,3,Vendido,"600,000"
55-25-4,55,25,4,Vendido,"350,000"
55-25-5,55,25,5,Vendido,"350,000"
55-25-6,55,25,6,Vendido,"350,000"
55-25-7,55,25,7,Vendido,"350,000"
55-25-8,55,25,8,Vendido,"350,000"
55-26-1,55,26,1,Vendido,"700,000"
55-26-2,55,26,2,Vendido,"600,000"
55-26-3,55,26,3,Vendido,"600,000"
55-26-4,55,26,4,Vendido,"600,000"
55-26-5,55,26,5,Vendido,"600,000"
55-26-6,55,26,6,Vendido,"450,000"
55-26-7,55,26,7,Vendido,"450,000"
55-26-8,55,26,8,Vendido,"700,000"
56-1-8,56,1,8,Vendido,"4,940,000"
56-1-9,56,1,9,Vendido,"1,600,000"
56-1-10,56,1,10,Vendido,"1,600,000"
56-1-11,56,1,11,Vendido,"1,500,000"
57-4-18,57,4,18,Cancelado,"255,000"
57-2-1,57,2,1,Reserva de Propietario,"650,000"
57-2-4,57,2,4,Reserva de Propietario,"450,000"
57-3-2,57,3,2,Reserva de Propietario,0
57-3-3,57,3,3,Libre (R),"380,000"
57-4-1,57,4,1,Libre (R),"420,000"
57-4-7,57,4,7,Libre (R),"400,000"
57-4-8,57,4,8,Libre (R),"400,000"
57-4-9,57,4,9,Libre (R),"400,000"
57-4-19,57,4,19,Libre (R),"380,000"
57-4-20,57,4,20,Libre (R),"400,000"
57-4-21,57,4,21,Libre (R),"400,000"
57-3-4,57,3,4,Libre,"380,000"
57-3-5,57,3,5,Libre,"380,000"
57-3-6,57,3,6,Libre,"380,000"
57-3-7,57,3,7,Libre,"380,000"
57-4-10,57,4,10,Libre,"400,000"
57-4-11,57,4,11,Libre,"400,000"
57-4-12,57,4,12,Libre,"400,000"
57-4-14,57,4,14,Libre,"360,000"
57-4-15,57,4,15,Libre,"400,000"
57-4-16,57,4,16,Libre,"400,000"
57-4-17,57,4,17,Libre,"360,000"
57-2-2,57,2,2,Vendido,"650,000"
57-2-3,57,2,3,Vendido,"600,000"
57-3-1,57,3,1,Vendido,"450,000"
57-3-8,57,3,8,Vendido,"400,000"
57-4-2,57,4,2,Vendido,"380,000"
57-4-3,57,4,3,Vendido,"380,000"
57-4-4,57,4,4,Vendido,"380,000"
57-4-5,57,4,5,Vendido,"450,000"
57-4-6,57,4,6,Vendido,"400,000"
57-4-13,57,4,13,Vendido,"420,000"
57-4-22,57,4,22,Vendido,"420,000"
57-4-23,57,4,23,Vendido,"440,000"
58-2-11,58,2,11,Cancelado,"1,950,000"
58-1-9,58,1,9,Reserva de Propietario,"330,000"
58-5-4,58,5,4,Reserva de Propietario,0
58-5-5,58,5,5,Reserva de Propietario,0
58-1-1,58,1,1,Libre (R),"300,000"
58-1-10,58,1,10,Libre (R),"330,000"
58-1-11,58,1,11,Libre (R),"340,000"
58-3-5,58,3,5,Libre (R),"340,000"
58-3-6,58,3,6,Libre (R),"340,000"
58-3-7,58,3,7,Libre (R),"340,000"
58-3-8,58,3,8,Libre (R),"350,000"
58-3-9,58,3,9,Libre (R),"350,000"
58-3-10,58,3,10,Libre (R),"340,000"
58-4-8,58,4,8,Libre (R),"350,000"
58-4-9,58,4,9,Libre (R),"350,000"
58-4-10,58,4,10,Libre (R),"320,000"
58-4-16,58,4,16,Libre (R),"350,000"
58-5-1,58,5,1,Libre (R),"330,000"
58-5-2,58,5,2,Libre (R),"300,000"
58-5-7,58,5,7,Libre (R),"280,000"
58-5-10,58,5,10,Libre (R),"300,000"
58-6-1,58,6,1,Libre (R),"330,000"
58-6-11,58,6,11,Libre (R),"300,000"
58-1-2,58,1,2,Libre,"300,000"
58-1-3,58,1,3,Libre,"300,000"
58-1-4,58,1,4,Libre,"300,000"
58-1-5,58,1,5,Libre,"300,000"
58-1-6,58,1,6,Libre,"320,000"
58-1-7,58,1,7,Libre,"320,000"
58-1-8,58,1,8,Libre,"330,000"
58-2-2,58,2,2,Libre,"330,000"
58-2-3,58,2,3,Libre,"330,000"
58-2-4,58,2,4,Libre,"330,000"
58-2-5,58,2,5,Libre,"330,000"
58-2-6,58,2,6,Libre,"330,000"
58-2-7,58,2,7,Libre,"300,000"
58-2-8,58,2,8,Libre,"350,000"
58-2-9,58,2,9,Libre,"350,000"
58-2-10,58,2,10,Libre,"370,000"
58-3-2,58,3,2,Libre,"340,000"
58-3-3,58,3,3,Libre,"340,000"
58-3-4,58,3,4,Libre,"340,000"
58-3-11,58,3,11,Libre,"340,000"
58-3-12,58,3,12,Libre,"340,000"
58-3-13,58,3,13,Libre,"340,000"
58-3-14,58,3,14,Libre,"340,000"
58-3-15,58,3,15,Libre,"340,000"
58-3-17,58,3,17,Libre,"350,000"
58-3-18,58,3,18,Libre,"350,000"
58-4-3,58,4,3,Libre,"340,000"
58-4-4,58,4,4,Libre,"340,000"
58-4-5,58,4,5,Libre,"340,000"
58-4-6,58,4,6,Libre,"340,000"
58-4-7,58,4,7,Libre,"340,000"
58-4-11,58,4,11,Libre,"320,000"
58-4-12,58,4,12,Libre,"320,000"
58-4-13,58,4,13,Libre,"320,000"
58-4-14,58,4,14,Libre,"320,000"
58-4-17,58,4,17,Libre,"340,000"
58-4-18,58,4,18,Libre,"340,000"
58-2-1,58,2,1,Vendido,"340,000"
58-3-1,58,3,1,Vendido,"370,000"
58-3-16,58,3,16,Vendido,"360,000"
58-4-1,58,4,1,Vendido,"350,000"
58-4-2,58,4,2,Vendido,"340,000"
58-4-15,58,4,15,Vendido,"422,500"
58-5-3,58,5,3,Vendido,"300,000"
58-5-6,58,5,6,Vendido,"280,000"
58-5-8,58,5,8,Vendido,"330,000"
58-5-9,58,5,9,Vendido,"300,000"
58-6-2,58,6,2,Vendido,"320,000"
58-6-3,58,6,3,Vendido,"300,000"
58-6-4,58,6,4,Vendido,"280,000"
58-6-5,58,6,5,Vendido,"280,000"
58-6-6,58,6,6,Vendido,"280,000"
58-6-7,58,6,7,Vendido,"280,000"
58-6-8,58,6,8,Vendido,"350,000"
58-6-9,58,6,9,Vendido,"300,000"
58-6-10,58,6,10,Vendido,"300,000"
58-7-1,58,7,1,Vendido,"300,000"
58-7-2,58,7,2,Vendido,"250,000"
58-7-3,58,7,3,Vendido,"250,000"
58-7-4,58,7,4,Vendido,"250,000"
58-7-5,58,7,5,Vendido,"250,000"
58-7-6,58,7,6,Vendido,"250,000"
58-7-7,58,7,7,Vendido,"300,000"
59-2-10,59,2,10,Reserva de Propietario,0
59-2-18,59,2,18,Reserva de Propietario,"520,000"
59-2-12,59,2,12,Libre (R),"600,000"
59-1-4,59,1,4,Libre,"500,000"
59-1-5,59,1,5,Libre,"500,000"
59-1-6,59,1,6,Libre,"500,000"
59-1-7,59,1,7,Libre,"500,000"
59-1-8,59,1,8,Libre,"500,000"
59-1-9,59,1,9,Libre,"550,000"
59-2-1,59,2,1,Libre,"500,000"
59-2-5,59,2,5,Libre,"420,000"
59-2-6,59,2,6,Libre,"420,000"
59-2-7,59,2,7,Libre,"420,000"
59-2-8,59,2,8,Libre,"420,000"
59-2-11,59,2,11,Libre,"500,000"
59-2-13,59,2,13,Libre,"500,000"
59-2-14,59,2,14,Libre,"520,000"
59-2-15,59,2,15,Libre,"520,000"
59-2-16,59,2,16,Libre,"950,000"
59-2-17,59,2,17,Libre,"520,000"
59-1-1,59,1,1,Vendido,"650,000"
59-1-2,59,1,2,Vendido,"600,000"
59-1-3,59,1,3,Vendido,"500,000"
59-2-2,59,2,2,Vendido,"450,000"
59-2-3,59,2,3,Vendido,"500,000"
59-2-4,59,2,4,Vendido,"420,000"
59-2-9,59,2,9,Vendido,"420,000"
59-3-1,59,3,1,Vendido,"400,000"
59-3-2,59,3,2,Vendido,"380,000"
59-3-3,59,3,3,Vendido,"380,000"
59-3-4,59,3,4,Vendido,"380,000"
59-3-5,59,3,5,Vendido,"380,000"
59-3-6,59,3,6,Vendido,"400,000"
59-3-7,59,3,7,Vendido,"400,000"
59-3-8,59,3,8,Vendido,"400,000"
59-3-9,59,3,9,Vendido,"400,000"
59-3-10,59,3,10,Vendido,"400,000"
6-1-1,6,1,1,Libre,"1,600,000"
6-1-2,6,1,2,Libre,"1,500,000"
6-1-3,6,1,3,Libre,"1,500,000"
6-1-4,6,1,4,Libre,"1,500,000"
6-1-5,6,1,5,Libre,"1,500,000"
6-1-6,6,1,6,Libre,"1,500,000"
6-1-7,6,1,7,Libre,"1,700,000"
6-2-1,6,2,1,Libre,"1,700,000"
6-2-2,6,2,2,Libre,"1,500,000"
6-2-3,6,2,3,Libre,"1,500,000"
6-2-4,6,2,4,Libre,"1,500,000"
6-2-5,6,2,5,Libre,"1,500,000"
6-2-6,6,2,6,Libre,"1,500,000"
6-2-7,6,2,7,Libre,"1,500,000"
6-2-8,6,2,8,Libre,"1,500,000"
6-2-9,6,2,9,Libre,"1,500,000"
6-3-1,6,3,1,Libre,"1,400,000"
6-3-2,6,3,2,Libre,"1,400,000"
6-3-3,6,3,3,Libre,"1,400,000"
6-3-4,6,3,4,Libre,"1,400,000"
6-3-5,6,3,5,Libre,"1,400,000"
6-3-6,6,3,6,Libre,"1,400,000"
6-4-1,6,4,1,Libre,"1,400,000"
6-4-2,6,4,2,Libre,"1,400,000"
6-4-3,6,4,3,Libre,"1,400,000"
6-4-4,6,4,4,Libre,"1,400,000"
6-4-5,6,4,5,Libre,"1,400,000"
6-4-6,6,4,6,Libre,"1,400,000"
6-4-7,6,4,7,Libre,"1,600,000"
6-4-8,6,4,8,Libre,"1,600,000"
6-4-9,6,4,9,Libre,"1,400,000"
6-4-10,6,4,10,Libre,"1,400,000"
6-4-11,6,4,11,Libre,"1,400,000"
6-4-12,6,4,12,Libre,"1,400,000"
6-4-13,6,4,13,Libre,"1,400,000"
6-4-14,6,4,14,Libre,"1,400,000"
6-5-1,6,5,1,Libre,"1,600,000"
6-5-2,6,5,2,Libre,"1,400,000"
6-5-3,6,5,3,Libre,"1,400,000"
6-5-4,6,5,4,Libre,"1,400,000"
6-5-5,6,5,5,Libre,"1,400,000"
6-5-7,6,5,7,Libre,"1,400,000"
6-5-8,6,5,8,Libre,"1,300,000"
6-5-9,6,5,9,Libre,"1,300,000"
6-5-10,6,5,10,Libre,"1,300,000"
6-5-11,6,5,11,Libre,"1,300,000"
6-5-12,6,5,12,Libre,"1,400,000"
6-5-13,6,5,13,Libre,"1,400,000"
6-5-14,6,5,14,Libre,"140,000"
6-5-15,6,5,15,Libre,"1,400,000"
6-5-16,6,5,16,Libre,"1,400,000"
6-5-17,6,5,17,Libre,"1,400,000"
6-5-18,6,5,18,Libre,"1,600,000"
6-6-1,6,6,1,Libre,"1,000,000"
6-6-2,6,6,2,Libre,"1,000,000"
6-6-3,6,6,3,Libre,"1,000,000"
6-6-4,6,6,4,Libre,"1,000,000"
6-6-5,6,6,5,Libre,"1,000,000"
6-6-6,6,6,6,Libre,"1,100,000"
6-6-7,6,6,7,Libre,"1,100,000"
6-6-8,6,6,8,Libre,"1,100,000"
6-6-9,6,6,9,Libre,"1,100,000"
6-6-10,6,6,10,Libre,"1,100,000"
6-6-11,6,6,11,Libre,"1,000,000"
6-6-12,6,6,12,Libre,"1,000,000"
6-6-13,6,6,13,Libre,"1,000,000"
6-7-1,6,7,1,Libre,"1,400,000"
6-7-2,6,7,2,Libre,"1,400,000"
6-7-3,6,7,3,Libre,"1,400,000"
6-7-4,6,7,4,Libre,"1,400,000"
6-7-5,6,7,5,Libre,"1,400,000"
6-7-6,6,7,6,Libre,"1,400,000"
6-7-7,6,7,7,Libre,"1,400,000"
6-7-8,6,7,8,Libre,"1,500,000"
6-7-9,6,7,9,Libre,"1,200,000"
6-7-10,6,7,10,Libre,"1,200,000"
6-7-11,6,7,11,Libre,"1,200,000"
6-7-12,6,7,12,Libre,"1,200,000"
6-7-13,6,7,13,Libre,"1,300,000"
6-8-1,6,8,1,Libre,"1,500,000"
6-8-2,6,8,2,Libre,"900,000"
6-8-3,6,8,3,Libre,"900,000"
6-8-4,6,8,4,Libre,"900,000"
6-8-5,6,8,5,Libre,"900,000"
6-8-6,6,8,6,Libre,"900,000"
6-8-7,6,8,7,Libre,"900,000"
6-8-8,6,8,8,Libre,"900,000"
6-8-9,6,8,9,Libre,"900,000"
6-8-10,6,8,10,Libre,"900,000"
6-8-11,6,8,11,Libre,"810,000"
6-8-12,6,8,12,Libre,"900,000"
6-8-13,6,8,13,Libre,"900,000"
6-8-14,6,8,14,Libre,"900,000"
6-8-15,6,8,15,Libre,"900,000"
6-8-16,6,8,16,Libre,"900,000"
6-8-17,6,8,17,Libre,"900,000"
6-8-18,6,8,18,Libre,"900,000"
6-8-19,6,8,19,Libre,"900,000"
6-8-20,6,8,20,Libre,"900,000"
6-8-21,6,8,21,Libre,"900,000"
6-8-22,6,8,22,Libre,"1,500,000"
6-9-1,6,9,1,Libre,"850,000"
6-9-2,6,9,2,Libre,"900,000"
6-9-3,6,9,3,Libre,"800,000"
6-9-4,6,9,4,Libre,"850,000"
6-9-5,6,9,5,Libre,"850,000"
6-9-6,6,9,6,Libre,"850,000"
6-10-1,6,10,1,Libre,"1,300,000"
6-10-2,6,10,2,Libre,"850,000"
6-10-3,6,10,3,Libre,"850,000"
6-10-4,6,10,4,Libre,"850,000"
6-10-5,6,10,5,Libre,"850,000"
6-10-6,6,10,6,Libre,"850,000"
6-10-7,6,10,7,Libre,"1,000,000"
6-10-8,6,10,8,Libre,"1,000,000"
6-10-9,6,10,9,Libre,"900,000"
6-10-10,6,10,10,Libre,"1,000,000"
6-10-11,6,10,11,Libre,"1,000,000"
6-10-12,6,10,12,Libre,"900,000"
6-10-13,6,10,13,Libre,"900,000"
6-10-14,6,10,14,Libre,"900,000"
6-10-15,6,10,15,Libre,"900,000"
6-10-16,6,10,16,Libre,"900,000"
6-10-17,6,10,17,Libre,"1,300,000"
6-9-7,6,9,7,Ya no se administran,0
6-9-8,6,9,8,Ya no se administran,0
60-1-14,60,1,14,Cancelado,"1,612,500"
60-1-15,60,1,15,Cancelado,"1,760,000"
60-1-16,60,1,16,Cancelado,"1,760,000"
60-1-17,60,1,17,Cancelado,"1,994,000"
60-2-3,60,2,3,Cancelado,"1,734,000"
60-7-6,60,7,6,Cancelado,"3,792,000"
60-15-1,60,15,1,Cancelado,"2,048,000"
60-15-25,60,15,25,Cancelado,"1,536,000"
60-1-9,60,1,9,Libre (R),"320,000"
60-2-1,60,2,1,Libre (R),"350,000"
60-2-10,60,2,10,Libre (R),"320,000"
60-5-4,60,5,4,Libre (R),"400,000"
60-5-11,60,5,11,Libre (R),"550,000"
60-7-7,60,7,7,Libre (R),"550,000"
60-7-8,60,7,8,Libre (R),"480,000"
60-7-9,60,7,9,Libre (R),"480,000"
60-7-12,60,7,12,Libre (R),"500,000"
60-9-2,60,9,2,Libre (R),"480,000"
60-11-16,60,11,16,Libre (R),"340,000"
60-12-9,60,12,9,Libre (R),"340,000"
60-12-12,60,12,12,Libre (R),"320,000"
60-12-13,60,12,13,Libre (R),"320,000"
60-13-1,60,13,1,Libre (R),"320,000"
60-13-13,60,13,13,Libre (R),"300,000"
60-13-15,60,13,15,Libre (R),"300,000"
60-13-16,60,13,16,Libre (R),"300,000"
60-13-17,60,13,17,Libre (R),"300,000"
60-13-19,60,13,19,Libre (R),"300,000"
60-15-12,60,15,12,Libre (R),"250,000"
60-15-13,60,15,13,Libre (R),"250,000"
60-15-15,60,15,15,Libre (R),"250,000"
60-15-16,60,15,16,Libre (R),"250,000"
60-15-17,60,15,17,Libre (R),"250,000"
60-15-18,60,15,18,Libre (R),"220,000"
60-15-19,60,15,19,Libre (R),"220,000"
60-15-20,60,15,20,Libre (R),"220,000"
60-15-23,60,15,23,Libre (R),"250,000"
60-17-5,60,17,5,Libre (R),0
60-17-13,60,17,13,Libre (R),"220,000"
60-2-2,60,2,2,Libre,"320,000"
60-2-4,60,2,4,Libre,"320,000"
60-2-5,60,2,5,Libre,"320,000"
60-2-6,60,2,6,Libre,"320,000"
60-2-7,60,2,7,Libre,"320,000"
60-2-8,60,2,8,Libre,"320,000"
60-2-9,60,2,9,Libre,"320,000"
60-2-11,60,2,11,Libre,"350,000"
60-3-2,60,3,2,Libre,"340,000"
60-3-3,60,3,3,Libre,"340,000"
60-3-4,60,3,4,Libre,"340,000"
60-3-5,60,3,5,Libre,"340,000"
60-3-6,60,3,6,Libre,"340,000"
60-3-7,60,3,7,Libre,"360,000"
60-3-8,60,3,8,Libre,"360,000"
60-3-9,60,3,9,Libre,"360,000"
60-3-10,60,3,10,Libre,"360,000"
60-3-11,60,3,11,Libre,"370,000"
60-4-1,60,4,1,Libre,"380,000"
60-4-2,60,4,2,Libre,"370,000"
60-4-3,60,4,3,Libre,"370,000"
60-4-4,60,4,4,Libre,"370,000"
60-4-5,60,4,5,Libre,"370,000"
60-4-6,60,4,6,Libre,"370,000"
60-4-7,60,4,7,Libre,"380,000"
60-4-8,60,4,8,Libre,"380,000"
60-4-9,60,4,9,Libre,"380,000"
60-4-10,60,4,10,Libre,"380,000"
60-5-1,60,5,1,Libre,"420,000"
60-5-2,60,5,2,Libre,"400,000"
60-5-3,60,5,3,Libre,"400,000"
60-5-6,60,5,6,Libre,"400,000"
60-5-7,60,5,7,Libre,"420,000"
60-5-8,60,5,8,Libre,"420,000"
60-5-9,60,5,9,Libre,"420,000"
60-7-11,60,7,11,Libre,"500,000"
60-8-1,60,8,1,Libre,"480,000"
60-8-3,60,8,3,Libre,"480,000"
60-8-4,60,8,4,Libre,"480,000"
60-8-5,60,8,5,Libre,"480,000"
60-8-6,60,8,6,Libre,"480,000"
60-8-7,60,8,7,Libre,"550,000"
60-8-8,60,8,8,Libre,"550,000"
60-8-9,60,8,9,Libre,"440,000"
60-8-10,60,8,10,Libre,"440,000"
60-8-11,60,8,11,Libre,"440,000"
60-8-12,60,8,12,Libre,"440,000"
60-9-1,60,9,1,Libre,"420,000"
60-9-3,60,9,3,Libre,"420,000"
60-9-4,60,9,4,Libre,"420,000"
60-9-5,60,9,5,Libre,"420,000"
60-9-6,60,9,6,Libre,"420,000"
60-9-7,60,9,7,Libre,"420,000"
60-9-8,60,9,8,Libre,"440,000"
60-9-9,60,9,9,Libre,"420,000"
60-9-10,60,9,10,Libre,"400,000"
60-9-11,60,9,11,Libre,"400,000"
60-9-12,60,9,12,Libre,"400,000"
60-9-13,60,9,13,Libre,"400,000"
60-9-14,60,9,14,Libre,"400,000"
60-10-1,60,10,1,Libre,"400,000"
60-10-2,60,10,2,Libre,"420,000"
60-10-3,60,10,3,Libre,"400,000"
60-10-4,60,10,4,Libre,"400,000"
60-10-5,60,10,5,Libre,"400,000"
60-10-6,60,10,6,Libre,"400,000"
60-10-7,60,10,7,Libre,"400,000"
60-10-9,60,10,9,Libre,"400,000"
60-10-10,60,10,10,Libre,"380,000"
60-10-11,60,10,11,Libre,"380,000"
60-10-12,60,10,12,Libre,"380,000"
60-10-13,60,10,13,Libre,"380,000"
60-10-14,60,10,14,Libre,"380,000"
60-10-15,60,10,15,Libre,"380,000"
60-11-1,60,11,1,Libre,"360,000"
60-11-2,60,11,2,Libre,"380,000"
60-11-3,60,11,3,Libre,"360,000"
60-11-4,60,11,4,Libre,"360,000"
60-11-5,60,11,5,Libre,"360,000"
60-11-6,60,11,6,Libre,"360,000"
60-11-7,60,11,7,Libre,"360,000"
60-11-8,60,11,8,Libre,"360,000"
60-11-9,60,11,9,Libre,"350,000"
60-11-10,60,11,10,Libre,"350,000"
60-11-11,60,11,11,Libre,"350,000"
60-11-12,60,11,12,Libre,"340,000"
60-11-13,60,11,13,Libre,"340,000"
60-11-14,60,11,14,Libre,"340,000"
60-11-15,60,11,15,Libre,"340,000"
60-11-17,60,11,17,Libre,"340,000"
60-12-1,60,12,1,Libre,"340,000"
60-12-2,60,12,2,Libre,"360,000"
60-12-3,60,12,3,Libre,"340,000"
60-12-4,60,12,4,Libre,"340,000"
60-12-5,60,12,5,Libre,"340,000"
60-12-6,60,12,6,Libre,"340,000"
60-12-7,60,12,7,Libre,"340,000"
60-12-8,60,12,8,Libre,"340,000"
60-12-14,60,12,14,Libre,"320,000"
60-12-15,60,12,15,Libre,"320,000"
60-12-16,60,12,16,Libre,"320,000"
60-12-17,60,12,17,Libre,"320,000"
60-12-18,60,12,18,Libre,"320,000"
60-13-5,60,13,5,Libre,"320,000"
60-13-6,60,13,6,Libre,"320,000"
60-13-7,60,13,7,Libre,"320,000"
60-13-8,60,13,8,Libre,"320,000"
60-13-9,60,13,9,Libre,"320,000"
60-13-10,60,13,10,Libre,"320,000"
60-14-1,60,14,1,Libre,"330,000"
60-14-2,60,14,2,Libre,"320,000"
60-14-3,60,14,3,Libre,"320,000"
60-14-4,60,14,4,Libre,"320,000"
60-14-6,60,14,6,Libre,"320,000"
60-14-7,60,14,7,Libre,"320,000"
60-14-8,60,14,8,Libre,"320,000"
60-14-9,60,14,9,Libre,"340,000"
60-14-10,60,14,10,Libre,"350,000"
60-14-11,60,14,11,Libre,"350,000"
60-14-12,60,14,12,Libre,"350,000"
60-14-13,60,14,13,Libre,"350,000"
60-14-14,60,14,14,Libre,"550,000"
60-14-15,60,14,15,Libre,"350,000"
60-14-16,60,14,16,Libre,"350,000"
60-14-17,60,14,17,Libre,"400,000"
60-14-19,60,14,19,Libre,"320,000"
60-14-20,60,14,20,Libre,"320,000"
60-14-21,60,14,21,Libre,"320,000"
60-15-14,60,15,14,Libre,"240,000"
60-16-4,60,16,4,Libre,"650,000"
60-17-11,60,17,11,Libre,"220,000"
60-17-12,60,17,12,Libre,"220,000"
60-17-15,60,17,15,Libre,"280,000"
60-17-18,60,17,18,Libre,"220,000"
60-1-1,60,1,1,Vendido,"300,000"
60-1-2,60,1,2,Vendido,"270,000"
60-1-3,60,1,3,Vendido,"270,000"
60-1-4,60,1,4,Vendido,"270,000"
60-1-5,60,1,5,Vendido,"270,000"
60-1-6,60,1,6,Vendido,"280,000"
60-1-7,60,1,7,Vendido,"300,000"
60-1-8,60,1,8,Vendido,"300,000"
60-1-10,60,1,10,Vendido,"300,000"
60-1-11,60,1,11,Vendido,"300,000"
60-1-12,60,1,12,Vendido,"300,000"
60-1-13,60,1,13,Vendido,"300,000"
60-3-1,60,3,1,Vendido,"350,000"
60-4-11,60,4,11,Vendido,"400,000"
60-5-5,60,5,5,Vendido,"400,000"
60-5-10,60,5,10,Vendido,"500,000"
60-6-1,60,6,1,Vendido,"550,000"
60-6-2,60,6,2,Vendido,"500,000"
60-6-3,60,6,3,Vendido,"480,000"
60-6-4,60,6,4,Vendido,"480,000"
60-6-5,60,6,5,Vendido,"700,000"
60-7-1,60,7,1,Vendido,"550,000"
60-7-2,60,7,2,Vendido,"480,000"
60-7-3,60,7,3,Vendido,"480,000"
60-7-4,60,7,4,Vendido,"480,000"
60-7-5,60,7,5,Vendido,"600,000"
60-7-10,60,7,10,Vendido,"500,000"
60-7-13,60,7,13,Vendido,"500,000"
60-8-2,60,8,2,Vendido,"550,000"
60-10-8,60,10,8,Vendido,"440,000"
60-12-10,60,12,10,Vendido,"350,000"
60-12-11,60,12,11,Vendido,"350,000"
60-13-2,60,13,2,Vendido,"340,000"
60-13-3,60,13,3,Vendido,"320,000"
60-13-4,60,13,4,Vendido,"320,000"
60-13-11,60,13,11,Vendido,"330,000"
60-13-12,60,13,12,Vendido,"320,000"
60-13-14,60,13,14,Vendido,"300,000"
60-13-18,60,13,18,Vendido,"300,000"
60-13-20,60,13,20,Vendido,"300,000"
60-15-2,60,15,2,Vendido,"280,000"
60-15-3,60,15,3,Vendido,"320,000"
60-15-4,60,15,4,Vendido,"300,000"
60-15-5,60,15,5,Vendido,"280,000"
60-15-6,60,15,6,Vendido,"280,000"
60-15-7,60,15,7,Vendido,"280,000"
60-15-8,60,15,8,Vendido,"240,000"
60-15-9,60,15,9,Vendido,"250,000"
60-15-10,60,15,10,Vendido,"240,000"
60-15-11,60,15,11,Vendido,"240,000"
60-15-21,60,15,21,Vendido,"240,000"
60-15-22,60,15,22,Vendido,"240,000"
60-15-24,60,15,24,Vendido,"240,000"
60-16-1,60,16,1,Vendido,"380,000"
60-16-2,60,16,2,Vendido,"430,000"
60-16-3,60,16,3,Vendido,"430,000"
60-17-1,60,17,1,Vendido,"280,000"
60-17-2,60,17,2,Vendido,"280,000"
60-17-3,60,17,3,Vendido,"240,000"
60-17-4,60,17,4,Vendido,"250,000"
60-17-6,60,17,6,Vendido,"240,000"
60-17-7,60,17,7,Vendido,"220,000"
60-17-8,60,17,8,Vendido,"220,000"
60-17-9,60,17,9,Vendido,"220,000"
60-17-10,60,17,10,Vendido,"220,000"
60-17-14,60,17,14,Vendido,"240,000"
60-17-16,60,17,16,Vendido,"220,000"
60-17-17,60,17,17,Vendido,"220,000"
60-17-19,60,17,19,Vendido,"220,000"
60-17-20,60,17,20,Vendido,"220,000"
60-17-21,60,17,21,Vendido,"220,000"
60-17-22,60,17,22,Vendido,"240,000"
60-17-23,60,17,23,Vendido,"240,000"
60-17-24,60,17,24,Vendido,"240,000"
60-17-25,60,17,25,Vendido,"250,000"
60-17-26,60,17,26,Vendido,"240,000"
60-14-5,60,14,5,No disponible para la venta,0
60-14-18,60,14,18,No disponible para la venta,0
61-2-7,61,2,7,Cancelado,"280,000"
61-5-2,61,5,2,Recuperado Libre,"400,000"
61-4-5,61,4,5,Reserva de Propietario,"400,000"
61-4-6,61,4,6,Reserva de Propietario,"400,000"
61-4-7,61,4,7,Reserva de Propietario,"400,000"
61-1-4,61,1,4,Libre (R),"340,000"
61-2-6,61,2,6,Libre (R),"300,000"
61-2-22,61,2,22,Libre (R),"320,000"
61-3-2,61,3,2,Libre (R),"320,000"
61-3-4,61,3,4,Libre (R),"320,000"
61-3-5,61,3,5,Libre (R),"320,000"
61-3-6,61,3,6,Libre (R),"320,000"
61-3-13,61,3,13,Libre (R),"300,000"
61-3-17,61,3,17,Libre (R),"380,000"
61-4-2,61,4,2,Libre (R),"400,000"
61-4-4,61,4,4,Libre (R),"430,000"
61-1-1,61,1,1,Libre,"400,000"
61-1-2,61,1,2,Libre,"350,000"
61-1-3,61,1,3,Libre,"340,000"
61-1-6,61,1,6,Libre,"380,000"
61-1-7,61,1,7,Libre,"400,000"
61-1-8,61,1,8,Libre,"380,000"
61-1-9,61,1,9,Libre,"380,000"
61-1-10,61,1,10,Libre,"380,000"
61-2-9,61,2,9,Libre,"330,000"
61-2-12,61,2,12,Libre,"420,000"
61-2-13,61,2,13,Libre,"400,000"
61-2-14,61,2,14,Libre,"400,000"
61-2-15,61,2,15,Libre,"400,000"
61-2-16,61,2,16,Libre,"400,000"
61-2-17,61,2,17,Libre,"400,000"
61-2-19,61,2,19,Libre,"400,000"
61-3-3,61,3,3,Libre,"320,000"
61-3-7,61,3,7,Libre,"320,000"
61-3-8,61,3,8,Libre,"320,000"
61-3-9,61,3,9,Libre,"300,000"
61-3-24,61,3,24,Libre,"400,000"
61-3-25,61,3,25,Libre,"400,000"
61-3-26,61,3,26,Libre,"420,000"
61-3-27,61,3,27,Libre,"420,000"
61-3-28,61,3,28,Libre,"420,000"
61-3-31,61,3,31,Libre,"430,000"
61-4-1,61,4,1,Libre,"420,000"
61-4-3,61,4,3,Libre,"400,000"
61-5-1,61,5,1,Libre,"400,000"
61-5-3,61,5,3,Libre,"400,000"
61-5-4,61,5,4,Libre,"400,000"
61-5-5,61,5,5,Libre,"400,000"
61-5-6,61,5,6,Libre,"400,000"
61-5-7,61,5,7,Libre,"400,000"
61-5-8,61,5,8,Libre,"400,000"
61-5-12,61,5,12,Libre,"420,000"
61-5-13,61,5,13,Libre,"360,000"
61-5-14,61,5,14,Libre,"360,000"
61-5-15,61,5,15,Libre,"360,000"
61-5-16,61,5,16,Libre,"360,000"
61-5-17,61,5,17,Libre,"380,000"
61-5-18,61,5,18,Libre,"380,000"
61-5-19,61,5,19,Libre,"380,000"
61-5-20,61,5,20,Libre,"400,000"
61-5-21,61,5,21,Libre,"360,000"
61-5-22,61,5,22,Libre,"360,000"
61-6-1,61,6,1,Libre,"420,000"
61-6-2,61,6,2,Libre,"410,000"
61-6-3,61,6,3,Libre,"400,000"
61-6-4,61,6,4,Libre,"400,000"
61-6-5,61,6,5,Libre,"400,000"
61-6-6,61,6,6,Libre,"400,000"
61-6-7,61,6,7,Libre,"420,000"
61-6-10,61,6,10,Libre,"410,000"
61-6-11,61,6,11,Libre,"410,000"
61-6-12,61,6,12,Libre,"410,000"
61-1-5,61,1,5,Vendido,"340,000"
61-2-1,61,2,1,Vendido,"320,000"
61-2-2,61,2,2,Vendido,"280,000"
61-2-3,61,2,3,Vendido,"280,000"
61-2-4,61,2,4,Vendido,"280,000"
61-2-5,61,2,5,Vendido,"280,000"
61-2-8,61,2,8,Vendido,"280,000"
61-2-10,61,2,10,Vendido,"320,000"
61-2-11,61,2,11,Vendido,"320,000"
61-2-18,61,2,18,Vendido,"400,000"
61-2-20,61,2,20,Vendido,"420,000"
61-2-21,61,2,21,Vendido,"320,000"
61-3-1,61,3,1,Vendido,"330,000"
61-3-10,61,3,10,Vendido,"300,000"
61-3-11,61,3,11,Vendido,"300,000"
61-3-12,61,3,12,Vendido,"300,000"
61-3-14,61,3,14,Vendido,"300,000"
61-3-15,61,3,15,Vendido,"320,000"
61-3-16,61,3,16,Vendido,"320,000"
61-3-18,61,3,18,Vendido,"380,000"
61-3-19,61,3,19,Vendido,"380,000"
61-3-20,61,3,20,Vendido,"380,000"
61-3-21,61,3,21,Vendido,"400,000"
61-3-22,61,3,22,Vendido,"400,000"
61-3-23,61,3,23,Vendido,"400,000"
61-3-29,61,3,29,Vendido,"420,000"
61-3-30,61,3,30,Vendido,"420,000"
61-3-32,61,3,32,Vendido,"360,000"
61-3-33,61,3,33,Vendido,"360,000"
61-5-9,61,5,9,Vendido,"400,000"
61-5-10,61,5,10,Vendido,"420,000"
61-5-11,61,5,11,Vendido,"380,000"
61-6-8,61,6,8,Vendido,"440,000"
61-6-9,61,6,9,Vendido,"410,000"
62-1-1,62,1,1,Vendido,"680,000"
62-1-2,62,1,2,Vendido,"780,000"
62-1-3,62,1,3,Vendido,"700,000"
62-1-4,62,1,4,Vendido,"680,000"
62-1-5,62,1,5,Vendido,"750,000"
62-1-6,62,1,6,Vendido,"750,000"
62-1-7,62,1,7,Vendido,"650,000"
62-1-8,62,1,8,Vendido,"650,000"
62-1-9,62,1,9,Vendido,"650,000"
62-1-10,62,1,10,Vendido,"680,000"
62-1-11,62,1,11,Vendido,"700,000"
62-1-12,62,1,12,Vendido,"700,000"
62-1-13,62,1,13,Vendido,"680,000"
62-1-14,62,1,14,Vendido,"650,000"
62-1-15,62,1,15,Vendido,"650,000"
62-1-16,62,1,16,Vendido,"650,000"
62-1-17,62,1,17,Vendido,"750,000"
62-1-18,62,1,18,Vendido,"650,000"
62-2-1,62,2,1,Vendido,"780,000"
62-2-2,62,2,2,Vendido,"800,000"
62-2-3,62,2,3,Vendido,"800,000"
62-2-4,62,2,4,Vendido,"780,000"
62-2-5,62,2,5,Vendido,"750,000"
62-2-6,62,2,6,Vendido,"750,000"
62-2-7,62,2,7,Vendido,"750,000"
62-2-8,62,2,8,Vendido,"780,000"
62-2-9,62,2,9,Vendido,"750,000"
62-2-10,62,2,10,Vendido,"750,000"
62-2-11,62,2,11,Vendido,"780,000"
62-2-12,62,2,12,Vendido,"750,000"
62-2-13,62,2,13,Vendido,"780,000"
62-2-14,62,2,14,Vendido,"750,000"
62-3-1,62,3,1,Vendido,"880,000"
62-3-2,62,3,2,Vendido,"850,000"
62-3-3,62,3,3,Vendido,"850,000"
62-3-4,62,3,4,Vendido,"880,000"
63-11-1,63,11,1,Cancelado,"800,000"
63-3-11,63,3,11,Recuperado Libre,"600,000"
63-6-19,63,6,19,Recuperado Libre,0
63-7-19,63,7,19,Recuperado Libre,0
63-8-8,63,8,8,Recuperado Libre,0
63-8-9,63,8,9,Recuperado Libre,"500,000"
63-10-4,63,10,4,Recuperado Libre,0
63-17-20,63,17,20,Recuperado Libre,0
63-3-15,63,3,15,Libre (R),"600,000"
63-3-20,63,3,20,Libre (R),"600,000"
63-4-3,63,4,3,Libre (R),"650,000"
63-4-13,63,4,13,Libre (R),"600,000"
63-6-1,63,6,1,Libre (R),"850,000"
63-6-7,63,6,7,Libre (R),"700,000"
63-6-10,63,6,10,Libre (R),"700,000"
63-6-26,63,6,26,Libre (R),"760,000"
63-8-10,63,8,10,Libre (R),"600,000"
63-2-2,63,2,2,Libre,"750,000"
63-6-11,63,6,11,Libre,"700,000"
63-6-12,63,6,12,Libre,"700,000"
63-6-13,63,6,13,Libre,"700,000"
63-6-14,63,6,14,Libre,"700,000"
63-6-15,63,6,15,Libre,"700,000"
63-6-17,63,6,17,Libre,"720,000"
63-6-18,63,6,18,Libre,"720,000"
63-6-20,63,6,20,Libre,"760,000"
63-6-21,63,6,21,Libre,"760,000"
63-6-22,63,6,22,Libre,"760,000"
63-7-1,63,7,1,Libre,"800,000"
63-7-2,63,7,2,Libre,"720,000"
63-7-3,63,7,3,Libre,"720,000"
63-7-4,63,7,4,Libre,"740,000"
63-7-5,63,7,5,Libre,"680,000"
63-7-6,63,7,6,Libre,"680,000"
63-7-7,63,7,7,Libre,"680,000"
63-7-8,63,7,8,Libre,"680,000"
63-7-9,63,7,9,Libre,"680,000"
63-7-10,63,7,10,Libre,"680,000"
63-7-11,63,7,11,Libre,"650,000"
63-7-12,63,7,12,Libre,"650,000"
63-7-21,63,7,21,Libre,"760,000"
63-7-24,63,7,24,Libre,"760,000"
63-7-25,63,7,25,Libre,"760,000"
63-7-28,63,7,28,Libre,"760,000"
63-7-29,63,7,29,Libre,"760,000"
63-7-30,63,7,30,Libre,"760,000"
63-7-31,63,7,31,Libre,"760,000"
63-7-32,63,7,32,Libre,"760,000"
63-8-15,63,8,15,Libre,"660,000"
63-8-16,63,8,16,Libre,"660,000"
63-10-14,63,10,14,Libre,"720,000"
63-10-16,63,10,16,Libre,"720,000"
63-10-17,63,10,17,Libre,"720,000"
63-10-18,63,10,18,Libre,"720,000"
63-10-19,63,10,19,Libre,"740,000"
63-10-20,63,10,20,Libre,"720,000"
63-10-21,63,10,21,Libre,"720,000"
63-10-22,63,10,22,Libre,"720,000"
63-10-23,63,10,23,Libre,"720,000"
63-10-24,63,10,24,Libre,"720,000"
63-10-25,63,10,25,Libre,"720,000"
63-11-8,63,11,8,Libre,"700,000"
63-13-3,63,13,3,Libre,"660,000"
63-13-4,63,13,4,Libre,"660,000"
63-13-7,63,13,7,Libre,"760,000"
63-13-11,63,13,11,Libre,"760,000"
63-13-13,63,13,13,Libre,"680,000"
63-13-16,63,13,16,Libre,"680,000"
63-13-17,63,13,17,Libre,"700,000"
63-15-9,63,15,9,Libre,"760,000"
63-15-10,63,15,10,Libre,"760,000"
63-15-11,63,15,11,Libre,"760,000"
63-15-12,63,15,12,Libre,"780,000"
63-15-13,63,15,13,Libre,"600,000"
63-15-14,63,15,14,Libre,"600,000"
63-17-2,63,17,2,Libre,"660,000"
63-17-3,63,17,3,Libre,"660,000"
63-17-4,63,17,4,Libre,"780,000"
63-17-5,63,17,5,Libre,"760,000"
63-17-6,63,17,6,Libre,"760,000"
63-17-7,63,17,7,Libre,"760,000"
63-17-8,63,17,8,Libre,"760,000"
63-17-9,63,17,9,Libre,"760,000"
63-17-10,63,17,10,Libre,"760,000"
63-17-15,63,17,15,Libre,"650,000"
63-17-17,63,17,17,Libre,"650,000"
63-17-18,63,17,18,Libre,"650,000"
63-17-19,63,17,19,Libre,"650,000"
63-1-1,63,1,1,Vendido,"1,100,000"
63-1-2,63,1,2,Vendido,"960,000"
63-1-3,63,1,3,Vendido,"960,000"
63-1-4,63,1,4,Vendido,"980,000"
63-1-5,63,1,5,Vendido,"960,000"
63-1-6,63,1,6,Vendido,"1,000,000"
63-1-7,63,1,7,Vendido,"960,000"
63-1-8,63,1,8,Vendido,"960,000"
63-1-9,63,1,9,Vendido,"1,000,000"
63-1-10,63,1,10,Vendido,"1,000,000"
63-1-11,63,1,11,Vendido,"1,200,000"
63-1-12,63,1,12,Vendido,"1,100,000"
63-1-13,63,1,13,Vendido,"1,250,000"
63-1-14,63,1,14,Vendido,"1,000,000"
63-1-15,63,1,15,Vendido,"1,000,000"
63-2-1,63,2,1,Vendido,"680,000"
63-2-3,63,2,3,Vendido,"680,000"
63-2-4,63,2,4,Vendido,"660,000"
63-2-5,63,2,5,Vendido,"660,000"
63-2-6,63,2,6,Vendido,"660,000"
63-2-7,63,2,7,Vendido,"660,000"
63-2-8,63,2,8,Vendido,"660,000"
63-2-9,63,2,9,Vendido,"660,000"
63-2-10,63,2,10,Vendido,"680,000"
63-2-11,63,2,11,Vendido,"680,000"
63-2-12,63,2,12,Vendido,"660,000"
63-2-13,63,2,13,Vendido,"620,000"
63-2-14,63,2,14,Vendido,"620,000"
63-3-1,63,3,1,Vendido,"560,000"
63-3-2,63,3,2,Vendido,"550,000"
63-3-3,63,3,3,Vendido,"550,000"
63-3-4,63,3,4,Vendido,"600,000"
63-3-5,63,3,5,Vendido,"550,000"
63-3-6,63,3,6,Vendido,"600,000"
63-3-7,63,3,7,Vendido,"550,000"
63-3-8,63,3,8,Vendido,"550,000"
63-3-9,63,3,9,Vendido,"550,000"
63-3-10,63,3,10,Vendido,"600,000"
63-3-12,63,3,12,Vendido,"550,000"
63-3-13,63,3,13,Vendido,"550,000"
63-3-14,63,3,14,Vendido,"560,000"
63-3-16,63,3,16,Vendido,"500,000"
63-3-17,63,3,17,Vendido,"550,000"
63-3-18,63,3,18,Vendido,"500,000"
63-3-19,63,3,19,Vendido,"500,000"
63-4-1,63,4,1,Vendido,"600,000"
63-4-2,63,4,2,Vendido,"600,000"
63-4-4,63,4,4,Vendido,"600,000"
63-4-5,63,4,5,Vendido,"550,000"
63-4-6,63,4,6,Vendido,"550,000"
63-4-7,63,4,7,Vendido,"550,000"
63-4-8,63,4,8,Vendido,"550,000"
63-4-9,63,4,9,Vendido,"550,000"
63-4-10,63,4,10,Vendido,"550,000"
63-4-11,63,4,11,Vendido,"600,000"
63-4-12,63,4,12,Vendido,"560,000"
63-4-14,63,4,14,Vendido,"500,000"
63-4-15,63,4,15,Vendido,"500,000"
63-4-16,63,4,16,Vendido,"550,000"
63-4-17,63,4,17,Vendido,"500,000"
63-4-18,63,4,18,Vendido,"500,000"
63-4-19,63,4,19,Vendido,"500,000"
63-5-1,63,5,1,Vendido,"700,000"
63-5-2,63,5,2,Vendido,"680,000"
63-5-3,63,5,3,Vendido,"680,000"
63-5-4,63,5,4,Vendido,"680,000"
63-5-5,63,5,5,Vendido,"680,000"
63-5-6,63,5,6,Vendido,"580,000"
63-5-7,63,5,7,Vendido,"600,000"
63-5-8,63,5,8,Vendido,"650,000"
63-5-9,63,5,9,Vendido,"580,000"
63-5-10,63,5,10,Vendido,"580,000"
63-5-11,63,5,11,Vendido,"650,000"
63-5-12,63,5,12,Vendido,"650,000"
63-5-13,63,5,13,Vendido,"580,000"
63-5-14,63,5,14,Vendido,"580,000"
63-5-15,63,5,15,Vendido,"600,000"
63-5-16,63,5,16,Vendido,"600,000"
63-5-17,63,5,17,Vendido,"580,000"
63-5-18,63,5,18,Vendido,"760,000"
63-5-19,63,5,19,Vendido,"750,000"
63-5-20,63,5,20,Vendido,"740,000"
63-5-21,63,5,21,Vendido,"740,000"
63-5-22,63,5,22,Vendido,"750,000"
63-6-2,63,6,2,Vendido,"800,000"
63-6-3,63,6,3,Vendido,"750,000"
63-6-4,63,6,4,Vendido,"760,000"
63-6-5,63,6,5,Vendido,"700,000"
63-6-6,63,6,6,Vendido,"700,000"
63-6-8,63,6,8,Vendido,"700,000"
63-6-9,63,6,9,Vendido,"700,000"
63-6-16,63,6,16,Vendido,"720,000"
63-6-23,63,6,23,Vendido,"760,000"
63-6-24,63,6,24,Vendido,"760,000"
63-6-25,63,6,25,Vendido,"760,000"
63-6-27,63,6,27,Vendido,"760,000"
63-6-28,63,6,28,Vendido,"760,000"
63-7-13,63,7,13,Vendido,"600,000"
63-7-14,63,7,14,Vendido,"520,000"
63-7-15,63,7,15,Vendido,"500,000"
63-7-16,63,7,16,Vendido,"500,000"
63-7-17,63,7,17,Vendido,"600,000"
63-7-18,63,7,18,Vendido,"550,000"
63-7-20,63,7,20,Vendido,"800,000"
63-7-22,63,7,22,Vendido,"760,000"
63-7-23,63,7,23,Vendido,"760,000"
63-7-26,63,7,26,Vendido,"760,000"
63-7-27,63,7,27,Vendido,"760,000"
63-8-1,63,8,1,Vendido,"800,000"
63-8-2,63,8,2,Vendido,"800,000"
63-8-3,63,8,3,Vendido,"680,000"
63-8-4,63,8,4,Vendido,"750,000"
63-8-5,63,8,5,Vendido,"600,000"
63-8-6,63,8,6,Vendido,"500,000"
63-8-7,63,8,7,Vendido,"500,000"
63-8-11,63,8,11,Vendido,"520,000"
63-8-12,63,8,12,Vendido,"550,000"
63-8-13,63,8,13,Vendido,"600,000"
63-8-14,63,8,14,Vendido,"700,000"
63-8-17,63,8,17,Vendido,"660,000"
63-10-1,63,10,1,Vendido,"860,000"
63-10-2,63,10,2,Vendido,"850,000"
63-10-3,63,10,3,Vendido,"850,000"
63-10-5,63,10,5,Vendido,"850,000"
63-10-6,63,10,6,Vendido,"850,000"
63-10-7,63,10,7,Vendido,"850,000"
63-10-8,63,10,8,Vendido,"850,000"
63-10-9,63,10,9,Vendido,"850,000"
63-10-10,63,10,10,Vendido,"860,000"
63-10-11,63,10,11,Vendido,"860,000"
63-10-12,63,10,12,Vendido,"860,000"
63-10-13,63,10,13,Vendido,"880,000"
63-10-15,63,10,15,Vendido,"720,000"
63-10-26,63,10,26,Vendido,"720,000"
63-10-27,63,10,27,Vendido,"720,000"
63-10-28,63,10,28,Vendido,"720,000"
63-10-29,63,10,29,Vendido,"720,000"
63-10-30,63,10,30,Vendido,"720,000"
63-10-31,63,10,31,Vendido,"720,000"
63-10-32,63,10,32,Vendido,"720,000"
63-10-33,63,10,33,Vendido,"720,000"
63-11-2,63,11,2,Vendido,"680,000"
63-11-3,63,11,3,Vendido,"680,000"
63-11-4,63,11,4,Vendido,"680,000"
63-11-5,63,11,5,Vendido,"680,000"
63-11-6,63,11,6,Vendido,"680,000"
63-11-7,63,11,7,Vendido,"680,000"
63-11-9,63,11,9,Vendido,"780,000"
63-11-10,63,11,10,Vendido,"760,000"
63-11-11,63,11,11,Vendido,"760,000"
63-11-12,63,11,12,Vendido,"760,000"
63-11-13,63,11,13,Vendido,"760,000"
63-11-14,63,11,14,Vendido,"760,000"
63-11-15,63,11,15,Vendido,"760,000"
63-11-16,63,11,16,Vendido,"760,000"
63-11-17,63,11,17,Vendido,"760,000"
63-11-18,63,11,18,Vendido,"760,000"
63-11-19,63,11,19,Vendido,"800,000"
63-11-20,63,11,20,Vendido,"760,000"
63-13-1,63,13,1,Vendido,"680,000"
63-13-2,63,13,2,Vendido,"660,000"
63-13-5,63,13,5,Vendido,"660,000"
63-13-6,63,13,6,Vendido,"780,000"
63-13-8,63,13,8,Vendido,"780,000"
63-13-9,63,13,9,Vendido,"760,000"
63-13-10,63,13,10,Vendido,"760,000"
63-13-12,63,13,12,Vendido,"780,000"
63-13-14,63,13,14,Vendido,"680,000"
63-13-15,63,13,15,Vendido,"680,000"
63-14-1,63,14,1,Vendido,"600,000"
63-14-2,63,14,2,Vendido,"580,000"
63-14-3,63,14,3,Vendido,"580,000"
63-14-4,63,14,4,Vendido,"620,000"
63-14-5,63,14,5,Vendido,"650,000"
63-14-6,63,14,6,Vendido,"600,000"
63-14-7,63,14,7,Vendido,"600,000"
63-14-8,63,14,8,Vendido,"600,000"
63-14-9,63,14,9,Vendido,"600,000"
63-14-10,63,14,10,Vendido,"600,000"
63-14-11,63,14,11,Vendido,"620,000"
63-14-12,63,14,12,Vendido,"580,000"
63-14-13,63,14,13,Vendido,"580,000"
63-14-14,63,14,14,Vendido,"600,000"
63-14-15,63,14,15,Vendido,"600,000"
63-14-16,63,14,16,Vendido,"580,000"
63-14-17,63,14,17,Vendido,"580,000"
63-14-18,63,14,18,Vendido,"580,000"
63-14-19,63,14,19,Vendido,"580,000"
63-14-20,63,14,20,Vendido,"600,000"
63-15-1,63,15,1,Vendido,"650,000"
63-15-2,63,15,2,Vendido,"600,000"
63-15-3,63,15,3,Vendido,"650,000"
63-15-4,63,15,4,Vendido,"600,000"
63-15-5,63,15,5,Vendido,"600,000"
63-15-6,63,15,6,Vendido,"700,000"
63-15-7,63,15,7,Vendido,"600,000"
63-15-8,63,15,8,Vendido,"780,000"
63-15-15,63,15,15,Vendido,"600,000"
63-15-16,63,15,16,Vendido,"600,000"
63-15-17,63,15,17,Vendido,"600,000"
63-15-18,63,15,18,Vendido,"600,000"
63-15-19,63,15,19,Vendido,"620,000"
63-15-20,63,15,20,Vendido,"580,000"
63-15-21,63,15,21,Vendido,"580,000"
63-15-22,63,15,22,Vendido,"580,000"
63-16-1,63,16,1,Vendido,"620,000"
63-16-2,63,16,2,Vendido,"600,000"
63-16-3,63,16,3,Vendido,"600,000"
63-16-4,63,16,4,Vendido,"600,000"
63-16-5,63,16,5,Vendido,"650,000"
63-16-6,63,16,6,Vendido,"600,000"
63-16-7,63,16,7,Vendido,"600,000"
63-16-8,63,16,8,Vendido,"780,000"
63-16-9,63,16,9,Vendido,"760,000"
63-16-10,63,16,10,Vendido,"760,000"
63-16-11,63,16,11,Vendido,"760,000"
63-16-12,63,16,12,Vendido,"780,000"
63-16-13,63,16,13,Vendido,"600,000"
63-16-14,63,16,14,Vendido,"600,000"
63-16-15,63,16,15,Vendido,"600,000"
63-16-16,63,16,16,Vendido,"600,000"
63-16-17,63,16,17,Vendido,"600,000"
63-16-18,63,16,18,Vendido,"600,000"
63-16-19,63,16,19,Vendido,"620,000"
63-16-20,63,16,20,Vendido,"580,000"
63-16-21,63,16,21,Vendido,"580,000"
63-16-22,63,16,22,Vendido,"580,000"
63-17-1,63,17,1,Vendido,"680,000"
63-17-11,63,17,11,Vendido,"800,000"
63-17-12,63,17,12,Vendido,"660,000"
63-17-13,63,17,13,Vendido,"660,000"
63-17-14,63,17,14,Vendido,"680,000"
63-17-16,63,17,16,Vendido,"650,000"
64-1-1,64,1,1,Cancelado,"900,000"
64-1-2,64,1,2,Vendido,"900,000"
64-1-3,64,1,3,Vendido,"900,000"
64-1-4,64,1,4,Vendido,"900,000"
64-1-5,64,1,5,Vendido,"900,000"
64-1-6,64,1,6,Vendido,"850,000"
64-1-7,64,1,7,Vendido,"900,000"
64-1-8,64,1,8,Vendido,"900,000"
64-2-1,64,2,1,Vendido,"900,000"
64-2-2,64,2,2,Vendido,"850,000"
64-2-3,64,2,3,Vendido,"850,000"
64-2-4,64,2,4,Vendido,"850,000"
64-2-5,64,2,5,Vendido,"850,000"
64-2-6,64,2,6,Vendido,"850,000"
64-2-7,64,2,7,Vendido,"850,000"
64-2-8,64,2,8,Vendido,"850,000"
64-2-9,64,2,9,Vendido,"900,000"
64-2-10,64,2,10,Vendido,"900,000"
64-2-11,64,2,11,Vendido,"850,000"
64-2-12,64,2,12,Vendido,"850,000"
64-2-13,64,2,13,Vendido,"850,000"
64-3-1,64,3,1,Vendido,"800,000"
64-3-2,64,3,2,Vendido,"800,000"
64-3-3,64,3,3,Vendido,"850,000"
64-3-4,64,3,4,Vendido,"850,000"
64-3-5,64,3,5,Vendido,"750,000"
64-3-6,64,3,6,Vendido,"750,000"
64-3-7,64,3,7,Vendido,"750,000"
65-1-3,65,1,3,Cancelado,"450,000"
65-3-1,65,3,1,Reserva de Propietario,0
65-3-2,65,3,2,Reserva de Propietario,0
65-1-2,65,1,2,Libre (R),"500,000"
65-2-2,65,2,2,Libre,"380,000"
65-2-3,65,2,3,Libre,"380,000"
65-2-4,65,2,4,Libre,"450,000"
65-2-11,65,2,11,Libre,"420,000"
65-3-3,65,3,3,Libre,"430,000"
65-3-4,65,3,4,Libre,"420,000"
65-3-5,65,3,5,Libre,"420,000"
65-3-6,65,3,6,Libre,"420,000"
65-3-8,65,3,8,Libre,"370,000"
65-J-69-C-I,65,J,69-C-I,Vendido,"1,700,000"
65-1-1,65,1,1,Vendido,"450,000"
65-1-4,65,1,4,Vendido,"450,000"
65-2-1,65,2,1,Vendido,"2,860,000"
65-2-5,65,2,5,Vendido,"450,000"
65-2-6,65,2,6,Vendido,"450,000"
65-2-7,65,2,7,Vendido,"450,000"
65-2-8,65,2,8,Vendido,"450,000"
65-2-9,65,2,9,Vendido,"450,000"
65-2-10,65,2,10,Vendido,"450,000"
65-2-12,65,2,12,Vendido,"420,000"
65-2-13,65,2,13,Vendido,"470,000"
65-3-7,65,3,7,Vendido,"370,000"
65-3-9,65,3,9,Vendido,"390,000"
66-6-9,66,6,9,Cancelado,"1,520,000"
66-6-10,66,6,10,Cancelado,"1,842,000"
66-7-8,66,7,8,Cancelado,"1,520,000"
66-7-1,66,7,1,Reserva de Propietario,0
66-7-2,66,7,2,Reserva de Propietario,0
66-1-1,66,1,1,Libre,"450,000"
66-1-2,66,1,2,Libre,"400,000"
66-1-3,66,1,3,Libre,"400,000"
66-1-4,66,1,4,Libre,"400,000"
66-2-3,66,2,3,Libre,"480,000"
66-2-11,66,2,11,Libre,"450,000"
66-2-12,66,2,12,Libre,"450,000"
66-2-13,66,2,13,Libre,"450,000"
66-3-1,66,3,1,Libre,"450,000"
66-3-2,66,3,2,Libre,"450,000"
66-4-1,66,4,1,Libre,"430,000"
66-4-2,66,4,2,Libre,"430,000"
66-4-4,66,4,4,Libre,"430,000"
66-4-5,66,4,5,Libre,"430,000"
66-4-6,66,4,6,Libre,"430,000"
66-5-1,66,5,1,Libre,"370,000"
66-J-69,66,J,69,Vendido,"4,000,000"
66-1-5,66,1,5,Vendido,"400,000"
66-1-6,66,1,6,Vendido,"500,000"
66-1-7,66,1,7,Vendido,"500,000"
66-1-8,66,1,8,Vendido,"500,000"
66-1-9,66,1,9,Vendido,"500,000"
66-2-1,66,2,1,Vendido,"500,000"
66-2-2,66,2,2,Vendido,"480,000"
66-2-4,66,2,4,Vendido,"480,000"
66-2-5,66,2,5,Vendido,"450,000"
66-2-6,66,2,6,Vendido,"450,000"
66-2-7,66,2,7,Vendido,"2,925,000"
66-2-8,66,2,8,Vendido,"450,000"
66-2-9,66,2,9,Vendido,"470,000"
66-2-10,66,2,10,Vendido,"450,000"
66-3-3,66,3,3,Vendido,"450,000"
66-3-4,66,3,4,Vendido,"450,000"
66-3-5,66,3,5,Vendido,"450,000"
66-3-6,66,3,6,Vendido,"480,000"
66-3-7,66,3,7,Vendido,"450,000"
66-3-8,66,3,8,Vendido,"450,000"
66-3-9,66,3,9,Vendido,"450,000"
66-3-10,66,3,10,Vendido,"480,000"
66-3-11,66,3,11,Vendido,"450,000"
66-3-12,66,3,12,Vendido,"450,000"
66-3-13,66,3,13,Vendido,"450,000"
66-3-14,66,3,14,Vendido,"450,000"
66-3-15,66,3,15,Vendido,"450,000"
66-4-3,66,4,3,Vendido,"430,000"
66-4-7,66,4,7,Vendido,"430,000"
66-4-8,66,4,8,Vendido,"440,000"
66-4-9,66,4,9,Vendido,"430,000"
66-4-10,66,4,10,Vendido,"430,000"
66-4-11,66,4,11,Vendido,"430,000"
66-4-12,66,4,12,Vendido,"440,000"
66-4-13,66,4,13,Vendido,"430,000"
66-4-14,66,4,14,Vendido,"430,000"
66-4-15,66,4,15,Vendido,"430,000"
66-4-16,66,4,16,Vendido,"430,000"
66-4-17,66,4,17,Vendido,"430,000"
66-4-18,66,4,18,Vendido,"430,000"
66-5-2,66,5,2,Vendido,"370,000"
66-5-3,66,5,3,Vendido,"370,000"
66-5-4,66,5,4,Vendido,"370,000"
66-5-5,66,5,5,Vendido,"370,000"
66-5-6,66,5,6,Vendido,"370,000"
66-5-7,66,5,7,Vendido,"370,000"
66-5-8,66,5,8,Vendido,"370,000"
66-5-9,66,5,9,Vendido,"390,000"
66-5-10,66,5,10,Vendido,"370,000"
66-5-11,66,5,11,Vendido,"370,000"
66-5-12,66,5,12,Vendido,"370,000"
66-5-13,66,5,13,Vendido,"390,000"
66-5-14,66,5,14,Vendido,"370,000"
66-5-15,66,5,15,Vendido,"370,000"
66-5-16,66,5,16,Vendido,"370,000"
66-5-17,66,5,17,Vendido,"370,000"
66-5-18,66,5,18,Vendido,"370,000"
66-5-19,66,5,19,Vendido,"370,000"
66-5-20,66,5,20,Vendido,"370,000"
66-6-1,66,6,1,Vendido,"280,000"
66-6-2,66,6,2,Vendido,"280,000"
66-6-3,66,6,3,Vendido,"280,000"
66-6-4,66,6,4,Vendido,"280,000"
66-6-5,66,6,5,Vendido,"300,000"
66-6-6,66,6,6,Vendido,"280,000"
66-6-7,66,6,7,Vendido,"280,000"
66-6-8,66,6,8,Vendido,"280,000"
66-6-11,66,6,11,Vendido,"330,000"
66-6-12,66,6,12,Vendido,"330,000"
66-6-13,66,6,13,Vendido,"330,000"
66-6-14,66,6,14,Vendido,"350,000"
66-6-15,66,6,15,Vendido,"300,000"
66-6-16,66,6,16,Vendido,"300,000"
66-6-17,66,6,17,Vendido,"300,000"
66-6-18,66,6,18,Vendido,"300,000"
66-6-19,66,6,19,Vendido,"300,000"
66-6-20,66,6,20,Vendido,"300,000"
66-6-21,66,6,21,Vendido,"300,000"
66-6-22,66,6,22,Vendido,"300,000"
66-7-3,66,7,3,Vendido,"250,000"
66-7-4,66,7,4,Vendido,"250,000"
66-7-5,66,7,5,Vendido,"250,000"
66-7-6,66,7,6,Vendido,"250,000"
66-7-7,66,7,7,Vendido,"250,000"
66-7-9,66,7,9,Vendido,"280,000"
67-20-5,67,20,5,Bloqueado,"380,000"
67-20-6,67,20,6,Bloqueado,"380,000"
67-20-7,67,20,7,Bloqueado,"380,000"
67-1-8,67,1,8,Cancelado,"42,250,000"
67-1-9,67,1,9,Cancelado,"3,521,000"
67-2-4,67,2,4,Cancelado,"2,762,500"
67-2-9,67,2,9,Cancelado,"2,167,000"
67-2-10,67,2,10,Cancelado,"2,167,000"
67-3-10,67,3,10,Cancelado,"26,000,000"
67-4-2,67,4,2,Cancelado,"2,112,500"
67-4-4,67,4,4,Cancelado,"13,000,000"
67-4-5,67,4,5,Cancelado,"12,675,000"
67-4-6,67,4,6,Cancelado,"2,112,500"
67-4-7,67,4,7,Cancelado,"2,167,000"
67-4-9,67,4,9,Cancelado,"2,096,500"
67-5-4,67,5,4,Cancelado,"2,275,000"
67-5-5,67,5,5,Cancelado,"2,167,000"
67-6-3,67,6,3,Cancelado,"2,004,200"
67-6-4,67,6,4,Cancelado,"410,000"
67-6-5,67,6,5,Cancelado,"390,000"
67-6-7,67,6,7,Cancelado,"410,000"
67-11-6,67,11,6,Cancelado,"18,200,000"
67-11-9,67,11,9,Cancelado,"1,517,000"
67-13-10,67,13,10,Cancelado,"1,344,000"
67-14-8,67,14,8,Cancelado,"8,850,000"
67-20-1,67,20,1,Cancelado,"2,275,000"
67-21-10,67,21,10,Cancelado,"2,167,000"
67-22-8,67,22,8,Cancelado,"29,250,000"
67-24-4,67,24,4,Cancelado,"500,000"
67-24-5,67,24,5,Cancelado,"500,000"
67-24-6,67,24,6,Cancelado,"600,000"
67-24-7,67,24,7,Cancelado,"600,000"
67-7-1,67,7,1,Reserva de Propietario,"360,000"
67-7-2,67,7,2,Reserva de Propietario,"360,000"
67-7-3,67,7,3,Reserva de Propietario,"360,000"
67-7-4,67,7,4,Reserva de Propietario,"400,000"
67-7-5,67,7,5,Reserva de Propietario,"380,000"
67-7-6,67,7,6,Reserva de Propietario,"380,000"
67-7-7,67,7,7,Reserva de Propietario,"400,000"
67-7-8,67,7,8,Reserva de Propietario,"360,000"
67-7-9,67,7,9,Reserva de Propietario,"360,000"
67-7-10,67,7,10,Reserva de Propietario,"360,000"
67-9-2,67,9,2,Libre (R),"340,000"
67-9-3,67,9,3,Libre (R),"320,000"
67-9-5,67,9,5,Libre (R),"330,000"
67-9-8,67,9,8,Libre (R),"350,000"
67-9-9,67,9,9,Libre (R),"350,000"
67-10-1,67,10,1,Libre (R),"330,000"
67-10-5,67,10,5,Libre (R),"350,000"
67-11-2,67,11,2,Libre (R),"280,000"
67-11-3,67,11,3,Libre (R),"280,000"
67-11-10,67,11,10,Libre (R),"280,000"
67-12-1,67,12,1,Libre (R),"330,000"
67-12-2,67,12,2,Libre (R),"330,000"
67-12-3,67,12,3,Libre (R),"330,000"
67-12-4,67,12,4,Libre (R),"330,000"
67-12-7,67,12,7,Libre (R),"330,000"
67-12-8,67,12,8,Libre (R),"330,000"
67-13-2,67,13,2,Libre (R),"300,000"
67-13-4,67,13,4,Libre (R),"330,000"
67-13-5,67,13,5,Libre (R),"300,000"
67-13-6,67,13,6,Libre (R),"280,000"
67-14-3,67,14,3,Libre (R),"300,000"
67-14-4,67,14,4,Libre (R),"280,000"
67-15-4,67,15,4,Libre (R),"320,000"
67-20-10,67,20,10,Libre (R),"400,000"
67-21-5,67,21,5,Libre (R),"380,000"
67-21-7,67,21,7,Libre (R),"400,000"
67-3-1,67,3,1,Libre,"400,000"
67-4-1,67,4,1,Libre,"390,000"
67-5-1,67,5,1,Libre,"380,000"
67-5-10,67,5,10,Libre,"380,000"
67-6-1,67,6,1,Libre,"370,000"
67-6-2,67,6,2,Libre,"370,000"
67-6-8,67,6,8,Libre,"370,000"
67-6-9,67,6,9,Libre,"370,000"
67-6-10,67,6,10,Libre,"370,000"
67-8-1,67,8,1,Libre,"340,000"
67-8-2,67,8,2,Libre,"340,000"
67-8-10,67,8,10,Libre,"340,000"
67-9-10,67,9,10,Libre,"320,000"
67-19-2,67,19,2,Libre,"360,000"
67-19-3,67,19,3,Libre,"360,000"
67-19-4,67,19,4,Libre,"360,000"
67-19-5,67,19,5,Libre,"360,000"
67-19-6,67,19,6,Libre,"360,000"
67-19-7,67,19,7,Libre,"360,000"
67-20-2,67,20,2,Libre,"380,000"
67-20-3,67,20,3,Libre,"380,000"
67-20-4,67,20,4,Libre,"380,000"
67-21-3,67,21,3,Libre,"380,000"
67-21-4,67,21,4,Libre,"380,000"
67-22-2,67,22,2,Libre,"400,000"
67-22-3,67,22,3,Libre,"400,000"
67-22-4,67,22,4,Libre,"400,000"
67-1-1,67,1,1,Vendido,"500,000"
67-1-2,67,1,2,Vendido,"500,000"
67-1-3,67,1,3,Vendido,"500,000"
67-1-4,67,1,4,Vendido,"500,000"
67-1-5,67,1,5,Vendido,"500,000"
67-1-6,67,1,6,Vendido,"670,000"
67-1-7,67,1,7,Vendido,"650,000"
67-1-10,67,1,10,Vendido,"650,000"
67-2-1,67,2,1,Vendido,"400,000"
67-2-2,67,2,2,Vendido,"400,000"
67-2-3,67,2,3,Vendido,"400,000"
67-2-5,67,2,5,Vendido,"500,000"
67-2-6,67,2,6,Vendido,"500,000"
67-2-7,67,2,7,Vendido,"510,000"
67-2-8,67,2,8,Vendido,"400,000"
67-3-2,67,3,2,Vendido,"400,000"
67-3-3,67,3,3,Vendido,"400,000"
67-3-4,67,3,4,Vendido,"430,000"
67-3-5,67,3,5,Vendido,"450,000"
67-3-6,67,3,6,Vendido,"430,000"
67-3-7,67,3,7,Vendido,"430,000"
67-3-8,67,3,8,Vendido,"420,000"
67-3-9,67,3,9,Vendido,"400,000"
67-4-3,67,4,3,Vendido,"390,000"
67-4-8,67,4,8,Vendido,"390,000"
67-4-10,67,4,10,Vendido,"13,000,000"
67-5-2,67,5,2,Vendido,"380,000"
67-5-3,67,5,3,Vendido,"380,000"
67-5-6,67,5,6,Vendido,"400,000"
67-5-7,67,5,7,Vendido,"420,000"
67-5-8,67,5,8,Vendido,"380,000"
67-5-9,67,5,9,Vendido,"380,000"
67-6-6,67,6,6,Vendido,"390,000"
67-8-3,67,8,3,Vendido,"340,000"
67-8-4,67,8,4,Vendido,"380,000"
67-8-5,67,8,5,Vendido,"360,000"
67-8-6,67,8,6,Vendido,"360,000"
67-8-7,67,8,7,Vendido,"2,060,000"
67-8-8,67,8,8,Vendido,"320,000"
67-8-9,67,8,9,Vendido,"340,000"
67-9-1,67,9,1,Vendido,"320,000"
67-9-4,67,9,4,Vendido,"350,000"
67-9-6,67,9,6,Vendido,"330,000"
67-9-7,67,9,7,Vendido,"350,000"
67-10-2,67,10,2,Vendido,"300,000"
67-10-3,67,10,3,Vendido,"300,000"
67-10-4,67,10,4,Vendido,"330,000"
67-10-6,67,10,6,Vendido,"310,000"
67-10-7,67,10,7,Vendido,"330,000"
67-10-8,67,10,8,Vendido,"300,000"
67-10-9,67,10,9,Vendido,"300,000"
67-10-10,67,10,10,Vendido,"300,000"
67-11-1,67,11,1,Vendido,"280,000"
67-11-4,67,11,4,Vendido,"300,000"
67-11-5,67,11,5,Vendido,"300,000"
67-11-7,67,11,7,Vendido,"300,000"
67-11-8,67,11,8,Vendido,"280,000"
67-12-5,67,12,5,Vendido,"330,000"
67-12-6,67,12,6,Vendido,"330,000"
67-13-1,67,13,1,Vendido,"260,000"
67-13-3,67,13,3,Vendido,"280,000"
67-13-7,67,13,7,Vendido,"250,000"
67-13-8,67,13,8,Vendido,"300,000"
67-13-9,67,13,9,Vendido,"250,000"
67-14-1,67,14,1,Vendido,"300,000"
67-14-2,67,14,2,Vendido,"280,000"
67-14-5,67,14,5,Vendido,"280,000"
67-14-6,67,14,6,Vendido,"280,000"
67-14-7,67,14,7,Vendido,"280,000"
67-14-9,67,14,9,Vendido,"280,000"
67-14-10,67,14,10,Vendido,"280,000"
67-15-1,67,15,1,Vendido,"350,000"
67-15-2,67,15,2,Vendido,"300,000"
67-15-3,67,15,3,Vendido,"300,000"
67-15-5,67,15,5,Vendido,"300,000"
67-15-6,67,15,6,Vendido,"300,000"
67-15-7,67,15,7,Vendido,"320,000"
67-15-8,67,15,8,Vendido,"330,000"
67-15-9,67,15,9,Vendido,"310,000"
67-15-10,67,15,10,Vendido,"330,000"
67-17-2,67,17,2,Vendido,"350,000"
67-17-3,67,17,3,Vendido,"350,000"
67-18-1,67,18,1,Vendido,"360,000"
67-18-3,67,18,3,Vendido,"360,000"
67-18-4,67,18,4,Vendido,"360,000"
67-19-1,67,19,1,Vendido,"400,000"
67-19-8,67,19,8,Vendido,"400,000"
67-19-9,67,19,9,Vendido,"380,000"
67-19-10,67,19,10,Vendido,"380,000"
67-20-8,67,20,8,Vendido,"420,000"
67-20-9,67,20,9,Vendido,"400,000"
67-21-1,67,21,1,Vendido,"2,646,000"
67-21-2,67,21,2,Vendido,"380,000"
67-21-6,67,21,6,Vendido,"380,000"
67-21-8,67,21,8,Vendido,"420,000"
67-21-9,67,21,9,Vendido,"400,000"
67-22-1,67,22,1,Vendido,"450,000"
67-22-5,67,22,5,Vendido,"430,000"
67-22-6,67,22,6,Vendido,"430,000"
67-22-7,67,22,7,Vendido,"450,000"
67-22-9,67,22,9,Vendido,"430,000"
67-22-10,67,22,10,Vendido,"430,000"
67-23-1,67,23,1,Vendido,"510,000"
67-23-2,67,23,2,Vendido,"510,000"
67-23-3,67,23,3,Vendido,"500,000"
67-23-4,67,23,4,Vendido,"500,000"
67-23-5,67,23,5,Vendido,"500,000"
67-23-6,67,23,6,Vendido,"510,000"
67-23-7,67,23,7,Vendido,"500,000"
67-23-8,67,23,8,Vendido,"500,000"
67-24-1,67,24,1,Vendido,"550,000"
67-24-2,67,24,2,Vendido,"500,000"
67-24-3,67,24,3,Vendido,"500,000"
67-24-8,67,24,8,Vendido,"650,000"
67-24-9,67,24,9,Vendido,"600,000"
67-24-10,67,24,10,Vendido,"610,000"
67-18-2,67,18,2,No disponible para la venta,0
68-3-1,68,3,1,Cancelado,"16,250,000"
68-8-16,68,8,16,Cancelado,"42,250,000"
68-11-18,68,11,18,Cancelado,"24,700,000"
68-11-19,68,11,19,Cancelado,"24,700,000"
68-1-4,68,1,4,Libre (R),"180,000"
68-1-5,68,1,5,Libre (R),"180,000"
68-1-6,68,1,6,Libre (R),"180,000"
68-1-8,68,1,8,Libre (R),"220,000"
68-2-5,68,2,5,Libre (R),"220,000"
68-2-17,68,2,17,Libre (R),"250,000"
68-3-10,68,3,10,Libre (R),"250,000"
68-3-11,68,3,11,Libre (R),"280,000"
68-3-16,68,3,16,Libre (R),"220,000"
68-4-3,68,4,3,Libre (R),"350,000"
68-4-4,68,4,4,Libre (R),"350,000"
68-4-5,68,4,5,Libre (R),"350,000"
68-4-7,68,4,7,Libre (R),"350,000"
68-4-13,68,4,13,Libre (R),"300,000"
68-4-15,68,4,15,Libre (R),"300,000"
68-4-16,68,4,16,Libre (R),"300,000"
68-4-17,68,4,17,Libre (R),"300,000"
68-4-18,68,4,18,Libre (R),"330,000"
68-5-6,68,5,6,Libre (R),"400,000"
68-5-12,68,5,12,Libre (R),"350,000"
68-5-14,68,5,14,Libre (R),"350,000"
68-6-11,68,6,11,Libre (R),"550,000"
68-6-12,68,6,12,Libre (R),"570,000"
68-6-13,68,6,13,Libre (R),"500,000"
68-8-5,68,8,5,Libre (R),"650,000"
68-10-1,68,10,1,Libre (R),"600,000"
68-10-23,68,10,23,Libre (R),"550,000"
68-10-24,68,10,24,Libre (R),"550,000"
68-11-1,68,11,1,Libre (R),"450,000"
68-11-2,68,11,2,Libre (R),"400,000"
68-11-6,68,11,6,Libre (R),"400,000"
68-11-16,68,11,16,Libre (R),"380,000"
68-11-20,68,11,20,Libre (R),"380,000"
68-11-24,68,11,24,Libre (R),"420,000"
68-5-1,68,5,1,Libre,"480,000"
68-5-2,68,5,2,Libre,"400,000"
68-5-3,68,5,3,Libre,"400,000"
68-5-4,68,5,4,Libre,"400,000"
68-5-5,68,5,5,Libre,"400,000"
68-6-1,68,6,1,Libre,"530,000"
68-6-2,68,6,2,Libre,"530,000"
68-6-3,68,6,3,Libre,"530,000"
68-6-4,68,6,4,Libre,"530,000"
68-6-5,68,6,5,Libre,"530,000"
68-6-6,68,6,6,Libre,"530,000"
68-6-7,68,6,7,Libre,"530,000"
68-6-10,68,6,10,Libre,"550,000"
68-6-14,68,6,14,Libre,"500,000"
68-6-15,68,6,15,Libre,"500,000"
68-6-16,68,6,16,Libre,"500,000"
68-6-17,68,6,17,Libre,"500,000"
68-6-18,68,6,18,Libre,"500,000"
68-6-19,68,6,19,Libre,"530,000"
68-7-1,68,7,1,Libre,"750,000"
68-7-2,68,7,2,Libre,"800,000"
68-7-3,68,7,3,Libre,"680,000"
68-7-5,68,7,5,Libre,"650,000"
68-7-6,68,7,6,Libre,"650,000"
68-7-7,68,7,7,Libre,"650,000"
68-7-8,68,7,8,Libre,"650,000"
68-7-9,68,7,9,Libre,"650,000"
68-7-10,68,7,10,Libre,"650,000"
68-7-11,68,7,11,Libre,"700,000"
68-7-12,68,7,12,Libre,"550,000"
68-7-13,68,7,13,Libre,"550,000"
68-7-14,68,7,14,Libre,"550,000"
68-7-15,68,7,15,Libre,"500,000"
68-7-16,68,7,16,Libre,"500,000"
68-7-17,68,7,17,Libre,"500,000"
68-7-18,68,7,18,Libre,"540,000"
68-7-19,68,7,19,Libre,"550,000"
68-8-2,68,8,2,Libre,"800,000"
68-8-3,68,8,3,Libre,"800,000"
68-8-4,68,8,4,Libre,"850,000"
68-8-6,68,8,6,Libre,"650,000"
68-8-7,68,8,7,Libre,"650,000"
68-8-8,68,8,8,Libre,"650,000"
68-8-9,68,8,9,Libre,"650,000"
68-8-10,68,8,10,Libre,"650,000"
68-8-11,68,8,11,Libre,"680,000"
68-8-12,68,8,12,Libre,"680,000"
68-8-13,68,8,13,Libre,"650,000"
68-8-14,68,8,14,Libre,"650,000"
68-8-15,68,8,15,Libre,"650,000"
68-8-17,68,8,17,Libre,"650,000"
68-8-18,68,8,18,Libre,"650,000"
68-8-19,68,8,19,Libre,"700,000"
68-9-3,68,9,3,Libre,"800,000"
68-9-4,68,9,4,Libre,"800,000"
68-9-5,68,9,5,Libre,"990,000"
68-9-6,68,9,6,Libre,"800,000"
68-9-7,68,9,7,Libre,"800,000"
68-9-8,68,9,8,Libre,"600,000"
68-9-9,68,9,9,Libre,"580,000"
68-9-10,68,9,10,Libre,"580,000"
68-9-11,68,9,11,Libre,"580,000"
68-9-12,68,9,12,Libre,"580,000"
68-9-13,68,9,13,Libre,"650,000"
68-10-2,68,10,2,Libre,"550,000"
68-10-3,68,10,3,Libre,"550,000"
68-10-4,68,10,4,Libre,"550,000"
68-10-5,68,10,5,Libre,"550,000"
68-10-6,68,10,6,Libre,"550,000"
68-10-7,68,10,7,Libre,"550,000"
68-10-8,68,10,8,Libre,"550,000"
68-10-9,68,10,9,Libre,"550,000"
68-10-10,68,10,10,Libre,"550,000"
68-10-11,68,10,11,Libre,"550,000"
68-10-12,68,10,12,Libre,"500,000"
68-10-13,68,10,13,Libre,"500,000"
68-10-14,68,10,14,Libre,"500,000"
68-10-15,68,10,15,Libre,"500,000"
68-10-16,68,10,16,Libre,"500,000"
68-10-17,68,10,17,Libre,"500,000"
68-10-18,68,10,18,Libre,"500,000"
68-10-19,68,10,19,Libre,"500,000"
68-10-20,68,10,20,Libre,"500,000"
68-10-21,68,10,21,Libre,"500,000"
68-11-4,68,11,4,Libre,"400,000"
68-11-5,68,11,5,Libre,"400,000"
68-11-7,68,11,7,Libre,"400,000"
68-11-8,68,11,8,Libre,"400,000"
68-11-9,68,11,9,Libre,"400,000"
68-11-10,68,11,10,Libre,"400,000"
68-11-11,68,11,11,Libre,"400,000"
68-11-12,68,11,12,Libre,"380,000"
68-11-13,68,11,13,Libre,"380,000"
68-11-14,68,11,14,Libre,"380,000"
68-12-6,68,12,6,Plaza,0
68-12-7,68,12,7,Plaza,0
68-1-1,68,1,1,Vendido,"250,000"
68-1-2,68,1,2,Vendido,"180,000"
68-1-3,68,1,3,Vendido,"180,000"
68-1-7,68,1,7,Vendido,"180,000"
68-2-1,68,2,1,Vendido,"220,000"
68-2-2,68,2,2,Vendido,"220,000"
68-2-3,68,2,3,Vendido,"200,000"
68-2-4,68,2,4,Vendido,"200,000"
68-2-6,68,2,6,Vendido,"200,000"
68-2-7,68,2,7,Vendido,"180,000"
68-2-8,68,2,8,Vendido,"180,000"
68-2-9,68,2,9,Vendido,"180,000"
68-2-10,68,2,10,Vendido,"200,000"
68-2-11,68,2,11,Vendido,"180,000"
68-2-12,68,2,12,Vendido,"180,000"
68-2-13,68,2,13,Vendido,"200,000"
68-2-14,68,2,14,Vendido,"200,000"
68-2-15,68,2,15,Vendido,"200,000"
68-2-16,68,2,16,Vendido,"200,000"
68-3-2,68,3,2,Vendido,"1,042,000"
68-3-3,68,3,3,Vendido,"250,000"
68-3-4,68,3,4,Vendido,"1,370,000"
68-3-5,68,3,5,Vendido,"250,000"
68-3-6,68,3,6,Vendido,"250,000"
68-3-7,68,3,7,Vendido,"250,000"
68-3-8,68,3,8,Vendido,"270,000"
68-3-9,68,3,9,Vendido,"250,000"
68-3-12,68,3,12,Vendido,"220,000"
68-3-13,68,3,13,Vendido,"220,000"
68-3-14,68,3,14,Vendido,"220,000"
68-3-15,68,3,15,Vendido,"220,000"
68-3-17,68,3,17,Vendido,"380,000"
68-4-1,68,4,1,Vendido,"380,000"
68-4-2,68,4,2,Vendido,"350,000"
68-4-6,68,4,6,Vendido,"350,000"
68-4-8,68,4,8,Vendido,"370,000"
68-4-9,68,4,9,Vendido,"350,000"
68-4-10,68,4,10,Vendido,"350,000"
68-4-11,68,4,11,Vendido,"360,000"
68-4-12,68,4,12,Vendido,"300,000"
68-4-14,68,4,14,Vendido,"300,000"
68-5-7,68,5,7,Vendido,"400,000"
68-5-8,68,5,8,Vendido,"450,000"
68-5-9,68,5,9,Vendido,"420,000"
68-5-10,68,5,10,Vendido,"420,000"
68-5-11,68,5,11,Vendido,"440,000"
68-5-13,68,5,13,Vendido,"350,000"
68-5-15,68,5,15,Vendido,"350,000"
68-5-16,68,5,16,Vendido,"350,000"
68-5-17,68,5,17,Vendido,"350,000"
68-5-18,68,5,18,Vendido,"420,000"
68-6-8,68,6,8,Vendido,"2,871,000"
68-6-9,68,6,9,Vendido,"580,000"
68-7-4,68,7,4,Vendido,"650,000"
68-8-1,68,8,1,Vendido,"850,000"
68-9-1,68,9,1,Vendido,"950,000"
68-9-2,68,9,2,Vendido,"850,000"
68-10-22,68,10,22,Vendido,"580,000"
68-11-3,68,11,3,Vendido,"400,000"
68-11-15,68,11,15,Vendido,"380,000"
68-11-17,68,11,17,Vendido,"380,000"
68-11-21,68,11,21,Vendido,"380,000"
68-11-22,68,11,22,Vendido,"440,000"
68-11-23,68,11,23,Vendido,"420,000"
68-12-1,68,12,1,Vendido,"180,000"
68-12-2,68,12,2,Vendido,"180,000"
68-12-3,68,12,3,Vendido,"180,000"
68-12-4,68,12,4,Vendido,"180,000"
68-12-5,68,12,5,Vendido,"180,000"
68-12-8,68,12,8,Vendido,"400,000"
68-12-9,68,12,9,Vendido,"180,000"
68-13-1,68,13,1,Vendido,"300,000"
68-13-2,68,13,2,Vendido,"200,000"
68-13-3,68,13,3,Vendido,"200,000"
68-13-4,68,13,4,Vendido,"200,000"
68-13-5,68,13,5,Vendido,"180,000"
68-13-6,68,13,6,Vendido,"180,000"
68-13-7,68,13,7,Vendido,"300,000"
69-10-2,69,10,2,Cancelado,"430,000"
69-10-12,69,10,12,Cancelado,"480,000"
69-10-13,69,10,13,Cancelado,"480,000"
69-14-7,69,14,7,Cancelado,"4,000,000"
69-17-6,69,17,6,Cancelado,"3,430,000"
69-17-7,69,17,7,Cancelado,"3,170,000"
69-18-1,69,18,1,Cancelado,"26,000,000"
69-18-13,69,18,13,Cancelado,"3,400,000"
69-20-1,69,20,1,Cancelado,"350,000"
69-20-4,69,20,4,Cancelado,"20,800,000"
69-20-5,69,20,5,Cancelado,"20,480,000"
69-20-11,69,20,11,Cancelado,"330,000"
69-20-12,69,20,12,Cancelado,"330,000"
69-3-5,69,3,5,Reserva de Propietario,0
69-3-6,69,3,6,Reserva de Propietario,"550,000"
69-3-9,69,3,9,Reserva de Propietario,"550,000"
69-3-10,69,3,10,Reserva de Propietario,"580,000"
69-21-1,69,21,1,Reserva de Propietario,0
69-21-2,69,21,2,Reserva de Propietario,0
69-21-3,69,21,3,Reserva de Propietario,0
69-21-4,69,21,4,Reserva de Propietario,0
69-21-5,69,21,5,Reserva de Propietario,0
69-21-6,69,21,6,Reserva de Propietario,0
69-21-7,69,21,7,Reserva de Propietario,0
69-22-1,69,22,1,Reserva de Propietario,0
69-22-2,69,22,2,Reserva de Propietario,0
69-22-3,69,22,3,Reserva de Propietario,0
69-22-4,69,22,4,Reserva de Propietario,0
69-22-5,69,22,5,Reserva de Propietario,0
69-22-6,69,22,6,Reserva de Propietario,0
69-22-7,69,22,7,Reserva de Propietario,0
69-22-8,69,22,8,Reserva de Propietario,0
69-3-14,69,3,14,Libre (R),"600,000"
69-3-15,69,3,15,Libre (R),"550,000"
69-3-16,69,3,16,Libre (R),"550,000"
69-3-17,69,3,17,Libre (R),"550,000"
69-5-12,69,5,12,Libre (R),"450,000"
69-6-12,69,6,12,Libre (R),"600,000"
69-9-1,69,9,1,Libre (R),"370,000"
69-9-13,69,9,13,Libre (R),"400,000"
69-10-3,69,10,3,Libre (R),"430,000"
69-10-4,69,10,4,Libre (R),"430,000"
69-10-5,69,10,5,Libre (R),"430,000"
69-10-7,69,10,7,Libre (R),"430,000"
69-10-8,69,10,8,Libre (R),0
69-11-7,69,11,7,Libre (R),"500,000"
69-12-1,69,12,1,Libre (R),"500,000"
69-12-5,69,12,5,Libre (R),"480,000"
69-14-4,69,14,4,Libre (R),"450,000"
69-16-4,69,16,4,Libre (R),"450,000"
69-17-5,69,17,5,Libre (R),"400,000"
69-17-12,69,17,12,Libre (R),"350,000"
69-18-9,69,18,9,Libre (R),"450,000"
69-19-2,69,19,2,Libre (R),0
69-1-4,69,1,4,Libre,"400,000"
69-1-5,69,1,5,Libre,"400,000"
69-1-6,69,1,6,Libre,"400,000"
69-3-1,69,3,1,Libre,"600,000"
69-3-2,69,3,2,Libre,"550,000"
69-3-3,69,3,3,Libre,"550,000"
69-3-4,69,3,4,Libre,"550,000"
69-3-7,69,3,7,Libre,"600,000"
69-3-8,69,3,8,Libre,"600,000"
69-3-11,69,3,11,Libre,"550,000"
69-3-12,69,3,12,Libre,"550,000"
69-3-13,69,3,13,Libre,"550,000"
69-3-18,69,3,18,Libre,"550,000"
69-5-1,69,5,1,Libre,"450,000"
69-5-2,69,5,2,Libre,"430,000"
69-5-3,69,5,3,Libre,"430,000"
69-5-4,69,5,4,Libre,"430,000"
69-5-5,69,5,5,Libre,"430,000"
69-5-13,69,5,13,Libre,"430,000"
69-5-14,69,5,14,Libre,"430,000"
69-5-15,69,5,15,Libre,"450,000"
69-6-2,69,6,2,Libre,"450,000"
69-6-3,69,6,3,Libre,"450,000"
69-6-4,69,6,4,Libre,"450,000"
69-6-5,69,6,5,Libre,"450,000"
69-6-6,69,6,6,Libre,"450,000"
69-6-7,69,6,7,Libre,"450,000"
69-6-8,69,6,8,Libre,"450,000"
69-7-2,69,7,2,Libre,"430,000"
69-7-3,69,7,3,Libre,"430,000"
69-7-4,69,7,4,Libre,"430,000"
69-7-5,69,7,5,Libre,"430,000"
69-7-6,69,7,6,Libre,"550,000"
69-7-7,69,7,7,Libre,"530,000"
69-7-8,69,7,8,Libre,"530,000"
69-7-11,69,7,11,Libre,"430,000"
69-7-12,69,7,12,Libre,"430,000"
69-7-13,69,7,13,Libre,"430,000"
69-7-14,69,7,14,Libre,"430,000"
69-8-4,69,8,4,Libre,"450,000"
69-8-5,69,8,5,Libre,"450,000"
69-8-6,69,8,6,Libre,"450,000"
69-8-12,69,8,12,Libre,"550,000"
69-9-8,69,9,8,Libre,"500,000"
69-9-12,69,9,12,Libre,"400,000"
69-9-15,69,9,15,Reserva,"440,000"
69-1-1,69,1,1,Vendido,"400,000"
69-1-2,69,1,2,Vendido,"400,000"
69-1-3,69,1,3,Vendido,"420,000"
69-1-7,69,1,7,Vendido,"400,000"
69-1-8,69,1,8,Vendido,"400,000"
69-1-9,69,1,9,Vendido,"600,000"
69-5-6,69,5,6,Vendido,"550,000"
69-5-7,69,5,7,Vendido,"500,000"
69-5-8,69,5,8,Vendido,"500,000"
69-5-9,69,5,9,Vendido,"500,000"
69-5-10,69,5,10,Vendido,"550,000"
69-5-11,69,5,11,Vendido,"450,000"
69-6-1,69,6,1,Vendido,"600,000"
69-6-9,69,6,9,Vendido,"450,000"
69-6-10,69,6,10,Vendido,"600,000"
69-6-11,69,6,11,Vendido,"550,000"
69-6-13,69,6,13,Vendido,"550,000"
69-7-1,69,7,1,Vendido,"350,000"
69-7-9,69,7,9,Vendido,"480,000"
69-7-10,69,7,10,Vendido,"500,000"
69-7-15,69,7,15,Vendido,"350,000"
69-8-1,69,8,1,Vendido,"550,000"
69-8-2,69,8,2,Vendido,"450,000"
69-8-3,69,8,3,Vendido,"450,000"
69-8-7,69,8,7,Vendido,"450,000"
69-8-8,69,8,8,Vendido,"450,000"
69-8-9,69,8,9,Vendido,"450,000"
69-8-10,69,8,10,Vendido,"550,000"
69-8-11,69,8,11,Vendido,"500,000"
69-8-13,69,8,13,Vendido,"500,000"
69-9-2,69,9,2,Vendido,"400,000"
69-9-3,69,9,3,Vendido,"420,000"
69-9-4,69,9,4,Vendido,"400,000"
69-9-5,69,9,5,Vendido,"400,000"
69-9-6,69,9,6,Vendido,"450,000"
69-9-7,69,9,7,Vendido,"450,000"
69-9-9,69,9,9,Vendido,"450,000"
69-9-10,69,9,10,Vendido,"450,000"
69-9-11,69,9,11,Vendido,"400,000"
69-9-14,69,9,14,Vendido,"400,000"
69-10-1,69,10,1,Vendido,"500,000"
69-10-6,69,10,6,Vendido,"430,000"
69-10-9,69,10,9,Vendido,"430,000"
69-10-10,69,10,10,Vendido,"500,000"
69-10-11,69,10,11,Vendido,"500,000"
69-11-2,69,11,2,Vendido,"400,000"
69-11-3,69,11,3,Vendido,"450,000"
69-11-4,69,11,4,Vendido,"430,000"
69-11-5,69,11,5,Vendido,"355,000"
69-11-6,69,11,6,Vendido,"430,000"
69-11-8,69,11,8,Vendido,"450,000"
69-11-9,69,11,9,Vendido,"470,000"
69-12-3,69,12,3,Vendido,"450,000"
69-12-4,69,12,4,Vendido,"430,000"
69-12-6,69,12,6,Vendido,"430,000"
69-12-7,69,12,7,Vendido,"430,000"
69-13-1,69,13,1,Vendido,"300,000"
69-13-2,69,13,2,Vendido,"350,000"
69-13-3,69,13,3,Vendido,"350,000"
69-13-4,69,13,4,Vendido,"350,000"
69-13-5,69,13,5,Vendido,"350,000"
69-13-6,69,13,6,Vendido,"400,000"
69-13-7,69,13,7,Vendido,"380,000"
69-13-8,69,13,8,Vendido,"400,000"
69-13-9,69,13,9,Vendido,"380,000"
69-13-10,69,13,10,Vendido,"450,000"
69-13-11,69,13,11,Vendido,"350,000"
69-13-12,69,13,12,Vendido,"350,000"
69-13-13,69,13,13,Vendido,"350,000"
69-13-14,69,13,14,Vendido,"350,000"
69-13-15,69,13,15,Vendido,"300,000"
69-14-1,69,14,1,Vendido,"450,000"
69-14-2,69,14,2,Vendido,"400,000"
69-14-3,69,14,3,Vendido,"400,000"
69-14-5,69,14,5,Vendido,"450,000"
69-14-6,69,14,6,Vendido,"400,000"
69-14-8,69,14,8,Vendido,"450,000"
69-14-9,69,14,9,Vendido,"440,000"
69-14-10,69,14,10,Vendido,"450,000"
69-14-11,69,14,11,Vendido,"430,000"
69-14-12,69,14,12,Vendido,"430,000"
69-14-13,69,14,13,Vendido,"500,000"
69-15-1,69,15,1,Vendido,"280,000"
69-15-2,69,15,2,Vendido,"300,000"
69-15-3,69,15,3,Vendido,"300,000"
69-15-4,69,15,4,Vendido,"300,000"
69-15-5,69,15,5,Vendido,"300,000"
69-15-6,69,15,6,Vendido,"400,000"
69-15-7,69,15,7,Vendido,"380,000"
69-15-8,69,15,8,Vendido,"380,000"
69-15-9,69,15,9,Vendido,"380,000"
69-15-10,69,15,10,Vendido,"400,000"
69-15-11,69,15,11,Vendido,"300,000"
69-15-12,69,15,12,Vendido,"300,000"
69-15-13,69,15,13,Vendido,"300,000"
69-15-14,69,15,14,Vendido,"300,000"
69-15-15,69,15,15,Vendido,"300,000"
69-16-1,69,16,1,Vendido,"430,000"
69-16-2,69,16,2,Vendido,"380,000"
69-16-3,69,16,3,Vendido,"380,000"
69-16-5,69,16,5,Vendido,"380,000"
69-16-6,69,16,6,Vendido,"380,000"
69-16-7,69,16,7,Vendido,"380,000"
69-16-8,69,16,8,Vendido,"380,000"
69-16-9,69,16,9,Vendido,"380,000"
69-16-10,69,16,10,Vendido,"430,000"
69-16-11,69,16,11,Vendido,"400,000"
69-16-12,69,16,12,Vendido,"400,000"
69-16-13,69,16,13,Vendido,"400,000"
69-17-1,69,17,1,Vendido,"270,000"
69-17-2,69,17,2,Vendido,"270,000"
69-17-3,69,17,3,Vendido,"270,000"
69-17-4,69,17,4,Vendido,"250,000"
69-17-8,69,17,8,Vendido,"350,000"
69-17-9,69,17,9,Vendido,"400,000"
69-17-10,69,17,10,Vendido,"350,000"
69-17-11,69,17,11,Vendido,"300,000"
69-17-13,69,17,13,Vendido,"300,000"
69-17-14,69,17,14,Vendido,"300,000"
69-17-15,69,17,15,Vendido,"280,000"
69-18-2,69,18,2,Vendido,"380,000"
69-18-3,69,18,3,Vendido,"450,000"
69-18-4,69,18,4,Vendido,"400,000"
69-18-5,69,18,5,Vendido,"400,000"
69-18-6,69,18,6,Vendido,"380,000"
69-18-7,69,18,7,Vendido,"380,000"
69-18-8,69,18,8,Vendido,"380,000"
69-18-10,69,18,10,Vendido,"400,000"
69-18-11,69,18,11,Vendido,"400,000"
69-18-12,69,18,12,Vendido,"400,000"
69-19-1,69,19,1,Vendido,"220,000"
69-19-3,69,19,3,Vendido,"220,000"
69-19-4,69,19,4,Vendido,"220,000"
69-19-5,69,19,5,Vendido,"350,000"
69-19-6,69,19,6,Vendido,"280,000"
69-19-7,69,19,7,Vendido,"280,000"
69-19-8,69,19,8,Vendido,"280,000"
69-19-9,69,19,9,Vendido,"300,000"
69-19-10,69,19,10,Vendido,"250,000"
69-19-11,69,19,11,Vendido,"250,000"
69-19-12,69,19,12,Vendido,"250,000"
69-19-13,69,19,13,Vendido,"250,000"
69-19-14,69,19,14,Vendido,"250,000"
69-20-2,69,20,2,Vendido,"320,000"
69-20-3,69,20,3,Vendido,"320,000"
69-20-6,69,20,6,Vendido,"320,000"
69-20-7,69,20,7,Vendido,"320,000"
69-20-8,69,20,8,Vendido,"320,000"
69-20-9,69,20,9,Vendido,"320,000"
69-20-10,69,20,10,Vendido,"350,000"
69-20-13,69,20,13,Vendido,"330,000"
7-3-3,7,3,3,Bloqueo por Deuda,"700,000"
7-1-2,7,1,2,Cancelado,"850,000"
7-1-1,7,1,1,Reserva de Propietario,"1,200,000"
7-1-4,7,1,4,Reserva de Propietario,"1,100,000"
7-1-7,7,1,7,Reserva de Propietario,"1,300,000"
7-3-8,7,3,8,Libre (R),"700,000"
7-1-3,7,1,3,Vendido,"1,100,000"
7-1-5,7,1,5,Vendido,"1,000,000"
7-1-6,7,1,6,Vendido,"1,000,000"
7-1-8,7,1,8,Vendido,"850,000"
7-1-9,7,1,9,Vendido,"850,000"
7-1-10,7,1,10,Vendido,"850,000"
7-2-1,7,2,1,Vendido,"850,000"
7-2-3,7,2,3,Vendido,"550,000"
7-2-5,7,2,5,Vendido,"850,000"
7-2-6,7,2,6,Vendido,"850,000"
7-2-7,7,2,7,Vendido,"850,000"
7-2-8,7,2,8,Vendido,"800,000"
7-3-1,7,3,1,Vendido,"650,000"
7-3-2,7,3,2,Vendido,"700,000"
7-3-4,7,3,4,Vendido,"670,000"
7-3-5,7,3,5,Vendido,"670,000"
7-3-6,7,3,6,Vendido,"670,000"
7-3-7,7,3,7,Vendido,"850,000"
7-3-9,7,3,9,Vendido,"600,000"
7-3-10,7,3,10,Vendido,"600,000"
7-3-11,7,3,11,Vendido,"580,000"
7-3-12,7,3,12,Vendido,"580,000"
70-1-1-F-1-F,70,1,1-F-1-F,Vendido,"2,500,000"
70-1-1-F-1-E,70,1,1-F-1-E,Vendido,"2,500,000"
70-1-1-F-1-B,70,1,1-F-1-B,Vendido,"2,800,000"
71-1-23,71,1,23,Bloqueado,"800,000"
71-1-10,71,1,10,Cancelado,"3,521,000"
71-1-16,71,1,16,Cancelado,"5,000,000"
71-1-4,71,1,4,Recuperado Libre,"850,000"
71-1-13,71,1,13,Libre (R),"1,150,000"
71-1-15,71,1,15,Libre (R),"1,100,000"
71-1-21,71,1,21,Libre (R),"800,000"
71-1-3,71,1,3,Libre,"850,000"
71-1-7,71,1,7,Libre,"700,000"
71-1-8,71,1,8,Libre,"700,000"
71-1-14,71,1,14,Libre,"1,150,000"
71-1-20,71,1,20,Libre,"800,000"
71-1-22,71,1,22,Libre,"800,000"
71-2-3,71,2,3,Libre,"750,000"
71-1-1,71,1,1,Vendido,"1,000,000"
71-1-2,71,1,2,Vendido,"850,000"
71-1-5,71,1,5,Vendido,"900,000"
71-1-6,71,1,6,Vendido,"750,000"
71-1-9,71,1,9,Vendido,"650,000"
71-1-11,71,1,11,Vendido,"650,000"
71-1-12,71,1,12,Vendido,"1,250,000"
71-1-17,71,1,17,Vendido,"1,250,000"
71-1-18,71,1,18,Vendido,"800,000"
71-1-19,71,1,19,Vendido,"800,000"
71-2-1,71,2,1,Vendido,"900,000"
71-2-2,71,2,2,Vendido,"900,000"
71-2-4,71,2,4,Vendido,"700,000"
71-2-5,71,2,5,Vendido,"700,000"
71-2-6,71,2,6,Vendido,"650,000"
72-2-2,72,2,2,Cancelado,"3,250,000"
72-2-4,72,2,4,Cancelado,"3,250,000"
72-3-2,72,3,2,Cancelado,"700,000"
72-3-3,72,3,3,Cancelado,"4,515,000"
72-3-4,72,3,4,Cancelado,"4,062,500"
72-3-6,72,3,6,Cancelado,"3,792,000"
72-7-6,72,7,6,Cancelado,"42,250,000"
72-8-1,72,8,1,Cancelado,"400,000"
72-8-2,72,8,2,Cancelado,"400,000"
72-8-6,72,8,6,Cancelado,"3,250,000"
72-13-6,72,13,6,Cancelado,"2,980,000"
72-13-7,72,13,7,Cancelado,"2,980,000"
72-16-7,72,16,7,Cancelado,"2,438,000"
72-16-8,72,16,8,Cancelado,"2,167,000"
72-14-5,72,14,5,Recuperado Libre,0
72-14-4,72,14,4,Reserva de Propietario,"550,000"
72-1-1,72,1,1,Vendido,"1,800,000"
72-1-2,72,1,2,Vendido,"1,700,000"
72-1-3,72,1,3,Vendido,"1,800,000"
72-1-4,72,1,4,Vendido,"900,000"
72-1-5,72,1,5,Vendido,"900,000"
72-1-6,72,1,6,Vendido,"900,000"
72-1-7,72,1,7,Vendido,"3,650,000"
72-1-8,72,1,8,Vendido,"850,000"
72-1-9,72,1,9,Vendido,"850,000"
72-1-10,72,1,10,Vendido,"850,000"
72-1-11,72,1,11,Vendido,"500,000"
72-1-12,72,1,12,Vendido,"500,000"
72-1-13,72,1,13,Vendido,"500,000"
72-1-14,72,1,14,Vendido,"650,000"
72-1-15,72,1,15,Vendido,"750,000"
72-1-16,72,1,16,Vendido,"800,000"
72-1-17,72,1,17,Vendido,"650,000"
72-1-18,72,1,18,Vendido,"650,000"
72-2-1,72,2,1,Vendido,"550,000"
72-2-3,72,2,3,Vendido,"700,000"
72-2-5,72,2,5,Vendido,"650,000"
72-2-6,72,2,6,Vendido,"750,000"
72-2-7,72,2,7,Vendido,"500,000"
72-2-8,72,2,8,Vendido,"550,000"
72-2-9,72,2,9,Vendido,"500,000"
72-3-1,72,3,1,Vendido,"750,000"
72-3-5,72,3,5,Vendido,"700,000"
72-3-7,72,3,7,Vendido,"4,550,000"
72-5-1,72,5,1,Vendido,"750,000"
72-5-2,72,5,2,Vendido,"700,000"
72-5-3,72,5,3,Vendido,"700,000"
72-5-4,72,5,4,Vendido,"750,000"
72-5-5,72,5,5,Vendido,"700,000"
72-5-6,72,5,6,Vendido,"700,000"
72-5-7,72,5,7,Vendido,"750,000"
72-6-1,72,6,1,Vendido,"400,000"
72-6-2,72,6,2,Vendido,"400,000"
72-6-3,72,6,3,Vendido,"450,000"
72-6-4,72,6,4,Vendido,"700,000"
72-6-5,72,6,5,Vendido,"650,000"
72-6-6,72,6,6,Vendido,"650,000"
72-6-7,72,6,7,Vendido,"700,000"
72-6-8,72,6,8,Vendido,"400,000"
72-6-9,72,6,9,Vendido,"400,000"
72-6-10,72,6,10,Vendido,"400,000"
72-7-1,72,7,1,Vendido,"700,000"
72-7-2,72,7,2,Vendido,"600,000"
72-7-3,72,7,3,Vendido,"600,000"
72-7-4,72,7,4,Vendido,"700,000"
72-7-5,72,7,5,Vendido,"650,000"
72-7-7,72,7,7,Vendido,"650,000"
72-8-3,72,8,3,Vendido,"400,000"
72-8-4,72,8,4,Vendido,"650,000"
72-8-5,72,8,5,Vendido,"600,000"
72-8-7,72,8,7,Vendido,"650,000"
72-8-8,72,8,8,Vendido,"550,000"
72-8-9,72,8,9,Vendido,"500,000"
72-8-10,72,8,10,Vendido,"500,000"
72-9-1,72,9,1,Vendido,"650,000"
72-9-2,72,9,2,Vendido,"550,000"
72-9-3,72,9,3,Vendido,"2,979,200"
72-9-4,72,9,4,Vendido,"650,000"
72-9-5,72,9,5,Vendido,"650,000"
72-9-6,72,9,6,Vendido,"600,000"
72-9-7,72,9,7,Vendido,"600,000"
72-10-1,72,10,1,Vendido,"550,000"
72-10-2,72,10,2,Vendido,"550,000"
72-10-3,72,10,3,Vendido,"550,000"
72-10-4,72,10,4,Vendido,"700,000"
72-10-5,72,10,5,Vendido,"600,000"
72-10-6,72,10,6,Vendido,"600,000"
72-10-7,72,10,7,Vendido,"650,000"
72-10-8,72,10,8,Vendido,"550,000"
72-10-9,72,10,9,Vendido,"550,000"
72-10-10,72,10,10,Vendido,"550,000"
72-11-1,72,11,1,Vendido,"650,000"
72-11-2,72,11,2,Vendido,"550,000"
72-11-3,72,11,3,Vendido,"550,000"
72-11-4,72,11,4,Vendido,"700,000"
72-11-5,72,11,5,Vendido,"600,000"
72-11-6,72,11,6,Vendido,"600,000"
72-11-7,72,11,7,Vendido,"600,000"
72-12-1,72,12,1,Vendido,"500,000"
72-12-2,72,12,2,Vendido,"500,000"
72-12-3,72,12,3,Vendido,"500,000"
72-12-4,72,12,4,Vendido,"550,000"
72-12-5,72,12,5,Vendido,"550,000"
72-12-6,72,12,6,Vendido,"550,000"
72-12-7,72,12,7,Vendido,"550,000"
72-12-8,72,12,8,Vendido,"500,000"
72-12-9,72,12,9,Vendido,"500,000"
72-12-10,72,12,10,Vendido,"500,000"
72-13-1,72,13,1,Vendido,"550,000"
72-13-2,72,13,2,Vendido,"2,709,000"
72-13-3,72,13,3,Vendido,"2,710,000"
72-13-4,72,13,4,Vendido,"1,000,000"
72-13-5,72,13,5,Vendido,"1,000,000"
72-14-1,72,14,1,Vendido,"450,000"
72-14-2,72,14,2,Vendido,"450,000"
72-14-3,72,14,3,Vendido,"450,000"
72-14-6,72,14,6,Vendido,"500,000"
72-14-7,72,14,7,Vendido,"550,000"
72-14-8,72,14,8,Vendido,"500,000"
72-14-9,72,14,9,Vendido,"450,000"
72-14-10,72,14,10,Vendido,"450,000"
72-15-1,72,15,1,Vendido,"500,000"
72-15-2,72,15,2,Vendido,"450,000"
72-15-3,72,15,3,Vendido,"450,000"
72-15-4,72,15,4,Vendido,"500,000"
72-15-5,72,15,5,Vendido,"500,000"
72-15-6,72,15,6,Vendido,"500,000"
72-15-7,72,15,7,Vendido,"500,000"
72-16-1,72,16,1,Vendido,"450,000"
72-16-2,72,16,2,Vendido,"400,000"
72-16-3,72,16,3,Vendido,"400,000"
72-16-4,72,16,4,Vendido,"450,000"
72-16-5,72,16,5,Vendido,"450,000"
72-16-6,72,16,6,Vendido,"450,000"
72-16-9,72,16,9,Vendido,"400,000"
72-16-10,72,16,10,Vendido,"400,000"
72-17-1,72,17,1,Vendido,"450,000"
72-17-2,72,17,2,Vendido,"400,000"
72-18-1,72,18,1,Vendido,"300,000"
72-18-2,72,18,2,Vendido,"300,000"
72-18-3,72,18,3,Vendido,"350,000"
72-18-4,72,18,4,Vendido,"400,000"
72-18-5,72,18,5,Vendido,"450,000"
72-18-6,72,18,6,Vendido,"400,000"
72-18-7,72,18,7,Vendido,"400,000"
72-18-8,72,18,8,Vendido,"400,000"
72-18-9,72,18,9,Vendido,"300,000"
72-18-10,72,18,10,Vendido,"300,000"
72-18-11,72,18,11,Vendido,"300,000"
72-20-1,72,20,1,Vendido,"200,000"
72-20-2,72,20,2,Vendido,"200,000"
72-20-3,72,20,3,Vendido,"200,000"
72-20-4,72,20,4,Vendido,"300,000"
72-20-5,72,20,5,Vendido,"300,000"
72-20-6,72,20,6,Vendido,"300,000"
72-20-7,72,20,7,Vendido,"200,000"
72-20-8,72,20,8,Vendido,"250,000"
72-20-9,72,20,9,Vendido,"250,000"
72-20-10,72,20,10,Vendido,"250,000"
72-20-11,72,20,11,Vendido,"250,000"
72-20-12,72,20,12,Vendido,"250,000"
72-20-13,72,20,13,Vendido,"250,000"
72-20-14,72,20,14,Vendido,"300,000"
73-1-1,73,1,1,Reserva de Propietario,0
73-1-2,73,1,2,Reserva de Propietario,0
73-1-3,73,1,3,Reserva de Propietario,0
73-1-4,73,1,4,Reserva de Propietario,0
73-2-1,73,2,1,Bloqueo Administrativo,"900,000"
73-2-2,73,2,2,Bloqueo Administrativo,"850,000"
73-2-3,73,2,3,Bloqueo Administrativo,"850,000"
73-2-14,73,2,14,Bloqueo Administrativo,"890,000"
73-2-15,73,2,15,Bloqueo Administrativo,"890,000"
73-2-4,73,2,4,Vendido,"750,000"
73-2-5,73,2,5,Vendido,"750,000"
73-2-6,73,2,6,Vendido,"830,000"
73-2-7,73,2,7,Vendido,"880,000"
73-2-8,73,2,8,Vendido,"850,000"
73-2-9,73,2,9,Vendido,"850,000"
73-2-10,73,2,10,Vendido,"850,000"
73-2-11,73,2,11,Vendido,"890,000"
73-2-12,73,2,12,Vendido,"890,000"
73-2-13,73,2,13,Vendido,"890,000"
73-3-1,73,3,1,Vendido,"700,000"
73-3-2,73,3,2,Vendido,"650,000"
73-3-3,73,3,3,Vendido,"650,000"
73-3-4,73,3,4,Vendido,"650,000"
73-3-5,73,3,5,Vendido,"650,000"
73-3-6,73,3,6,Vendido,"700,000"
73-3-7,73,3,7,Vendido,"650,000"
73-3-8,73,3,8,Vendido,"650,000"
73-3-9,73,3,9,Vendido,"650,000"
73-3-10,73,3,10,Vendido,"650,000"
73-3-11,73,3,11,Vendido,"650,000"
73-3-12,73,3,12,Vendido,"650,000"
73-3-13,73,3,13,Vendido,"650,000"
73-3-14,73,3,14,Vendido,"650,000"
73-3-15,73,3,15,Vendido,"650,000"
73-4-1,73,4,1,Vendido,"750,000"
73-4-2,73,4,2,Vendido,"700,000"
73-4-3,73,4,3,Vendido,"700,000"
73-4-4,73,4,4,Vendido,"500,000"
73-4-5,73,4,5,Vendido,"500,000"
73-4-6,73,4,6,Vendido,"660,000"
74-7-1,74,7,1,Cancelado,"22,750,000"
74-9-3,74,9,3,Cancelado,"1,355,000"
74-12-8,74,12,8,Cancelado,"230,000"
74-12-19,74,12,19,Cancelado,"220,000"
74-15-5,74,15,5,Cancelado,"21,450,000"
74-9-15,74,9,15,Recuperado Libre,0
74-9-22,74,9,22,Recuperado Libre,0
74-12-5,74,12,5,Recuperado Libre,0
74-1-5,74,1,5,Libre (R),"450,000"
74-4-13,74,4,13,Libre (R),"250,000"
74-5-4,74,5,4,Libre (R),"350,000"
74-5-5,74,5,5,Libre (R),"360,000"
74-7-4,74,7,4,Libre (R),"300,000"
74-7-16,74,7,16,Libre (R),"300,000"
74-7-17,74,7,17,Libre (R),"270,000"
74-10-2,74,10,2,Libre (R),"250,000"
74-10-12,74,10,12,Libre (R),"280,000"
74-10-13,74,10,13,Libre (R),"220,000"
74-10-16,74,10,16,Libre (R),"280,000"
74-11-5,74,11,5,Libre (R),"350,000"
74-11-10,74,11,10,Libre (R),"280,000"
74-12-4,74,12,4,Libre (R),"300,000"
74-13-20,74,13,20,Libre (R),"280,000"
74-13-21,74,13,21,Libre (R),"250,000"
74-13-22,74,13,22,Libre (R),"250,000"
74-19-17,74,19,17,Libre (R),"300,000"
74-19-18,74,19,18,Libre (R),"300,000"
74-20-3,74,20,3,Libre (R),"300,000"
74-20-11,74,20,11,Libre (R),"300,000"
74-21-2,74,21,2,Libre (R),"500,000"
74-1-2,74,1,2,Libre,"400,000"
74-1-3,74,1,3,Libre,"400,000"
74-1-4,74,1,4,Libre,"450,000"
74-1-6,74,1,6,Libre,"450,000"
74-1-7,74,1,7,Libre,"450,000"
74-1-8,74,1,8,Libre,"450,000"
74-1-9,74,1,9,Libre,"450,000"
74-1-10,74,1,10,Libre,"450,000"
74-1-11,74,1,11,Libre,"450,000"
74-1-12,74,1,12,Libre,"480,000"
74-1-13,74,1,13,Libre,"550,000"
74-2-1,74,2,1,Libre,"600,000"
74-2-2,74,2,2,Libre,"500,000"
74-2-3,74,2,3,Libre,"500,000"
74-3-2,74,3,2,Libre,"400,000"
74-3-3,74,3,3,Libre,"450,000"
74-3-4,74,3,4,Libre,"400,000"
74-3-5,74,3,5,Libre,"400,000"
74-3-6,74,3,6,Libre,"400,000"
74-3-7,74,3,7,Libre,"420,000"
74-3-8,74,3,8,Libre,"430,000"
74-3-9,74,3,9,Libre,"440,000"
74-3-10,74,3,10,Libre,"450,000"
74-3-11,74,3,11,Libre,"380,000"
74-3-12,74,3,12,Libre,"350,000"
74-3-13,74,3,13,Libre,"350,000"
74-3-14,74,3,14,Libre,"350,000"
74-3-15,74,3,15,Libre,"400,000"
74-4-1,74,4,1,Libre,"450,000"
74-4-2,74,4,2,Libre,"450,000"
74-4-3,74,4,3,Libre,"380,000"
74-4-4,74,4,4,Libre,"380,000"
74-4-5,74,4,5,Libre,"380,000"
74-4-6,74,4,6,Libre,"380,000"
74-4-15,74,4,15,Libre,"230,000"
74-5-6,74,5,6,Libre,"330,000"
74-5-7,74,5,7,Libre,"330,000"
74-5-8,74,5,8,Libre,"330,000"
74-5-9,74,5,9,Libre,"330,000"
74-5-10,74,5,10,Libre,"330,000"
74-5-11,74,5,11,Libre,"330,000"
74-5-12,74,5,12,Libre,"350,000"
74-5-13,74,5,13,Libre,"330,000"
74-5-14,74,5,14,Libre,"330,000"
74-5-15,74,5,15,Libre,"330,000"
74-5-16,74,5,16,Libre,"360,000"
74-5-17,74,5,17,Libre,"340,000"
74-5-18,74,5,18,Libre,"340,000"
74-5-19,74,5,19,Libre,"340,000"
74-5-22,74,5,22,Libre,"340,000"
74-6-6,74,6,6,Libre,"280,000"
74-6-7,74,6,7,Libre,"280,000"
74-6-8,74,6,8,Libre,"280,000"
74-6-9,74,6,9,Libre,"280,000"
74-7-11,74,7,11,Libre,"250,000"
74-7-12,74,7,12,Libre,"300,000"
74-11-1,74,11,1,Libre,"330,000"
74-11-2,74,11,2,Libre,"300,000"
74-11-3,74,11,3,Libre,"300,000"
74-11-11,74,11,11,Libre,"250,000"
74-11-12,74,11,12,Libre,"300,000"
74-11-13,74,11,13,Libre,"280,000"
74-11-14,74,11,14,Libre,"280,000"
74-11-15,74,11,15,Libre,"280,000"
74-12-12,74,12,12,Libre,"300,000"
74-12-13,74,12,13,Libre,"280,000"
74-12-14,74,12,14,Libre,"280,000"
74-12-15,74,12,15,Libre,"280,000"
74-13-3,74,13,3,Libre,"300,000"
74-13-6,74,13,6,Libre,"280,000"
74-13-7,74,13,7,Libre,"280,000"
74-13-8,74,13,8,Libre,"280,000"
74-13-11,74,13,11,Libre,"280,000"
74-13-12,74,13,12,Libre,"300,000"
74-13-13,74,13,13,Libre,"280,000"
74-13-14,74,13,14,Libre,"280,000"
74-13-15,74,13,15,Libre,"280,000"
74-13-16,74,13,16,Libre,"300,000"
74-14-1,74,14,1,Libre,"330,000"
74-14-2,74,14,2,Libre,"300,000"
74-14-3,74,14,3,Libre,"300,000"
74-14-4,74,14,4,Libre,"300,000"
74-14-5,74,14,5,Libre,"330,000"
74-14-11,74,14,11,Libre,"350,000"
74-14-12,74,14,12,Libre,"230,000"
74-14-13,74,14,13,Libre,"300,000"
74-14-14,74,14,14,Libre,"300,000"
74-14-15,74,14,15,Libre,"330,000"
74-15-6,74,15,6,Libre,"280,000"
74-15-7,74,15,7,Libre,"280,000"
74-15-8,74,15,8,Libre,"280,000"
74-15-9,74,15,9,Libre,"280,000"
74-15-10,74,15,10,Libre,"280,000"
74-15-11,74,15,11,Libre,"280,000"
74-15-12,74,15,12,Libre,"300,000"
74-15-13,74,15,13,Libre,"280,000"
74-15-14,74,15,14,Libre,"280,000"
74-15-15,74,15,15,Libre,"280,000"
74-15-16,74,15,16,Libre,"300,000"
74-15-17,74,15,17,Libre,"280,000"
74-15-18,74,15,18,Libre,"280,000"
74-15-19,74,15,19,Libre,"280,000"
74-15-20,74,15,20,Libre,"280,000"
74-15-21,74,15,21,Libre,"280,000"
74-15-22,74,15,22,Libre,"280,000"
74-16-1,74,16,1,Libre,"300,000"
74-16-8,74,16,8,Libre,"350,000"
74-16-12,74,16,12,Libre,"250,000"
74-17-1,74,17,1,Libre,"350,000"
74-17-2,74,17,2,Libre,"300,000"
74-17-3,74,17,3,Libre,"300,000"
74-17-4,74,17,4,Libre,"300,000"
74-17-5,74,17,5,Libre,"300,000"
74-17-6,74,17,6,Libre,"280,000"
74-17-7,74,17,7,Libre,"280,000"
74-17-8,74,17,8,Libre,"280,000"
74-17-9,74,17,9,Libre,"280,000"
74-17-10,74,17,10,Libre,"280,000"
74-17-11,74,17,11,Libre,"280,000"
74-17-12,74,17,12,Libre,"350,000"
74-17-13,74,17,13,Libre,"330,000"
74-17-14,74,17,14,Libre,"330,000"
74-17-15,74,17,15,Libre,"330,000"
74-17-16,74,17,16,Libre,"350,000"
74-17-17,74,17,17,Libre,"330,000"
74-17-18,74,17,18,Libre,"330,000"
74-17-19,74,17,19,Libre,"330,000"
74-17-20,74,17,20,Libre,"330,000"
74-17-21,74,17,21,Libre,"330,000"
74-17-22,74,17,22,Libre,"330,000"
74-18-1,74,18,1,Libre,"400,000"
74-18-2,74,18,2,Libre,"350,000"
74-18-4,74,18,4,Libre,"380,000"
74-19-1,74,19,1,Libre,"400,000"
74-19-2,74,19,2,Libre,"400,000"
74-19-3,74,19,3,Libre,"450,000"
74-19-4,74,19,4,Libre,"350,000"
74-19-5,74,19,5,Libre,"350,000"
74-19-6,74,19,6,Libre,"300,000"
74-19-7,74,19,7,Libre,"300,000"
74-19-8,74,19,8,Libre,"300,000"
74-19-9,74,19,9,Libre,"350,000"
74-19-11,74,19,11,Libre,"350,000"
74-19-12,74,19,12,Libre,"350,000"
74-19-19,74,19,19,Libre,"250,000"
74-20-1,74,20,1,Libre,"500,000"
74-20-2,74,20,2,Libre,"500,000"
74-20-4,74,20,4,Libre,"300,000"
74-20-5,74,20,5,Libre,"480,000"
74-20-6,74,20,6,Libre,"450,000"
74-20-7,74,20,7,Libre,"450,000"
74-20-8,74,20,8,Libre,"450,000"
74-20-9,74,20,9,Libre,"480,000"
74-20-10,74,20,10,Libre,"300,000"
74-20-12,74,20,12,Libre,"400,000"
74-21-1,74,21,1,Libre,"600,000"
74-21-3,74,21,3,Libre,"500,000"
74-1-1,74,1,1,Vendido,"550,000"
74-3-1,74,3,1,Vendido,"450,000"
74-4-7,74,4,7,Vendido,"330,000"
74-4-8,74,4,8,Vendido,"330,000"
74-4-9,74,4,9,Vendido,"330,000"
74-4-10,74,4,10,Vendido,"330,000"
74-4-11,74,4,11,Vendido,"280,000"
74-4-12,74,4,12,Vendido,"230,000"
74-4-14,74,4,14,Vendido,"230,000"
74-4-16,74,4,16,Vendido,"250,000"
74-4-17,74,4,17,Vendido,"250,000"
74-4-18,74,4,18,Vendido,"250,000"
74-4-19,74,4,19,Vendido,"250,000"
74-4-20,74,4,20,Vendido,"400,000"
74-5-1,74,5,1,Vendido,"380,000"
74-5-2,74,5,2,Vendido,"350,000"
74-5-3,74,5,3,Vendido,"350,000"
74-5-20,74,5,20,Vendido,"340,000"
74-5-21,74,5,21,Vendido,"340,000"
74-6-1,74,6,1,Vendido,"300,000"
74-6-2,74,6,2,Vendido,"250,000"
74-6-3,74,6,3,Vendido,"250,000"
74-6-4,74,6,4,Vendido,"250,000"
74-6-5,74,6,5,Vendido,"300,000"
74-6-10,74,6,10,Vendido,"280,000"
74-6-11,74,6,11,Vendido,"280,000"
74-6-12,74,6,12,Vendido,"300,000"
74-6-13,74,6,13,Vendido,"280,000"
74-6-14,74,6,14,Vendido,"280,000"
74-6-15,74,6,15,Vendido,"280,000"
74-6-16,74,6,16,Vendido,"280,000"
74-6-17,74,6,17,Vendido,"280,000"
74-6-18,74,6,18,Vendido,"220,000"
74-6-19,74,6,19,Vendido,"220,000"
74-6-20,74,6,20,Vendido,"220,000"
74-6-21,74,6,21,Vendido,"220,000"
74-6-22,74,6,22,Vendido,"220,000"
74-6-23,74,6,23,Vendido,"220,000"
74-6-24,74,6,24,Vendido,"220,000"
74-7-2,74,7,2,Vendido,"300,000"
74-7-3,74,7,3,Vendido,"300,000"
74-7-5,74,7,5,Vendido,"330,000"
74-7-6,74,7,6,Vendido,"250,000"
74-7-7,74,7,7,Vendido,"250,000"
74-7-8,74,7,8,Vendido,"250,000"
74-7-9,74,7,9,Vendido,"250,000"
74-7-10,74,7,10,Vendido,"250,000"
74-7-13,74,7,13,Vendido,"250,000"
74-7-14,74,7,14,Vendido,"250,000"
74-7-15,74,7,15,Vendido,"250,000"
74-7-18,74,7,18,Vendido,"250,000"
74-7-19,74,7,19,Vendido,"250,000"
74-7-20,74,7,20,Vendido,"250,000"
74-7-21,74,7,21,Vendido,"250,000"
74-7-22,74,7,22,Vendido,"250,000"
74-8-1,74,8,1,Vendido,"220,000"
74-8-2,74,8,2,Vendido,"220,000"
74-8-3,74,8,3,Vendido,"220,000"
74-8-4,74,8,4,Vendido,"220,000"
74-9-1,74,9,1,Vendido,"1,517,000"
74-9-2,74,9,2,Vendido,"250,000"
74-9-4,74,9,4,Vendido,"250,000"
74-9-5,74,9,5,Vendido,"280,000"
74-9-6,74,9,6,Vendido,"250,000"
74-9-7,74,9,7,Vendido,"220,000"
74-9-8,74,9,8,Vendido,"220,000"
74-9-9,74,9,9,Vendido,"250,000"
74-9-10,74,9,10,Vendido,"250,000"
74-9-11,74,9,11,Vendido,"220,000"
74-9-12,74,9,12,Vendido,"260,000"
74-9-13,74,9,13,Vendido,"230,000"
74-9-14,74,9,14,Vendido,"230,000"
74-9-16,74,9,16,Vendido,"260,000"
74-9-17,74,9,17,Vendido,"220,000"
74-9-18,74,9,18,Vendido,"220,000"
74-9-19,74,9,19,Vendido,"220,000"
74-9-20,74,9,20,Vendido,"250,000"
74-9-21,74,9,21,Vendido,"250,000"
74-10-1,74,10,1,Vendido,"250,000"
74-10-3,74,10,3,Vendido,"1,354,500"
74-10-4,74,10,4,Vendido,"200,000"
74-10-5,74,10,5,Vendido,"250,000"
74-10-6,74,10,6,Vendido,"220,000"
74-10-7,74,10,7,Vendido,"220,000"
74-10-8,74,10,8,Vendido,"220,000"
74-10-9,74,10,9,Vendido,"220,000"
74-10-10,74,10,10,Vendido,"220,000"
74-10-11,74,10,11,Vendido,"220,000"
74-10-14,74,10,14,Vendido,"220,000"
74-10-15,74,10,15,Vendido,"220,000"
74-10-17,74,10,17,Vendido,"200,000"
74-10-18,74,10,18,Vendido,"200,000"
74-10-19,74,10,19,Vendido,"200,000"
74-10-20,74,10,20,Vendido,"200,000"
74-10-21,74,10,21,Vendido,"200,000"
74-10-22,74,10,22,Vendido,"200,000"
74-11-4,74,11,4,Vendido,"300,000"
74-11-6,74,11,6,Vendido,"250,000"
74-11-7,74,11,7,Vendido,"250,000"
74-11-8,74,11,8,Vendido,"250,000"
74-11-9,74,11,9,Vendido,"250,000"
74-11-16,74,11,16,Vendido,"300,000"
74-11-17,74,11,17,Vendido,"220,000"
74-11-18,74,11,18,Vendido,"220,000"
74-11-19,74,11,19,Vendido,"220,000"
74-11-20,74,11,20,Vendido,"220,000"
74-11-21,74,11,21,Vendido,"220,000"
74-11-22,74,11,22,Vendido,"220,000"
74-12-1,74,12,1,Vendido,"300,000"
74-12-2,74,12,2,Vendido,"280,000"
74-12-3,74,12,3,Vendido,"280,000"
74-12-6,74,12,6,Vendido,"250,000"
74-12-7,74,12,7,Vendido,"250,000"
74-12-9,74,12,9,Vendido,"230,000"
74-12-10,74,12,10,Vendido,"230,000"
74-12-11,74,12,11,Vendido,"230,000"
74-12-16,74,12,16,Vendido,"220,000"
74-12-17,74,12,17,Vendido,"220,000"
74-12-18,74,12,18,Vendido,"220,000"
74-12-20,74,12,20,Vendido,"250,000"
74-12-21,74,12,21,Vendido,"220,000"
74-13-1,74,13,1,Vendido,"330,000"
74-13-2,74,13,2,Vendido,"300,000"
74-13-4,74,13,4,Vendido,"300,000"
74-13-5,74,13,5,Vendido,"330,000"
74-13-9,74,13,9,Vendido,"280,000"
74-13-10,74,13,10,Vendido,"280,000"
74-13-17,74,13,17,Vendido,"250,000"
74-13-18,74,13,18,Vendido,"250,000"
74-13-19,74,13,19,Vendido,"250,000"
74-14-6,74,14,6,Vendido,"250,000"
74-14-7,74,14,7,Vendido,"250,000"
74-14-8,74,14,8,Vendido,"250,000"
74-14-9,74,14,9,Vendido,"250,000"
74-14-10,74,14,10,Vendido,"250,000"
74-14-16,74,14,16,Vendido,"250,000"
74-14-17,74,14,17,Vendido,"250,000"
74-14-18,74,14,18,Vendido,"250,000"
74-14-19,74,14,19,Vendido,"250,000"
74-14-20,74,14,20,Vendido,"250,000"
74-15-1,74,15,1,Vendido,"330,000"
74-15-2,74,15,2,Vendido,"300,000"
74-15-3,74,15,3,Vendido,"300,000"
74-15-4,74,15,4,Vendido,"300,000"
74-16-2,74,16,2,Vendido,"280,000"
74-16-3,74,16,3,Vendido,"280,000"
74-16-4,74,16,4,Vendido,"280,000"
74-16-5,74,16,5,Vendido,"300,000"
74-16-6,74,16,6,Vendido,"250,000"
74-16-7,74,16,7,Vendido,"250,000"
74-16-9,74,16,9,Vendido,"400,000"
74-16-10,74,16,10,Vendido,"250,000"
74-16-11,74,16,11,Vendido,"250,000"
74-18-3,74,18,3,Vendido,"350,000"
74-19-10,74,19,10,Vendido,"400,000"
74-19-13,74,19,13,Vendido,"350,000"
74-19-14,74,19,14,Vendido,"400,000"
74-19-15,74,19,15,Vendido,"250,000"
74-19-16,74,19,16,Vendido,"250,000"
74-19-20,74,19,20,Vendido,"250,000"
75-1-10,75,1,10,Cancelado,"465,000"
75-1-11,75,1,11,Cancelado,"2,410,420"
75-5-14,75,5,14,Cancelado,"25,025,000"
75-5-15,75,5,15,Cancelado,"25,025,000"
75-6-9,75,6,9,Cancelado,"2,225,000"
75-10-3,75,10,3,Cancelado,"445,000"
75-6-2,75,6,2,Recuperado Libre,"395,000"
75-6-12,75,6,12,Recuperado Libre,0
75-7-1,75,7,1,Reserva de Propietario,"565,000"
75-7-2,75,7,2,Reserva de Propietario,"865,000"
75-1-6,75,1,6,Libre (R),"450,000"
75-3-12,75,3,12,Libre (R),"435,000"
75-4-12,75,4,12,Libre (R),"450,000"
75-5-1,75,5,1,Libre (R),"430,000"
75-5-4,75,5,4,Libre (R),"430,000"
75-9-10,75,9,10,Libre (R),"550,000"
75-9-16,75,9,16,Libre (R),"400,000"
75-10-4,75,10,4,Libre (R),"450,000"
75-1-1,75,1,1,Libre,"465,000"
75-1-2,75,1,2,Libre,"435,000"
75-1-3,75,1,3,Libre,"435,000"
75-1-4,75,1,4,Libre,"435,000"
75-1-12,75,1,12,Libre,"415,000"
75-1-13,75,1,13,Libre,"415,000"
75-1-14,75,1,14,Libre,"415,000"
75-1-15,75,1,15,Libre,"415,000"
75-1-16,75,1,16,Libre,"415,000"
75-1-17,75,1,17,Libre,"415,000"
75-1-18,75,1,18,Libre,"415,000"
75-1-19,75,1,19,Libre,"415,000"
75-1-20,75,1,20,Libre,"435,000"
75-2-3,75,2,3,Libre,"435,000"
75-2-4,75,2,4,Libre,"435,000"
75-2-5,75,2,5,Libre,"435,000"
75-2-6,75,2,6,Libre,"435,000"
75-2-10,75,2,10,Libre,"415,000"
75-2-11,75,2,11,Libre,"415,000"
75-2-12,75,2,12,Libre,"415,000"
75-2-13,75,2,13,Libre,"415,000"
75-2-14,75,2,14,Libre,"415,000"
75-3-1,75,3,1,Libre,"435,000"
75-3-2,75,3,2,Libre,"415,000"
75-3-3,75,3,3,Libre,"415,000"
75-3-4,75,3,4,Libre,"435,000"
75-3-5,75,3,5,Libre,"395,000"
75-3-6,75,3,6,Libre,"395,000"
75-3-7,75,3,7,Libre,"395,000"
75-3-9,75,3,9,Libre,"415,000"
75-3-10,75,3,10,Libre,"415,000"
75-3-11,75,3,11,Libre,"415,000"
75-3-13,75,3,13,Libre,"395,000"
75-3-14,75,3,14,Libre,"395,000"
75-3-15,75,3,15,Libre,"395,000"
75-4-1,75,4,1,Libre,"415,000"
75-4-2,75,4,2,Libre,"385,000"
75-4-13,75,4,13,Libre,"385,000"
75-4-14,75,4,14,Libre,"385,000"
75-4-15,75,4,15,Libre,"385,000"
75-10-17,75,10,17,Libre,"395,000"
75-10-19,75,10,19,Libre,"395,000"
75-11-8,75,11,8,Libre,"395,000"
75-11-9,75,11,9,Libre,"395,000"
75-11-10,75,11,10,Libre,"395,000"
75-11-15,75,11,15,Libre,"365,000"
75-11-17,75,11,17,Libre,"395,000"
75-11-18,75,11,18,Libre,"395,000"
75-11-19,75,11,19,Libre,"395,000"
75-11-20,75,11,20,Libre,"395,000"
75-1-5,75,1,5,Vendido,"435,000"
75-1-7,75,1,7,Vendido,"435,000"
75-1-8,75,1,8,Vendido,"435,000"
75-1-9,75,1,9,Vendido,"450,000"
75-2-1,75,2,1,Vendido,"465,000"
75-2-2,75,2,2,Vendido,"435,000"
75-2-7,75,2,7,Vendido,"465,000"
75-2-8,75,2,8,Vendido,"415,000"
75-2-9,75,2,9,Vendido,"435,000"
75-2-15,75,2,15,Vendido,"445,000"
75-3-8,75,3,8,Vendido,"435,000"
75-4-3,75,4,3,Vendido,"395,000"
75-4-4,75,4,4,Vendido,"415,000"
75-4-5,75,4,5,Vendido,"385,000"
75-4-6,75,4,6,Vendido,"385,000"
75-4-7,75,4,7,Vendido,"385,000"
75-4-8,75,4,8,Vendido,"435,000"
75-4-9,75,4,9,Vendido,"415,000"
75-4-10,75,4,10,Vendido,"415,000"
75-4-11,75,4,11,Vendido,"415,000"
75-5-2,75,5,2,Vendido,"395,000"
75-5-3,75,5,3,Vendido,"395,000"
75-5-5,75,5,5,Vendido,"415,000"
75-5-6,75,5,6,Vendido,"415,000"
75-5-7,75,5,7,Vendido,"415,000"
75-5-8,75,5,8,Vendido,"465,000"
75-5-9,75,5,9,Vendido,"435,000"
75-5-10,75,5,10,Vendido,"435,000"
75-5-11,75,5,11,Vendido,"435,000"
75-5-12,75,5,12,Vendido,"445,000"
75-5-13,75,5,13,Vendido,"385,000"
75-6-1,75,6,1,Vendido,"415,000"
75-6-3,75,6,3,Vendido,"395,000"
75-6-4,75,6,4,Vendido,"450,000"
75-6-5,75,6,5,Vendido,"395,000"
75-6-6,75,6,6,Vendido,"400,000"
75-6-7,75,6,7,Vendido,"395,000"
75-6-8,75,6,8,Vendido,"515,000"
75-6-10,75,6,10,Vendido,"330,000"
75-6-11,75,6,11,Vendido,"465,000"
75-6-13,75,6,13,Vendido,"400,000"
75-6-14,75,6,14,Vendido,"395,000"
75-6-15,75,6,15,Vendido,"395,000"
75-9-1,75,9,1,Vendido,"465,000"
75-9-2,75,9,2,Vendido,"415,000"
75-9-3,75,9,3,Vendido,"415,000"
75-9-4,75,9,4,Vendido,"415,000"
75-9-5,75,9,5,Vendido,"465,000"
75-9-6,75,9,6,Vendido,"515,000"
75-9-7,75,9,7,Vendido,"530,000"
75-9-8,75,9,8,Vendido,"530,000"
75-9-9,75,9,9,Vendido,"515,000"
75-9-11,75,9,11,Vendido,"550,000"
75-9-12,75,9,12,Vendido,"400,000"
75-9-13,75,9,13,Vendido,"395,000"
75-9-14,75,9,14,Vendido,"395,000"
75-9-15,75,9,15,Vendido,"395,000"
75-9-17,75,9,17,Vendido,"395,000"
75-9-18,75,9,18,Vendido,"420,000"
75-9-19,75,9,19,Vendido,"395,000"
75-9-20,75,9,20,Vendido,"395,000"
75-10-1,75,10,1,Vendido,"500,000"
75-10-2,75,10,2,Vendido,"445,000"
75-10-5,75,10,5,Vendido,"465,000"
75-10-6,75,10,6,Vendido,"415,000"
75-10-7,75,10,7,Vendido,"415,000"
75-10-8,75,10,8,Vendido,"450,000"
75-10-9,75,10,9,Vendido,"415,000"
75-10-10,75,10,10,Vendido,"415,000"
75-10-11,75,10,11,Vendido,"365,000"
75-10-12,75,10,12,Vendido,"360,000"
75-10-13,75,10,13,Vendido,"345,000"
75-10-14,75,10,14,Vendido,"345,000"
75-10-15,75,10,15,Vendido,"365,000"
75-10-16,75,10,16,Vendido,"395,000"
75-10-18,75,10,18,Vendido,"395,000"
75-10-20,75,10,20,Vendido,"395,000"
75-11-1,75,11,1,Vendido,"435,000"
75-11-2,75,11,2,Vendido,"415,000"
75-11-3,75,11,3,Vendido,"415,000"
75-11-4,75,11,4,Vendido,"415,000"
75-11-5,75,11,5,Vendido,"435,000"
75-11-6,75,11,6,Vendido,"400,000"
75-11-7,75,11,7,Vendido,"395,000"
75-11-11,75,11,11,Vendido,"365,000"
75-11-12,75,11,12,Vendido,"345,000"
75-11-13,75,11,13,Vendido,"345,000"
75-11-14,75,11,14,Vendido,"345,000"
75-11-16,75,11,16,Vendido,"395,000"
76-7-2,76,7,2,Reserva de Propietario,"800,000"
76-7-3,76,7,3,Reserva de Propietario,"800,000"
76-7-4,76,7,4,Reserva de Propietario,"800,000"
76-11-1,76,11,1,Reserva de Propietario,"800,000"
76-11-2,76,11,2,Reserva de Propietario,"700,000"
76-12-1,76,12,1,Reserva de Propietario,"800,000"
76-12-2,76,12,2,Reserva de Propietario,"700,000"
76-12-6,76,12,6,Reserva de Propietario,"700,000"
76-12-7,76,12,7,Reserva de Propietario,"700,000"
76-16-8,76,16,8,Reserva de Propietario,"800,000"
76-16-9,76,16,9,Reserva de Propietario,"800,000"
76-16-10,76,16,10,Reserva de Propietario,"800,000"
76-16-11,76,16,11,Reserva de Propietario,"900,000"
76-1-1,76,1,1,Libre,"1,100,000"
76-1-2,76,1,2,Libre,"1,000,000"
76-1-3,76,1,3,Libre,"1,000,000"
76-1-4,76,1,4,Libre,"1,000,000"
76-1-5,76,1,5,Libre,"1,000,000"
76-1-6,76,1,6,Libre,"2,500,000"
76-1-7,76,1,7,Libre,"2,200,000"
76-2-2,76,2,2,Libre,"1,000,000"
76-2-3,76,2,3,Libre,"2,400,000"
76-2-4,76,2,4,Libre,"2,300,000"
76-2-7,76,2,7,Libre,"1,000,000"
76-2-8,76,2,8,Libre,"1,000,000"
76-2-9,76,2,9,Libre,"1,000,000"
76-3-2,76,3,2,Libre,"900,000"
76-3-3,76,3,3,Libre,"1,000,000"
76-3-4,76,3,4,Libre,"900,000"
76-4-1,76,4,1,Libre,"1,000,000"
76-4-2,76,4,2,Libre,"900,000"
76-4-3,76,4,3,Libre,"900,000"
76-4-4,76,4,4,Libre,"900,000"
76-4-5,76,4,5,Libre,"900,000"
76-4-7,76,4,7,Libre,"900,000"
76-4-8,76,4,8,Libre,"900,000"
76-4-9,76,4,9,Libre,"900,000"
76-5-1,76,5,1,Libre,"1,000,000"
76-5-2,76,5,2,Libre,"900,000"
76-5-3,76,5,3,Libre,"900,000"
76-5-4,76,5,4,Libre,"1,000,000"
76-5-5,76,5,5,Libre,"900,000"
76-5-6,76,5,6,Libre,"900,000"
76-5-7,76,5,7,Libre,"900,000"
76-6-1,76,6,1,Libre,"900,000"
76-6-2,76,6,2,Libre,"800,000"
76-6-3,76,6,3,Libre,"800,000"
76-6-4,76,6,4,Libre,"900,000"
76-6-5,76,6,5,Libre,"800,000"
76-6-6,76,6,6,Libre,"800,000"
76-6-7,76,6,7,Libre,"800,000"
76-7-5,76,7,5,Libre,"800,000"
76-7-6,76,7,6,Libre,"800,000"
76-7-7,76,7,7,Libre,"800,000"
76-7-8,76,7,8,Libre,"800,000"
76-7-9,76,7,9,Libre,"800,000"
76-7-11,76,7,11,Libre,"900,000"
76-10-1,76,10,1,Libre,"800,000"
76-10-2,76,10,2,Libre,"700,000"
76-10-3,76,10,3,Libre,"700,000"
76-10-4,76,10,4,Libre,"800,000"
76-10-5,76,10,5,Libre,"700,000"
76-10-6,76,10,6,Libre,"700,000"
76-10-7,76,10,7,Libre,"700,000"
76-11-3,76,11,3,Libre,"700,000"
76-11-4,76,11,4,Libre,"700,000"
76-11-5,76,11,5,Libre,"700,000"
76-11-6,76,11,6,Libre,"700,000"
76-11-7,76,11,7,Libre,"700,000"
76-11-8,76,11,8,Libre,"700,000"
76-11-9,76,11,9,Libre,"700,000"
76-11-10,76,11,10,Libre,"700,000"
76-11-11,76,11,11,Libre,"800,000"
76-12-3,76,12,3,Libre,"700,000"
76-12-4,76,12,4,Libre,"800,000"
76-12-5,76,12,5,Libre,"700,000"
76-16-1,76,16,1,Libre,"900,000"
76-16-2,76,16,2,Libre,"800,000"
76-16-3,76,16,3,Libre,"800,000"
76-16-4,76,16,4,Libre,"800,000"
76-16-5,76,16,5,Libre,"800,000"
76-16-6,76,16,6,Libre,"800,000"
76-16-7,76,16,7,Libre,"800,000"
76-17-1,76,17,1,Libre,"900,000"
76-17-2,76,17,2,Libre,"800,000"
76-17-3,76,17,3,Libre,"800,000"
76-17-4,76,17,4,Libre,"900,000"
76-17-5,76,17,5,Libre,"800,000"
76-17-6,76,17,6,Libre,"800,000"
76-17-7,76,17,7,Libre,"800,000"
76-18-1,76,18,1,Libre,"1,000,000"
76-18-2,76,18,2,Libre,"900,000"
76-18-3,76,18,3,Libre,"900,000"
76-18-4,76,18,4,Libre,"1,000,000"
76-18-5,76,18,5,Libre,"900,000"
76-18-6,76,18,6,Libre,"900,000"
76-18-7,76,18,7,Libre,"900,000"
76-19-4,76,19,4,Libre,"900,000"
76-19-5,76,19,5,Libre,"900,000"
76-19-6,76,19,6,Libre,"900,000"
76-19-7,76,19,7,Libre,"900,000"
76-19-8,76,19,8,Libre,"900,000"
76-19-9,76,19,9,Libre,"900,000"
76-19-10,76,19,10,Libre,"900,000"
76-19-11,76,19,11,Libre,"1,000,000"
76-20-1,76,20,1,Libre,"1,100,000"
76-20-2,76,20,2,Libre,"1,000,000"
76-20-3,76,20,3,Libre,"900,000"
76-20-4,76,20,4,Libre,"1,000,000"
76-20-5,76,20,5,Libre,"900,000"
76-20-6,76,20,6,Libre,"900,000"
76-20-7,76,20,7,Libre,"900,000"
76-19-1,76,19,1,Reserva,"1,100,000"
76-19-2,76,19,2,Reserva,"900,000"
76-19-3,76,19,3,Reserva,"900,000"
76-2-1,76,2,1,Vendido,"1,100,000"
76-2-5,76,2,5,Vendido,"2,800,000"
76-2-6,76,2,6,Vendido,"1,000,000"
76-3-1,76,3,1,Vendido,"1,000,000"
76-4-6,76,4,6,Vendido,"900,000"
76-4-10,76,4,10,Vendido,"900,000"
76-4-11,76,4,11,Vendido,"1,000,000"
76-7-10,76,7,10,Vendido,"800,000"
77-9-2,77,9,2,Cancelado,"2,000,000"
77-12-1,77,12,1,Reserva de Propietario,"300,000"
77-12-5,77,12,5,Reserva de Propietario,"300,000"
77-13-2,77,13,2,Reserva de Propietario,"250,000"
77-13-3,77,13,3,Reserva de Propietario,"250,000"
77-2-1,77,2,1,Libre (R),"480,000"
77-4-2,77,4,2,Libre (R),"370,000"
77-7-5,77,7,5,Libre (R),"220,000"
77-10-1,77,10,1,Libre (R),"420,000"
77-12-2,77,12,2,Libre (R),"280,000"
77-1-1,77,1,1,Libre,"570,000"
77-1-2,77,1,2,Libre,"550,000"
77-1-3,77,1,3,Libre,"550,000"
77-1-4,77,1,4,Libre,"550,000"
77-1-5,77,1,5,Libre,"570,000"
77-1-6,77,1,6,Libre,"500,000"
77-1-7,77,1,7,Libre,"500,000"
77-1-8,77,1,8,Libre,"500,000"
77-1-9,77,1,9,Libre,"500,000"
77-2-2,77,2,2,Libre,"450,000"
77-2-3,77,2,3,Libre,"450,000"
77-3-5,77,3,5,Libre,"420,000"
77-3-6,77,3,6,Libre,"390,000"
77-3-7,77,3,7,Libre,"390,000"
77-4-3,77,4,3,Libre,"370,000"
77-4-4,77,4,4,Libre,"370,000"
77-4-6,77,4,6,Libre,"350,000"
77-4-7,77,4,7,Libre,"350,000"
77-4-8,77,4,8,Libre,"350,000"
77-6-3,77,6,3,Libre,"280,000"
77-6-4,77,6,4,Libre,"280,000"
77-6-5,77,6,5,Libre,"300,000"
77-6-6,77,6,6,Libre,"280,000"
77-6-7,77,6,7,Libre,"280,000"
77-6-8,77,6,8,Libre,"280,000"
77-6-9,77,6,9,Libre,"280,000"
77-7-3,77,7,3,Libre,"250,000"
77-7-4,77,7,4,Libre,"250,000"
77-8-2,77,8,2,Libre,"550,000"
77-9-3,77,9,3,Libre,"450,000"
77-9-4,77,9,4,Libre,"450,000"
77-10-4,77,10,4,Libre,"420,000"
77-13-1,77,13,1,Libre,"280,000"
77-13-4,77,13,4,Libre,"220,000"
77-13-5,77,13,5,Libre,"220,000"
77-13-6,77,13,6,Libre,"220,000"
77-13-7,77,13,7,Libre,"220,000"
77-2-4,77,2,4,Vendido,"450,000"
77-2-5,77,2,5,Vendido,"480,000"
77-2-6,77,2,6,Vendido,"420,000"
77-2-7,77,2,7,Vendido,"420,000"
77-2-8,77,2,8,Vendido,"420,000"
77-2-9,77,2,9,Vendido,"420,000"
77-3-1,77,3,1,Vendido,"420,000"
77-3-2,77,3,2,Vendido,"400,000"
77-3-3,77,3,3,Vendido,"400,000"
77-3-4,77,3,4,Vendido,"400,000"
77-3-8,77,3,8,Vendido,"390,000"
77-3-9,77,3,9,Vendido,"390,000"
77-4-1,77,4,1,Vendido,"390,000"
77-4-5,77,4,5,Vendido,"390,000"
77-4-9,77,4,9,Vendido,"350,000"
77-5-1,77,5,1,Vendido,"330,000"
77-5-2,77,5,2,Vendido,"300,000"
77-5-3,77,5,3,Vendido,"300,000"
77-5-4,77,5,4,Vendido,"300,000"
77-5-5,77,5,5,Vendido,"330,000"
77-5-6,77,5,6,Vendido,"290,000"
77-5-7,77,5,7,Vendido,"290,000"
77-5-8,77,5,8,Vendido,"290,000"
77-5-9,77,5,9,Vendido,"290,000"
77-6-1,77,6,1,Vendido,"300,000"
77-6-2,77,6,2,Vendido,"280,000"
77-7-1,77,7,1,Vendido,"280,000"
77-7-2,77,7,2,Vendido,"250,000"
77-7-6,77,7,6,Vendido,"220,000"
77-7-7,77,7,7,Vendido,"220,000"
77-8-1,77,8,1,Vendido,"570,000"
77-8-3,77,8,3,Vendido,"550,000"
77-8-4,77,8,4,Vendido,"550,000"
77-8-5,77,8,5,Vendido,"570,000"
77-9-1,77,9,1,Vendido,"480,000"
77-9-5,77,9,5,Vendido,"480,000"
77-10-2,77,10,2,Vendido,"400,000"
77-10-3,77,10,3,Vendido,"400,000"
77-10-5,77,10,5,Vendido,"420,000"
77-11-1,77,11,1,Vendido,"330,000"
77-11-2,77,11,2,Vendido,"300,000"
77-11-3,77,11,3,Vendido,"300,000"
77-11-4,77,11,4,Vendido,"300,000"
77-11-5,77,11,5,Vendido,"330,000"
77-12-3,77,12,3,Vendido,"280,000"
77-12-4,77,12,4,Vendido,"280,000"
78-2-1,78,2,1,Recuperado Libre,0
78-4-4,78,4,4,Recuperado Libre,0
78-6-5,78,6,5,Libre (R),"450,000"
78-7-15,78,7,15,Libre (R),"300,000"
78-8-14,78,8,14,Libre (R),"200,000"
78-1-7,78,1,7,Libre,"450,000"
78-2-7,78,2,7,Libre,"400,000"
78-2-8,78,2,8,Libre,"350,000"
78-2-9,78,2,9,Libre,"350,000"
78-2-10,78,2,10,Libre,"350,000"
78-2-11,78,2,11,Libre,"350,000"
78-2-12,78,2,12,Libre,"350,000"
78-2-15,78,2,15,Libre,"380,000"
78-2-16,78,2,16,Libre,"350,000"
78-2-17,78,2,17,Libre,"350,000"
78-2-18,78,2,18,Libre,"350,000"
78-2-19,78,2,19,Libre,"350,000"
78-3-7,78,3,7,Libre,"550,000"
78-4-1,78,4,1,Libre,"550,000"
78-4-2,78,4,2,Libre,"500,000"
78-4-3,78,4,3,Libre,"500,000"
78-4-6,78,4,6,Libre,"500,000"
78-4-7,78,4,7,Libre,"500,000"
78-4-8,78,4,8,Libre,"500,000"
78-4-9,78,4,9,Libre,"500,000"
78-4-10,78,4,10,Libre,"500,000"
78-4-12,78,4,12,Libre,"530,000"
78-4-13,78,4,13,Libre,"530,000"
78-4-15,78,4,15,Libre,"500,000"
78-4-16,78,4,16,Libre,"500,000"
78-4-17,78,4,17,Libre,"500,000"
78-4-18,78,4,18,Libre,"500,000"
78-4-19,78,4,19,Libre,"500,000"
78-5-1,78,5,1,Libre,"500,000"
78-5-2,78,5,2,Libre,"450,000"
78-5-3,78,5,3,Libre,"450,000"
78-5-4,78,5,4,Libre,"450,000"
78-5-5,78,5,5,Libre,"550,000"
78-5-11,78,5,11,Libre,"550,000"
78-5-12,78,5,12,Libre,"500,000"
78-5-13,78,5,13,Libre,"500,000"
78-5-14,78,5,14,Libre,"500,000"
78-5-15,78,5,15,Libre,"450,000"
78-5-16,78,5,16,Libre,"450,000"
78-5-17,78,5,17,Libre,"450,000"
78-6-1,78,6,1,Libre,"400,000"
78-6-2,78,6,2,Libre,"380,000"
78-6-3,78,6,3,Libre,"380,000"
78-6-4,78,6,4,Libre,"380,000"
78-6-6,78,6,6,Libre,"400,000"
78-6-9,78,6,9,Libre,"400,000"
78-6-10,78,6,10,Libre,"400,000"
78-6-11,78,6,11,Libre,"450,000"
78-6-12,78,6,12,Libre,"420,000"
78-6-13,78,6,13,Libre,"420,000"
78-6-14,78,6,14,Libre,"430,000"
78-6-15,78,6,15,Libre,"380,000"
78-6-16,78,6,16,Libre,"380,000"
78-6-17,78,6,17,Libre,"380,000"
78-6-18,78,6,18,Libre,"380,000"
78-6-19,78,6,19,Libre,"380,000"
78-7-1,78,7,1,Libre,"350,000"
78-7-2,78,7,2,Libre,"330,000"
78-7-3,78,7,3,Libre,"330,000"
78-7-4,78,7,4,Libre,"330,000"
78-7-6,78,7,6,Libre,"350,000"
78-7-7,78,7,7,Libre,"350,000"
78-7-8,78,7,8,Libre,"350,000"
78-7-12,78,7,12,Libre,"360,000"
78-7-13,78,7,13,Libre,"360,000"
78-7-14,78,7,14,Libre,"360,000"
78-7-17,78,7,17,Libre,"300,000"
78-7-18,78,7,18,Libre,"300,000"
78-7-19,78,7,19,Libre,"300,000"
78-8-1,78,8,1,Libre,"350,000"
78-8-2,78,8,2,Libre,"330,000"
78-8-3,78,8,3,Libre,"330,000"
78-8-4,78,8,4,Libre,"330,000"
78-8-6,78,8,6,Plaza,0
78-9-1,78,9,1,Plaza,0
78-1-1,78,1,1,Vendido,"750,000"
78-1-2,78,1,2,Vendido,"750,000"
78-1-3,78,1,3,Vendido,"600,000"
78-1-4,78,1,4,Vendido,"650,000"
78-1-5,78,1,5,Vendido,"800,000"
78-1-6,78,1,6,Vendido,"450,000"
78-1-8,78,1,8,Vendido,"350,000"
78-1-9,78,1,9,Vendido,"350,000"
78-1-10,78,1,10,Vendido,"380,000"
78-1-11,78,1,11,Vendido,"380,000"
78-1-12,78,1,12,Vendido,"350,000"
78-1-13,78,1,13,Vendido,"350,000"
78-2-2,78,2,2,Vendido,"750,000"
78-2-3,78,2,3,Vendido,"550,000"
78-2-4,78,2,4,Vendido,"500,000"
78-2-5,78,2,5,Vendido,"800,000"
78-2-6,78,2,6,Vendido,"400,000"
78-2-13,78,2,13,Vendido,"350,000"
78-2-14,78,2,14,Vendido,"380,000"
78-2-20,78,2,20,Vendido,"350,000"
78-2-21,78,2,21,Vendido,"1,895,900"
78-3-1,78,3,1,Vendido,"800,000"
78-3-2,78,3,2,Vendido,"700,000"
78-3-3,78,3,3,Vendido,"750,000"
78-3-4,78,3,4,Vendido,"800,000"
78-3-5,78,3,5,Vendido,"850,000"
78-3-6,78,3,6,Vendido,"850,000"
78-3-8,78,3,8,Vendido,"2,870,830"
78-3-9,78,3,9,Vendido,"2,870,830"
78-4-5,78,4,5,Vendido,"600,000"
78-4-11,78,4,11,Vendido,"550,000"
78-4-14,78,4,14,Vendido,"550,000"
78-5-6,78,5,6,Vendido,"450,000"
78-5-7,78,5,7,Vendido,"450,000"
78-5-8,78,5,8,Vendido,"2,437,500"
78-5-9,78,5,9,Vendido,"2,437,500"
78-5-10,78,5,10,Vendido,"2,437,500"
78-5-18,78,5,18,Vendido,"400,000"
78-5-19,78,5,19,Vendido,"400,000"
78-6-7,78,6,7,Vendido,"350,000"
78-6-8,78,6,8,Vendido,"350,000"
78-7-5,78,7,5,Vendido,"2,059,000"
78-7-9,78,7,9,Vendido,"350,000"
78-7-10,78,7,10,Vendido,"350,000"
78-7-11,78,7,11,Vendido,"380,000"
78-7-16,78,7,16,Vendido,"1,759,100"
78-8-5,78,8,5,Vendido,"350,000"
78-8-7,78,8,7,Vendido,"200,000"
78-8-8,78,8,8,Vendido,"200,000"
78-8-9,78,8,9,Vendido,"280,000"
78-8-10,78,8,10,Vendido,"250,000"
78-8-11,78,8,11,Vendido,"250,000"
78-8-12,78,8,12,Vendido,"250,000"
78-8-13,78,8,13,Vendido,"280,000"
78-8-15,78,8,15,Vendido,"200,000"
78-9-2,78,9,2,Vendido,"200,000"
78-9-3,78,9,3,Vendido,"200,000"
78-9-4,78,9,4,Vendido,"200,000"
78-9-5,78,9,5,Vendido,"220,000"
78-9-6,78,9,6,Vendido,"350,000"
78-9-7,78,9,7,Vendido,"280,000"
78-9-8,78,9,8,Vendido,"280,000"
78-9-9,78,9,9,Vendido,"300,000"
78-9-10,78,9,10,Vendido,"220,000"
78-9-11,78,9,11,Vendido,"200,000"
78-9-12,78,9,12,Vendido,"200,000"
78-9-13,78,9,13,Vendido,"200,000"
79-6-2,79,6,2,Reserva de Propietario,"450,000"
79-5-3,79,5,3,Bloqueo Administrativo,"700,000"
79-1-2,79,1,2,Libre,"1,300,000"
79-1-3,79,1,3,Libre,"1,200,000"
79-1-4,79,1,4,Libre,"1,400,000"
79-1-5,79,1,5,Libre,"700,000"
79-2-1,79,2,1,Libre,"1,200,000"
79-2-2,79,2,2,Libre,"1,200,000"
79-2-3,79,2,3,Libre,"1,200,000"
79-2-4,79,2,4,Libre,"1,400,000"
79-2-5,79,2,5,Libre,"700,000"
79-2-8,79,2,8,Libre,"550,000"
79-2-9,79,2,9,Libre,"550,000"
79-6-6,79,6,6,Libre,"550,000"
79-4-6,79,4,6,Plaza,0
79-4-7,79,4,7,Plaza,0
79-1-1,79,1,1,Vendido,"1,300,000"
79-1-6,79,1,6,Vendido,"600,000"
79-1-7,79,1,7,Vendido,"650,000"
79-1-8,79,1,8,Vendido,"480,000"
79-2-6,79,2,6,Vendido,"600,000"
79-2-7,79,2,7,Vendido,"650,000"
79-3-1,79,3,1,Vendido,"650,000"
79-3-2,79,3,2,Vendido,"550,000"
79-3-3,79,3,3,Vendido,"2,979,000"
79-3-4,79,3,4,Vendido,"2,979,000"
79-3-5,79,3,5,Vendido,"600,000"
79-3-6,79,3,6,Vendido,"500,000"
79-3-7,79,3,7,Vendido,"2,980,000"
79-3-8,79,3,8,Vendido,"550,000"
79-3-9,79,3,9,Vendido,"550,000"
79-4-1,79,4,1,Vendido,"650,000"
79-4-2,79,4,2,Vendido,"550,000"
79-4-3,79,4,3,Vendido,"550,000"
79-4-4,79,4,4,Vendido,"550,000"
79-4-5,79,4,5,Vendido,"600,000"
79-5-1,79,5,1,Vendido,"500,000"
79-5-2,79,5,2,Vendido,"450,000"
79-5-4,79,5,4,Vendido,"500,000"
79-5-5,79,5,5,Vendido,"600,000"
79-6-1,79,6,1,Vendido,"500,000"
79-6-3,79,6,3,Vendido,"450,000"
79-6-4,79,6,4,Vendido,"450,000"
79-6-5,79,6,5,Vendido,"550,000"
8-9-6,8,9,6,Cancelado,"450,000"
8-1-1,8,1,1,Ya no se administran,"2,700,000"
8-1-2,8,1,2,Ya no se administran,"2,000,000"
8-1-3,8,1,3,Ya no se administran,"1,000,000"
8-1-4,8,1,4,Ya no se administran,"900,000"
8-1-5,8,1,5,Ya no se administran,"900,000"
8-1-6,8,1,6,Ya no se administran,"900,000"
8-1-7,8,1,7,Ya no se administran,"900,000"
8-1-8,8,1,8,Ya no se administran,"900,000"
8-1-9,8,1,9,Ya no se administran,"900,000"
8-1-10,8,1,10,Ya no se administran,"900,000"
8-1-11,8,1,11,Ya no se administran,"900,000"
8-2-1,8,2,1,Ya no se administran,"700,000"
8-2-2,8,2,2,Ya no se administran,"700,000"
8-2-3,8,2,3,Ya no se administran,"700,000"
8-2-4,8,2,4,Ya no se administran,"700,000"
8-2-5,8,2,5,Ya no se administran,"650,000"
8-2-6,8,2,6,Ya no se administran,"650,000"
8-2-7,8,2,7,Ya no se administran,"650,000"
8-2-8,8,2,8,Ya no se administran,"650,000"
8-2-9,8,2,9,Ya no se administran,"650,000"
8-2-10,8,2,10,Ya no se administran,"650,000"
8-2-11,8,2,11,Ya no se administran,"700,000"
8-2-12,8,2,12,Ya no se administran,"600,000"
8-2-13,8,2,13,Ya no se administran,"650,000"
8-2-14,8,2,14,Ya no se administran,"600,000"
8-2-15,8,2,15,Ya no se administran,"600,000"
8-2-16,8,2,16,Ya no se administran,"600,000"
8-2-17,8,2,17,Ya no se administran,"600,000"
8-2-18,8,2,18,Ya no se administran,"600,000"
8-2-19,8,2,19,Ya no se administran,"600,000"
8-2-20,8,2,20,Ya no se administran,"600,000"
8-3-1,8,3,1,Ya no se administran,"1,000,000"
8-3-2,8,3,2,Ya no se administran,"900,000"
8-3-3,8,3,3,Ya no se administran,"900,000"
8-3-4,8,3,4,Ya no se administran,"900,000"
8-3-5,8,3,5,Ya no se administran,"900,000"
8-3-6,8,3,6,Ya no se administran,"900,000"
8-3-7,8,3,7,Ya no se administran,"900,000"
8-3-8,8,3,8,Ya no se administran,"900,000"
8-3-9,8,3,9,Ya no se administran,"800,000"
8-3-10,8,3,10,Ya no se administran,"800,000"
8-3-11,8,3,11,Ya no se administran,"800,000"
8-3-12,8,3,12,Ya no se administran,"900,000"
8-3-13,8,3,13,Ya no se administran,"800,000"
8-3-14,8,3,14,Ya no se administran,"800,000"
8-3-15,8,3,15,Ya no se administran,"800,000"
8-3-16,8,3,16,Ya no se administran,"800,000"
8-6-1,8,6,1,Ya no se administran,"500,000"
8-6-2,8,6,2,Ya no se administran,"450,000"
8-6-3,8,6,3,Ya no se administran,"550,000"
8-6-4,8,6,4,Ya no se administran,"500,000"
8-6-5,8,6,5,Ya no se administran,"500,000"
8-6-6,8,6,6,Ya no se administran,"500,000"
8-6-7,8,6,7,Ya no se administran,"500,000"
8-6-8,8,6,8,Ya no se administran,"500,000"
8-6-9,8,6,9,Ya no se administran,"500,000"
8-6-10,8,6,10,Ya no se administran,"420,000"
8-6-11,8,6,11,Ya no se administran,"470,000"
8-6-12,8,6,12,Ya no se administran,"450,000"
8-6-13,8,6,13,Ya no se administran,"450,000"
8-6-14,8,6,14,Ya no se administran,"450,000"
8-6-15,8,6,15,Ya no se administran,"450,000"
8-6-16,8,6,16,Ya no se administran,"450,000"
8-7-1,8,7,1,Ya no se administran,"600,000"
8-7-2,8,7,2,Ya no se administran,"550,000"
8-7-3,8,7,3,Ya no se administran,"500,000"
8-7-4,8,7,4,Ya no se administran,"550,000"
8-7-5,8,7,5,Ya no se administran,"550,000"
8-7-6,8,7,6,Ya no se administran,"500,000"
8-7-7,8,7,7,Ya no se administran,"500,000"
8-7-8,8,7,8,Ya no se administran,"550,000"
8-7-9,8,7,9,Ya no se administran,"550,000"
8-7-10,8,7,10,Ya no se administran,"500,000"
8-8-1,8,8,1,Ya no se administran,"550,000"
8-8-2,8,8,2,Ya no se administran,"500,000"
8-8-3,8,8,3,Ya no se administran,"400,000"
8-8-4,8,8,4,Ya no se administran,"450,000"
8-8-5,8,8,5,Ya no se administran,"450,000"
8-8-6,8,8,6,Ya no se administran,"400,000"
8-8-7,8,8,7,Ya no se administran,"400,000"
8-8-8,8,8,8,Ya no se administran,"450,000"
8-8-9,8,8,9,Ya no se administran,"450,000"
8-8-10,8,8,10,Ya no se administran,"400,000"
8-8-11,8,8,11,Ya no se administran,"400,000"
8-8-12,8,8,12,Ya no se administran,"450,000"
8-8-13,8,8,13,Ya no se administran,"420,000"
8-8-14,8,8,14,Ya no se administran,"380,000"
8-8-15,8,8,15,Ya no se administran,"380,000"
8-8-16,8,8,16,Ya no se administran,"420,000"
8-8-17,8,8,17,Ya no se administran,"400,000"
8-8-18,8,8,18,Ya no se administran,"370,000"
8-8-19,8,8,19,Ya no se administran,"440,000"
8-8-20,8,8,20,Ya no se administran,"460,000"
8-9-1,8,9,1,Ya no se administran,"430,000"
8-9-2,8,9,2,Ya no se administran,"400,000"
8-9-3,8,9,3,Ya no se administran,"500,000"
8-9-4,8,9,4,Ya no se administran,"450,000"
8-9-5,8,9,5,Ya no se administran,"450,000"
8-9-7,8,9,7,Ya no se administran,"450,000"
8-9-8,8,9,8,Ya no se administran,"450,000"
8-9-9,8,9,9,Ya no se administran,"450,000"
8-9-10,8,9,10,Ya no se administran,"450,000"
8-9-11,8,9,11,Ya no se administran,"420,000"
8-9-12,8,9,12,Ya no se administran,"420,000"
8-9-13,8,9,13,Ya no se administran,"420,000"
8-9-14,8,9,14,Ya no se administran,"420,000"
8-9-15,8,9,15,Ya no se administran,"420,000"
8-9-16,8,9,16,Ya no se administran,"430,000"
8-9-17,8,9,17,Ya no se administran,"380,000"
8-9-18,8,9,18,Ya no se administran,"400,000"
8-9-19,8,9,19,Ya no se administran,"350,000"
8-9-20,8,9,20,Ya no se administran,"350,000"
8-9-21,8,9,21,Ya no se administran,"350,000"
8-9-22,8,9,22,Ya no se administran,"350,000"
8-9-23,8,9,23,Ya no se administran,"350,000"
8-9-24,8,9,24,Ya no se administran,"370,000"
8-9-25,8,9,25,Ya no se administran,"370,000"
8-9-26,8,9,26,Ya no se administran,"370,000"
8-9-27,8,9,27,Ya no se administran,"370,000"
8-9-28,8,9,28,Ya no se administran,"370,000"
8-9-29,8,9,29,Ya no se administran,"370,000"
8-9-30,8,9,30,Ya no se administran,"370,000"
80-3-14,80,3,14,Cancelado,"9,442,000"
80-3-15,80,3,15,Cancelado,"10,300,000"
80-4-8,80,4,8,Reserva de Propietario,"1,100,000"
80-5-1,80,5,1,Reserva de Propietario,"1,200,000"
80-5-2,80,5,2,Reserva de Propietario,"1,100,000"
80-5-3,80,5,3,Reserva de Propietario,"1,100,000"
80-5-20,80,5,20,Reserva de Propietario,"1,100,000"
80-1-8,80,1,8,Libre,"1,000,000"
80-1-9,80,1,9,Libre,"1,000,000"
80-1-10,80,1,10,Libre,"1,000,000"
80-1-11,80,1,11,Libre,"1,000,000"
80-1-12,80,1,12,Libre,"1,000,000"
80-1-13,80,1,13,Libre,"1,000,000"
80-1-14,80,1,14,Libre,"1,000,000"
80-1-15,80,1,15,Libre,"1,000,000"
80-1-16,80,1,16,Libre,"1,000,000"
80-1-17,80,1,17,Libre,"1,000,000"
80-1-18,80,1,18,Libre,"1,000,000"
80-1-19,80,1,19,Libre,"1,000,000"
80-1-20,80,1,20,Libre,"1,000,000"
80-1-21,80,1,21,Libre,"1,000,000"
80-1-22,80,1,22,Libre,"1,000,000"
80-1-23,80,1,23,Libre,"1,000,000"
80-1-24,80,1,24,Libre,"1,000,000"
80-2-5,80,2,5,Libre,"1,200,000"
80-3-3,80,3,3,Libre,"1,100,000"
80-3-4,80,3,4,Libre,"1,100,000"
80-3-5,80,3,5,Libre,"1,200,000"
80-3-6,80,3,6,Libre,"1,200,000"
80-3-7,80,3,7,Libre,"1,200,000"
80-3-8,80,3,8,Libre,"1,200,000"
80-3-9,80,3,9,Libre,"1,200,000"
80-3-10,80,3,10,Libre,"1,200,000"
80-3-12,80,3,12,Libre,"1,100,000"
80-3-13,80,3,13,Libre,"1,100,000"
80-4-1,80,4,1,Libre,"1,200,000"
80-4-4,80,4,4,Libre,"1,100,000"
80-4-6,80,4,6,Libre,"1,100,000"
80-4-7,80,4,7,Libre,"1,100,000"
80-4-9,80,4,9,Libre,"1,100,000"
80-4-10,80,4,10,Libre,"1,100,000"
80-4-11,80,4,11,Libre,"1,200,000"
80-4-12,80,4,12,Libre,"1,100,000"
80-4-16,80,4,16,Libre,"1,200,000"
80-4-17,80,4,17,Libre,"1,200,000"
80-4-18,80,4,18,Libre,"1,200,000"
80-4-19,80,4,19,Libre,"1,200,000"
80-4-20,80,4,20,Libre,"1,200,000"
80-5-4,80,5,4,Libre,"1,100,000"
80-5-5,80,5,5,Libre,"1,200,000"
80-5-6,80,5,6,Libre,"1,100,000"
80-5-7,80,5,7,Libre,"1,100,000"
80-5-8,80,5,8,Libre,"1,100,000"
80-5-9,80,5,9,Libre,"1,100,000"
80-5-10,80,5,10,Libre,"1,100,000"
80-5-11,80,5,11,Libre,"1,200,000"
80-5-12,80,5,12,Libre,"1,100,000"
80-5-13,80,5,13,Libre,"1,100,000"
80-5-14,80,5,14,Libre,"1,100,000"
80-5-15,80,5,15,Libre,"1,200,000"
80-5-16,80,5,16,Libre,"1,100,000"
80-5-17,80,5,17,Libre,"1,100,000"
80-5-18,80,5,18,Libre,"1,100,000"
80-5-19,80,5,19,Libre,"1,100,000"
80-6-1,80,6,1,Libre,"1,100,000"
80-6-2,80,6,2,Libre,"1,000,000"
80-6-3,80,6,3,Libre,"1,000,000"
80-6-4,80,6,4,Libre,"1,000,000"
80-6-5,80,6,5,Libre,"1,000,000"
80-6-11,80,6,11,Libre,"1,300,000"
80-6-12,80,6,12,Libre,"1,000,000"
80-6-13,80,6,13,Libre,"1,100,000"
80-7-11,80,7,11,Libre,"1,000,000"
80-7-12,80,7,12,Libre,"1,000,000"
80-7-13,80,7,13,Libre,"1,000,000"
80-7-14,80,7,14,Libre,"1,000,000"
80-7-15,80,7,15,Libre,"1,000,000"
80-7-16,80,7,16,Libre,"1,000,000"
80-7-17,80,7,17,Libre,"1,000,000"
80-7-18,80,7,18,Libre,"1,000,000"
80-7-19,80,7,19,Libre,"1,000,000"
80-1-7,80,1,7,Plaza,0
80-6-8,80,6,8,Plaza,0
80-1-1,80,1,1,Vendido,"1,500,000"
80-1-2,80,1,2,Vendido,"1,400,000"
80-1-3,80,1,3,Vendido,"1,500,000"
80-1-4,80,1,4,Vendido,"1,200,000"
80-1-5,80,1,5,Vendido,"1,200,000"
80-1-6,80,1,6,Vendido,"1,200,000"
80-2-1,80,2,1,Vendido,"1,600,000"
80-2-2,80,2,2,Vendido,"1,200,000"
80-2-3,80,2,3,Vendido,"1,200,000"
80-2-4,80,2,4,Vendido,"1,300,000"
80-2-6,80,2,6,Vendido,"1,200,000"
80-2-7,80,2,7,Vendido,"1,400,000"
80-2-8,80,2,8,Vendido,"1,400,000"
80-2-9,80,2,9,Vendido,"1,500,000"
80-2-10,80,2,10,Vendido,"1,400,000"
80-2-11,80,2,11,Vendido,"1,400,000"
80-2-12,80,2,12,Vendido,"1,400,000"
80-3-1,80,3,1,Vendido,"1,200,000"
80-3-2,80,3,2,Vendido,"1,100,000"
80-3-11,80,3,11,Vendido,"1,200,000"
80-3-16,80,3,16,Vendido,"1,200,000"
80-3-17,80,3,17,Vendido,"1,200,000"
80-3-18,80,3,18,Vendido,"1,200,000"
80-3-19,80,3,19,Vendido,"1,200,000"
80-3-20,80,3,20,Vendido,"1,200,000"
80-4-2,80,4,2,Vendido,"1,100,000"
80-4-3,80,4,3,Vendido,"1,100,000"
80-4-5,80,4,5,Vendido,"1,200,000"
80-4-13,80,4,13,Vendido,"1,100,000"
80-4-14,80,4,14,Vendido,"1,100,000"
80-4-15,80,4,15,Vendido,"1,200,000"
80-6-6,80,6,6,Vendido,"1,300,000"
80-6-7,80,6,7,Vendido,"1,300,000"
80-6-9,80,6,9,Vendido,"1,300,000"
80-6-10,80,6,10,Vendido,"1,300,000"
80-7-1,80,7,1,Vendido,"1,300,000"
80-7-2,80,7,2,Vendido,"1,400,000"
80-7-3,80,7,3,Vendido,"1,000,000"
80-7-4,80,7,4,Vendido,"1,000,000"
80-7-5,80,7,5,Vendido,"1,000,000"
80-7-6,80,7,6,Vendido,"1,000,000"
80-7-7,80,7,7,Vendido,"1,000,000"
80-7-8,80,7,8,Vendido,"1,000,000"
80-7-9,80,7,9,Vendido,"1,000,000"
80-7-10,80,7,10,Vendido,"1,000,000"
81-1-6,81,1,6,Libre,"550,000"
81-1-7,81,1,7,Libre,"550,000"
81-1-8,81,1,8,Libre,"480,000"
81-1-9,81,1,9,Libre,"550,000"
81-1-10,81,1,10,Libre,"500,000"
81-1-11,81,1,11,Libre,"500,000"
81-1-13,81,1,13,Libre,"500,000"
81-1-14,81,1,14,Libre,"500,000"
81-1-15,81,1,15,Libre,"500,000"
81-2-1,81,2,1,Libre,"550,000"
81-2-2,81,2,2,Libre,"480,000"
81-2-3,81,2,3,Libre,"480,000"
81-2-4,81,2,4,Libre,"530,000"
81-2-5,81,2,5,Libre,"450,000"
81-2-6,81,2,6,Libre,"450,000"
81-2-7,81,2,7,Libre,"450,000"
81-2-8,81,2,8,Libre,"500,000"
81-2-10,81,2,10,Libre,"450,000"
81-2-13,81,2,13,Libre,"500,000"
81-2-14,81,2,14,Libre,"500,000"
81-2-15,81,2,15,Libre,"500,000"
81-3-7,81,3,7,Plaza,0
81-1-1,81,1,1,Vendido,"650,000"
81-1-2,81,1,2,Vendido,"600,000"
81-1-3,81,1,3,Vendido,"600,000"
81-1-4,81,1,4,Vendido,"650,000"
81-1-5,81,1,5,Vendido,"550,000"
81-1-12,81,1,12,Vendido,"550,000"
81-1-16,81,1,16,Vendido,"500,000"
81-2-9,81,2,9,Vendido,"450,000"
81-2-11,81,2,11,Vendido,"450,000"
81-2-12,81,2,12,Vendido,"550,000"
81-3-1,81,3,1,Vendido,"450,000"
81-3-2,81,3,2,Vendido,"420,000"
81-3-3,81,3,3,Vendido,"420,000"
81-3-4,81,3,4,Vendido,"420,000"
81-3-5,81,3,5,Vendido,"450,000"
81-3-6,81,3,6,Vendido,"420,000"
81-3-8,81,3,8,Vendido,"420,000"
81-3-9,81,3,9,Vendido,"430,000"
81-3-10,81,3,10,Vendido,"400,000"
81-3-11,81,3,11,Vendido,"400,000"
81-3-12,81,3,12,Vendido,"400,000"
81-3-13,81,3,13,Vendido,"450,000"
81-3-14,81,3,14,Vendido,"400,000"
81-3-15,81,3,15,Vendido,"400,000"
82-5-12,82,5,12,Plaza,0
82-4-1,82,4,1,Vendido,"380,000"
82-4-2,82,4,2,Vendido,"350,000"
82-4-3,82,4,3,Vendido,"350,000"
82-4-4,82,4,4,Vendido,"350,000"
82-4-5,82,4,5,Vendido,"380,000"
82-4-6,82,4,6,Vendido,"250,000"
82-4-7,82,4,7,Vendido,"250,000"
82-4-8,82,4,8,Vendido,"280,000"
82-4-9,82,4,9,Vendido,"300,000"
82-4-10,82,4,10,Vendido,"300,000"
82-4-11,82,4,11,Vendido,"330,000"
82-4-12,82,4,12,Vendido,"300,000"
82-4-13,82,4,13,Vendido,"300,000"
82-4-14,82,4,14,Vendido,"300,000"
82-4-15,82,4,15,Vendido,"380,000"
82-4-16,82,4,16,Vendido,"350,000"
82-4-17,82,4,17,Vendido,"350,000"
82-4-18,82,4,18,Vendido,"350,000"
82-4-19,82,4,19,Vendido,"350,000"
82-4-20,82,4,20,Vendido,"350,000"
82-5-1,82,5,1,Vendido,"350,000"
82-5-2,82,5,2,Vendido,"300,000"
82-5-3,82,5,3,Vendido,"300,000"
82-5-4,82,5,4,Vendido,"300,000"
82-5-5,82,5,5,Vendido,"330,000"
82-5-6,82,5,6,Vendido,"250,000"
82-5-7,82,5,7,Vendido,"250,000"
82-5-8,82,5,8,Vendido,"250,000"
82-5-9,82,5,9,Vendido,"250,000"
82-5-10,82,5,10,Vendido,"250,000"
82-5-11,82,5,11,Vendido,"250,000"
82-5-13,82,5,13,Vendido,"280,000"
82-5-14,82,5,14,Vendido,"280,000"
82-5-15,82,5,15,Vendido,"280,000"
82-5-16,82,5,16,Vendido,"280,000"
82-5-17,82,5,17,Vendido,"280,000"
82-5-18,82,5,18,Vendido,"280,000"
83-4-8,83,4,8,Reserva de Propietario,"430,000"
83-5-7,83,5,7,Reserva de Propietario,"400,000"
83-5-8,83,5,8,Reserva de Propietario,"400,000"
83-6-1,83,6,1,Reserva de Propietario,"500,000"
83-6-2,83,6,2,Reserva de Propietario,"500,000"
83-6-3,83,6,3,Reserva de Propietario,"500,000"
83-6-4,83,6,4,Reserva de Propietario,"500,000"
83-6-5,83,6,5,Reserva de Propietario,"500,000"
83-7-1,83,7,1,Reserva de Propietario,"500,000"
83-7-2,83,7,2,Reserva de Propietario,"500,000"
83-7-3,83,7,3,Reserva de Propietario,"500,000"
83-7-4,83,7,4,Reserva de Propietario,"500,000"
83-7-5,83,7,5,Reserva de Propietario,"500,000"
83-1-1,83,1,1,Libre,"450,000"
83-1-2,83,1,2,Libre,"450,000"
83-1-3,83,1,3,Libre,"450,000"
83-1-4,83,1,4,Libre,"450,000"
83-2-1,83,2,1,Libre,"450,000"
83-2-2,83,2,2,Libre,"450,000"
83-2-3,83,2,3,Libre,"450,000"
83-2-4,83,2,4,Libre,"450,000"
83-2-5,83,2,5,Libre,"450,000"
83-2-6,83,2,6,Libre,"450,000"
83-2-7,83,2,7,Libre,"450,000"
83-2-8,83,2,8,Libre,"450,000"
83-2-9,83,2,9,Libre,"450,000"
83-2-10,83,2,10,Libre,"450,000"
83-3-1,83,3,1,Libre,"450,000"
83-3-2,83,3,2,Libre,"450,000"
83-3-3,83,3,3,Libre,"450,000"
83-3-4,83,3,4,Libre,"450,000"
83-3-5,83,3,5,Libre,"450,000"
83-3-6,83,3,6,Libre,"450,000"
83-3-7,83,3,7,Libre,"450,000"
83-3-8,83,3,8,Libre,"450,000"
83-3-9,83,3,9,Libre,"450,000"
83-3-10,83,3,10,Libre,"450,000"
83-4-1,83,4,1,Libre,"430,000"
83-4-2,83,4,2,Libre,"430,000"
83-4-3,83,4,3,Libre,"430,000"
83-4-4,83,4,4,Libre,"430,000"
83-4-5,83,4,5,Libre,"430,000"
83-4-6,83,4,6,Libre,"430,000"
83-4-7,83,4,7,Libre,"430,000"
83-4-9,83,4,9,Libre,"430,000"
83-4-10,83,4,10,Libre,"430,000"
83-5-2,83,5,2,Libre,"400,000"
83-5-3,83,5,3,Libre,"400,000"
83-5-4,83,5,4,Libre,"400,000"
83-5-5,83,5,5,Libre,"400,000"
83-5-6,83,5,6,Libre,"400,000"
83-6-6,83,6,6,Libre,"500,000"
83-6-7,83,6,7,Libre,"500,000"
83-6-8,83,6,8,Libre,"500,000"
83-6-9,83,6,9,Libre,"500,000"
83-6-10,83,6,10,Libre,"500,000"
83-7-6,83,7,6,Libre,"500,000"
83-7-7,83,7,7,Libre,"500,000"
83-7-8,83,7,8,Libre,"500,000"
83-8-1,83,8,1,Libre,"600,000"
83-8-2,83,8,2,Libre,"600,000"
83-8-3,83,8,3,Libre,"600,000"
83-8-4,83,8,4,Libre,"600,000"
83-8-5,83,8,5,Libre,"600,000"
83-8-6,83,8,6,Libre,"600,000"
83-8-8,83,8,8,Libre,"600,000"
83-9-4,83,9,4,Libre,"700,000"
83-9-5,83,9,5,Libre,"700,000"
83-1-5,83,1,5,Plaza,0
83-5-1,83,5,1,Vendido,"400,000"
83-5-9,83,5,9,Vendido,"400,000"
83-5-10,83,5,10,Vendido,"400,000"
83-5-11,83,5,11,Vendido,"400,000"
83-5-12,83,5,12,Vendido,"400,000"
83-7-9,83,7,9,Vendido,"500,000"
83-7-10,83,7,10,Vendido,"500,000"
83-8-7,83,8,7,Vendido,"550,000"
83-9-1,83,9,1,Vendido,"700,000"
83-9-2,83,9,2,Vendido,"650,000"
83-9-3,83,9,3,Vendido,"650,000"
84-3-10,84,3,10,Bloqueado,"4,000,000"
84-3-11,84,3,11,Bloqueado,"4,000,000"
84-3-12,84,3,12,Bloqueado,"4,000,000"
84-1-8B,84,1,8B,Cancelado,"20,000,000"
84-1-12A,84,1,12A,Cancelado,"20,000,000"
84-1-9,84,1,9,Libre,0
84-1-10,84,1,10,Libre,0
84-1-11,84,1,11,Libre,0
84-3-8,84,3,8,Libre,0
84-3-1,84,3,1,Plaza,0
84-3-2,84,3,2,Plaza,0
84-1-1,84,1,1,Vendido,"5,500,000"
84-1-2,84,1,2,Vendido,"5,500,000"
84-1-3,84,1,3,Vendido,"5,500,000"
84-1-4,84,1,4,Vendido,"5,500,000"
84-1-5,84,1,5,Vendido,"5,500,000"
84-1-6,84,1,6,Vendido,"5,000,000"
84-1-7,84,1,7,Vendido,"15,000,000"
84-1-8,84,1,8,Vendido,"20,000,000"
84-1-12,84,1,12,Vendido,"25,000,000"
84-2-1,84,2,1,Vendido,"4,700,000"
84-2-2,84,2,2,Vendido,"4,700,000"
84-2-3,84,2,3,Vendido,"4,700,000"
84-2-4,84,2,4,Vendido,"4,700,000"
84-2-5,84,2,5,Vendido,"4,000,000"
84-2-6,84,2,6,Vendido,"4,000,000"
84-2-7,84,2,7,Vendido,"4,000,000"
84-2-8,84,2,8,Vendido,"4,000,000"
84-2-9,84,2,9,Vendido,"4,700,000"
84-2-10,84,2,10,Vendido,"4,700,000"
84-2-11,84,2,11,Vendido,"4,700,000"
84-2-12,84,2,12,Vendido,"4,700,000"
84-2-13,84,2,13,Vendido,"4,700,000"
84-2-14,84,2,14,Vendido,"4,700,000"
84-3-3,84,3,3,Vendido,"4,200,000"
84-3-4,84,3,4,Vendido,"4,000,000"
84-3-5,84,3,5,Vendido,"4,000,000"
84-3-6,84,3,6,Vendido,"4,000,000"
84-3-7,84,3,7,Vendido,"4,000,000"
84-3-9,84,3,9,Vendido,"4,000,000"
84-3-13,84,3,13,Vendido,"3,500,000"
84-3-14,84,3,14,Vendido,"4,000,000"
84-3-15,84,3,15,Vendido,"4,000,000"
84-3-16,84,3,16,Vendido,"4,000,000"
84-3-17,84,3,17,Vendido,"4,500,000"
84-4-1,84,4,1,Vendido,"3,000,000"
84-4-2,84,4,2,Vendido,"3,500,000"
84-4-3,84,4,3,Vendido,"3,800,000"
84-4-4,84,4,4,Vendido,"3,000,000"
84-4-5,84,4,5,Vendido,"3,500,000"
84-4-6,84,4,6,Vendido,"3,800,000"
84-4-7,84,4,7,Vendido,"3,000,000"
84-4-8,84,4,8,Vendido,"3,000,000"
84-4-9,84,4,9,Vendido,"3,000,000"
84-4-10,84,4,10,Vendido,"3,000,000"
84-4-11,84,4,11,Vendido,"3,500,000"
84-4-12,84,4,12,Vendido,"3,000,000"
84-4-13,84,4,13,Vendido,"3,500,000"
84-4-14,84,4,14,Vendido,"3,500,000"
84-4-15,84,4,15,Vendido,"3,000,000"
85-1-1,85,1,1,Cancelado,"200,000,000"
85-1-15,85,1,15,Cancelado,"990,000"
85-1-16,85,1,16,Cancelado,"960,000"
85-1-2,85,1,2,Reserva de Propietario,0
85-1-3,85,1,3,Reserva de Propietario,0
85-1-7,85,1,7,Reserva de Propietario,0
85-1-8,85,1,8,Reserva de Propietario,0
85-1-9,85,1,9,Reserva de Propietario,0
85-1-10,85,1,10,Reserva de Propietario,0
85-1-12,85,1,12,Reserva de Propietario,0
85-1-13,85,1,13,Reserva de Propietario,0
85-1-20,85,1,20,Reserva de Propietario,0
85-1-21,85,1,21,Reserva de Propietario,0
85-1-23,85,1,23,Reserva de Propietario,0
85-1-24,85,1,24,Reserva de Propietario,0
85-1-25,85,1,25,Reserva de Propietario,0
85-1-26,85,1,26,Reserva de Propietario,0
85-1-4,85,1,4,Vendido,"960,000"
85-1-5,85,1,5,Vendido,"960,000"
85-1-6,85,1,6,Vendido,"960,000"
85-1-11,85,1,11,Vendido,"960,000"
85-1-14,85,1,14,Vendido,"960,000"
85-1-17,85,1,17,Vendido,"930,000"
85-1-18,85,1,18,Vendido,"950,000"
85-1-19,85,1,19,Vendido,"930,000"
85-1-22,85,1,22,Vendido,"960,000"
85-1-27,85,1,27,Vendido,"960,000"
85-1-28,85,1,28,Vendido,"960,000"
85-1-29,85,1,29,Vendido,"960,000"
85-2-1,85,2,1,Vendido,"930,000"
85-2-2,85,2,2,Vendido,"900,000"
85-2-3,85,2,3,Vendido,"900,000"
85-2-4,85,2,4,Vendido,"950,000"
85-2-5,85,2,5,Vendido,"900,000"
85-2-6,85,2,6,Vendido,"900,000"
85-2-7,85,2,7,Vendido,"900,000"
85-2-8,85,2,8,Vendido,"900,000"
85-2-9,85,2,9,Vendido,"930,000"
85-2-10,85,2,10,Vendido,"900,000"
85-2-11,85,2,11,Vendido,"890,000"
85-2-12,85,2,12,Vendido,"850,000"
85-2-13,85,2,13,Vendido,"850,000"
85-2-14,85,2,14,Vendido,"850,000"
85-2-15,85,2,15,Vendido,"850,000"
85-3-1,85,3,1,Vendido,"850,000"
85-3-2,85,3,2,Vendido,"830,000"
85-3-3,85,3,3,Vendido,"830,000"
85-3-4,85,3,4,Vendido,"850,000"
85-3-5,85,3,5,Vendido,"840,000"
85-3-6,85,3,6,Vendido,"840,000"
85-3-7,85,3,7,Vendido,"840,000"
85-3-8,85,3,8,Vendido,"840,000"
85-3-9,85,3,9,Vendido,"850,000"
85-3-10,85,3,10,Vendido,"830,000"
85-3-11,85,3,11,Vendido,"830,000"
85-3-12,85,3,12,Vendido,"810,000"
85-3-13,85,3,13,Vendido,"810,000"
85-3-14,85,3,14,Vendido,"810,000"
85-3-15,85,3,15,Vendido,"810,000"
85-4-1,85,4,1,Vendido,"750,000"
85-4-2,85,4,2,Vendido,"730,000"
85-4-3,85,4,3,Vendido,"730,000"
85-4-4,85,4,4,Vendido,"770,000"
85-4-5,85,4,5,Vendido,"750,000"
85-4-6,85,4,6,Vendido,"750,000"
85-4-7,85,4,7,Vendido,"750,000"
85-4-8,85,4,8,Vendido,"750,000"
85-4-9,85,4,9,Vendido,"770,000"
85-4-10,85,4,10,Vendido,"750,000"
85-4-11,85,4,11,Vendido,"750,000"
85-4-12,85,4,12,Vendido,"710,000"
85-4-13,85,4,13,Vendido,"710,000"
85-4-14,85,4,14,Vendido,"710,000"
85-4-15,85,4,15,Vendido,"710,000"
85-5-1,85,5,1,Vendido,"700,000"
85-5-2,85,5,2,Vendido,"650,000"
85-5-3,85,5,3,Vendido,"650,000"
85-5-4,85,5,4,Vendido,"700,000"
85-6-1,85,6,1,Vendido,"500,000"
85-6-2,85,6,2,Vendido,"500,000"
85-6-3,85,6,3,Vendido,"500,000"
85-6-4,85,6,4,Vendido,"580,000"
85-6-5,85,6,5,Vendido,"580,000"
85-6-6,85,6,6,Vendido,"580,000"
85-6-7,85,6,7,Vendido,"580,000"
85-6-8,85,6,8,Vendido,"600,000"
85-6-9,85,6,9,Vendido,"550,000"
85-6-10,85,6,10,Vendido,"600,000"
85-6-11,85,6,11,Vendido,"550,000"
85-6-12,85,6,12,Vendido,"550,000"
85-6-13,85,6,13,Vendido,"550,000"
85-6-14,85,6,14,Vendido,"550,000"
86-A-2,86,A,2,Vendido,"1,200,000"
86-A-3,86,A,3,Vendido,"1,200,000"
86-A-4,86,A,4,Vendido,"1,200,000"
86-A-5,86,A,5,Vendido,"1,200,000"
86-B-1,86,B,1,Vendido,"3,000,000"
86-B-2,86,B,2,Vendido,"3,000,000"
86-D-3,86,D,3,Vendido,"1,100,000"
86-D-4,86,D,4,Vendido,"1,100,000"
86-D-5,86,D,5,Vendido,"1,100,000"
86-E-1,86,E,1,Vendido,"900,000"
86-E-2,86,E,2,Vendido,"900,000"
86-E-3,86,E,3,Vendido,"900,000"
86-E-4,86,E,4,Vendido,"900,000"
86-E-5,86,E,5,Vendido,"900,000"
86-E-6,86,E,6,Vendido,"900,000"
86-E-7,86,E,7,Vendido,"900,000"
86-E-8,86,E,8,Vendido,"900,000"
86-E-9,86,E,9,Vendido,"900,000"
86-E-10,86,E,10,Vendido,"900,000"
86-F-2,86,F,2,Vendido,"900,000"
86-F-3,86,F,3,Vendido,"900,000"
86-G-3,86,G,3,Vendido,"2,400,000"
86-G-4,86,G,4,Vendido,"2,400,000"
86-G-5,86,G,5,Vendido,"2,400,000"
86-I-1,86,I,1,Vendido,"950,000"
86-I-2,86,I,2,Vendido,"950,000"
86-I-3,86,I,3,Vendido,"950,000"
86-I-4,86,I,4,Vendido,"1,000,000"
86-I-5,86,I,5,Vendido,"1,000,000"
86-I-6,86,I,6,Vendido,"1,000,000"
86-I-7,86,I,7,Vendido,"1,000,000"
86-I-18,86,I,18,Vendido,"950,000"
86-I-19,86,I,19,Vendido,"950,000"
86-I-20,86,I,20,Vendido,"950,000"
86-J-3,86,J,3,Vendido,"1,000,000"
86-J-4,86,J,4,Vendido,"1,000,000"
86-J-5,86,J,5,Vendido,"1,000,000"
86-J-6,86,J,6,Vendido,"1,000,000"
86-A-1,86,A,1,Ya no se administran,0
86-A-6,86,A,6,Ya no se administran,0
86-A-7,86,A,7,Ya no se administran,0
86-D-1,86,D,1,Ya no se administran,0
86-G-2,86,G,2,Ya no se administran,0
87-10-1,87,10,1,Reserva de Propietario,0
87-10-2,87,10,2,Reserva de Propietario,0
87-10-3,87,10,3,Reserva de Propietario,0
87-1-2,87,1,2,Libre,"500,000"
87-1-3,87,1,3,Libre,"500,000"
87-1-4,87,1,4,Libre,"500,000"
87-1-5,87,1,5,Libre,"500,000"
87-3-1,87,3,1,Libre,"440,000"
87-3-2,87,3,2,Libre,"420,000"
87-3-3,87,3,3,Libre,"420,000"
87-3-4,87,3,4,Libre,"420,000"
87-3-5,87,3,5,Libre,"430,000"
87-4-2,87,4,2,Libre,"400,000"
87-4-3,87,4,3,Libre,"400,000"
87-4-4,87,4,4,Libre,"400,000"
87-4-5,87,4,5,Libre,"420,000"
87-5-1,87,5,1,Libre,"420,000"
87-5-2,87,5,2,Libre,"390,000"
87-5-3,87,5,3,Libre,"390,000"
87-5-4,87,5,4,Libre,"390,000"
87-5-5,87,5,5,Libre,"410,000"
87-6-1,87,6,1,Libre,"450,000"
87-6-2,87,6,2,Libre,"420,000"
87-6-3,87,6,3,Libre,"420,000"
87-6-4,87,6,4,Libre,"430,000"
87-7-1,87,7,1,Libre,"450,000"
87-7-2,87,7,2,Libre,"430,000"
87-7-3,87,7,3,Libre,"430,000"
87-7-4,87,7,4,Libre,"450,000"
87-7-6,87,7,6,Libre,"320,000"
87-7-8,87,7,8,Libre,"320,000"
87-8-1,87,8,1,Libre,"450,000"
87-8-2,87,8,2,Libre,"450,000"
87-9-1,87,9,1,Libre,"480,000"
87-9-2,87,9,2,Libre,"450,000"
87-9-3,87,9,3,Libre,"450,000"
87-9-4,87,9,4,Libre,"480,000"
87-9-5,87,9,5,Libre,"380,000"
87-9-6,87,9,6,Libre,"380,000"
87-9-8,87,9,8,Libre,"380,000"
87-9-9,87,9,9,Libre,"380,000"
87-9-10,87,9,10,Libre,"380,000"
87-10-4,87,10,4,Libre,"400,000"
87-10-5,87,10,5,Libre,"400,000"
87-10-6,87,10,6,Libre,"400,000"
87-10-7,87,10,7,Libre,"400,000"
87-10-8,87,10,8,Libre,"480,000"
87-10-9,87,10,9,Libre,"480,000"
87-10-10,87,10,10,Libre,"480,000"
87-10-11,87,10,11,Libre,"480,000"
87-2-4,87,2,4,Reserva,"430,000"
87-2-5,87,2,5,Reserva,"440,000"
87-1-1,87,1,1,Vendido,"550,000"
87-1-6,87,1,6,Vendido,"600,000"
87-2-1,87,2,1,Vendido,"2,205,000"
87-2-2,87,2,2,Vendido,"430,000"
87-2-3,87,2,3,Vendido,"430,000"
87-4-1,87,4,1,Vendido,"430,000"
87-6-5,87,6,5,Vendido,"300,000"
87-6-6,87,6,6,Vendido,"300,000"
87-6-7,87,6,7,Vendido,"300,000"
87-6-8,87,6,8,Vendido,"300,000"
87-6-9,87,6,9,Vendido,"300,000"
87-6-10,87,6,10,Vendido,"300,000"
87-7-5,87,7,5,Vendido,"320,000"
87-7-7,87,7,7,Vendido,"320,000"
87-7-9,87,7,9,Vendido,"320,000"
87-7-10,87,7,10,Vendido,"320,000"
87-9-7,87,9,7,Vendido,"380,000"
88-1-8,88,1,8,Libre,"800,000"
88-1-10,88,1,10,Libre,"550,000"
88-1-11,88,1,11,Libre,"550,000"
88-1-12,88,1,12,Libre,"550,000"
88-2-4,88,2,4,Libre,"550,000"
88-3-3,88,3,3,Libre,"500,000"
88-3-4,88,3,4,Libre,"530,000"
88-3-5,88,3,5,Libre,"450,000"
88-3-6,88,3,6,Libre,"450,000"
88-3-7,88,3,7,Libre,"450,000"
88-3-8,88,3,8,Libre,"450,000"
88-3-9,88,3,9,Libre,"450,000"
88-3-10,88,3,10,Libre,"450,000"
88-3-11,88,3,11,Libre,"480,000"
88-3-12,88,3,12,Libre,"480,000"
88-3-13,88,3,13,Libre,"480,000"
88-3-14,88,3,14,Libre,"480,000"
88-3-15,88,3,15,Libre,"480,000"
88-4-3,88,4,3,Libre,"500,000"
88-4-4,88,4,4,Libre,"530,000"
88-4-5,88,4,5,Libre,"450,000"
88-5-1,88,5,1,Libre,"520,000"
88-5-2,88,5,2,Libre,"480,000"
88-5-3,88,5,3,Libre,"480,000"
88-5-4,88,5,4,Libre,"500,000"
88-5-5,88,5,5,Libre,"430,000"
88-5-6,88,5,6,Libre,"430,000"
88-5-7,88,5,7,Libre,"430,000"
88-5-8,88,5,8,Libre,"430,000"
88-5-9,88,5,9,Libre,"430,000"
88-5-10,88,5,10,Libre,"430,000"
88-5-11,88,5,11,Libre,"450,000"
88-5-12,88,5,12,Libre,"450,000"
88-5-13,88,5,13,Libre,"450,000"
88-5-14,88,5,14,Libre,"450,000"
88-5-15,88,5,15,Libre,"450,000"
88-5-16,88,5,16,Libre,"450,000"
88-6-1,88,6,1,Libre,"520,000"
88-6-2,88,6,2,Libre,"480,000"
88-6-3,88,6,3,Libre,"480,000"
88-6-4,88,6,4,Libre,"500,000"
88-6-5,88,6,5,Libre,"450,000"
88-6-6,88,6,6,Libre,"460,000"
88-7-1,88,7,1,Libre,"480,000"
88-7-2,88,7,2,Libre,"450,000"
88-7-3,88,7,3,Libre,"450,000"
88-7-4,88,7,4,Libre,"470,000"
88-7-5,88,7,5,Libre,"420,000"
88-7-6,88,7,6,Libre,"420,000"
88-7-7,88,7,7,Libre,"420,000"
88-7-8,88,7,8,Libre,"420,000"
88-7-9,88,7,9,Libre,"420,000"
88-7-10,88,7,10,Libre,"420,000"
88-7-11,88,7,11,Libre,"430,000"
88-7-12,88,7,12,Libre,"430,000"
88-7-13,88,7,13,Libre,"430,000"
88-7-14,88,7,14,Libre,"430,000"
88-7-15,88,7,15,Libre,"430,000"
88-7-16,88,7,16,Libre,"430,000"
88-8-2,88,8,2,Libre,"450,000"
88-8-3,88,8,3,Libre,"450,000"
88-8-4,88,8,4,Libre,"470,000"
88-8-5,88,8,5,Libre,"420,000"
88-8-6,88,8,6,Libre,"430,000"
88-9-1,88,9,1,Libre,"450,000"
88-9-2,88,9,2,Libre,"420,000"
88-9-4,88,9,4,Libre,"430,000"
88-9-5,88,9,5,Libre,"400,000"
88-9-6,88,9,6,Libre,"400,000"
88-9-7,88,9,7,Libre,"400,000"
88-9-8,88,9,8,Libre,"400,000"
88-9-9,88,9,9,Libre,"400,000"
88-9-10,88,9,10,Libre,"400,000"
88-9-11,88,9,11,Libre,"420,000"
88-9-12,88,9,12,Libre,"420,000"
88-9-13,88,9,13,Libre,"420,000"
88-9-14,88,9,14,Libre,"420,000"
88-9-15,88,9,15,Libre,"420,000"
88-9-16,88,9,16,Libre,"420,000"
88-10-1,88,10,1,Libre,"450,000"
88-10-2,88,10,2,Libre,"420,000"
88-10-3,88,10,3,Libre,"420,000"
88-10-4,88,10,4,Libre,"430,000"
88-10-5,88,10,5,Libre,"400,000"
88-10-6,88,10,6,Libre,"420,000"
88-13-2,88,13,2,Libre,"360,000"
88-13-3,88,13,3,Libre,"360,000"
88-13-4,88,13,4,Libre,"370,000"
88-13-5,88,13,5,Libre,"320,000"
88-13-6,88,13,6,Libre,"320,000"
88-13-7,88,13,7,Libre,"320,000"
88-13-8,88,13,8,Libre,"320,000"
88-13-9,88,13,9,Libre,"320,000"
88-13-10,88,13,10,Libre,"320,000"
88-13-11,88,13,11,Libre,"340,000"
88-13-12,88,13,12,Libre,"340,000"
88-13-13,88,13,13,Libre,"340,000"
88-13-14,88,13,14,Libre,"340,000"
88-13-15,88,13,15,Libre,"340,000"
88-13-16,88,13,16,Libre,"340,000"
88-14-2,88,14,2,Libre,"370,000"
88-14-3,88,14,3,Libre,"370,000"
88-14-4,88,14,4,Libre,"380,000"
88-14-5,88,14,5,Libre,"340,000"
88-14-6,88,14,6,Libre,"340,000"
88-14-7,88,14,7,Libre,"340,000"
88-14-8,88,14,8,Libre,"340,000"
88-14-9,88,14,9,Libre,"340,000"
88-14-10,88,14,10,Libre,"350,000"
88-14-11,88,14,11,Libre,"350,000"
88-14-12,88,14,12,Libre,"350,000"
88-14-13,88,14,13,Libre,"350,000"
88-14-14,88,14,14,Libre,"350,000"
88-15-1,88,15,1,Libre,"360,000"
88-15-2,88,15,2,Libre,"350,000"
88-15-3,88,15,3,Libre,"350,000"
88-15-4,88,15,4,Libre,"360,000"
88-15-5,88,15,5,Libre,"290,000"
88-15-6,88,15,6,Libre,"290,000"
88-15-7,88,15,7,Libre,"290,000"
88-15-8,88,15,8,Libre,"290,000"
88-15-9,88,15,9,Libre,"290,000"
88-15-10,88,15,10,Libre,"290,000"
88-15-11,88,15,11,Libre,"310,000"
88-15-12,88,15,12,Libre,"310,000"
88-15-13,88,15,13,Libre,"310,000"
88-15-14,88,15,14,Libre,"310,000"
88-15-15,88,15,15,Libre,"310,000"
88-15-16,88,15,16,Libre,"310,000"
88-16-1,88,16,1,Libre,"370,000"
88-16-2,88,16,2,Libre,"360,000"
88-16-3,88,16,3,Libre,"360,000"
88-16-4,88,16,4,Libre,"370,000"
88-16-5,88,16,5,Libre,"330,000"
88-16-6,88,16,6,Libre,"330,000"
88-16-7,88,16,7,Libre,"330,000"
88-16-8,88,16,8,Libre,"330,000"
88-16-9,88,16,9,Libre,"330,000"
88-16-10,88,16,10,Libre,"340,000"
88-16-11,88,16,11,Libre,"340,000"
88-16-12,88,16,12,Libre,"340,000"
88-16-13,88,16,13,Libre,"340,000"
88-16-14,88,16,14,Libre,"340,000"
88-17-1,88,17,1,Libre,"340,000"
88-17-2,88,17,2,Libre,"330,000"
88-17-3,88,17,3,Libre,"330,000"
88-17-4,88,17,4,Libre,"340,000"
88-17-6,88,17,6,Libre,"200,000"
88-17-7,88,17,7,Libre,"200,000"
88-17-8,88,17,8,Libre,"180,000"
88-17-9,88,17,9,Libre,"180,000"
88-17-10,88,17,10,Libre,"180,000"
88-17-11,88,17,11,Libre,"280,000"
88-17-12,88,17,12,Libre,"280,000"
88-17-13,88,17,13,Libre,"280,000"
88-17-14,88,17,14,Libre,"280,000"
88-17-15,88,17,15,Libre,"280,000"
88-17-16,88,17,16,Libre,"280,000"
88-18-3,88,18,3,Libre,"340,000"
88-18-4,88,18,4,Libre,"350,000"
88-18-5,88,18,5,Libre,"320,000"
88-18-6,88,18,6,Libre,"320,000"
88-18-7,88,18,7,Libre,"320,000"
88-18-8,88,18,8,Libre,"320,000"
88-18-9,88,18,9,Libre,"320,000"
88-18-10,88,18,10,Libre,"330,000"
88-18-11,88,18,11,Libre,"330,000"
88-18-12,88,18,12,Libre,"330,000"
88-18-13,88,18,13,Libre,"330,000"
88-18-14,88,18,14,Libre,"330,000"
88-19-1,88,19,1,Libre,"320,000"
88-19-2,88,19,2,Libre,"300,000"
88-19-3,88,19,3,Libre,"300,000"
88-19-4,88,19,4,Libre,"320,000"
88-19-5,88,19,5,Libre,"260,000"
88-19-6,88,19,6,Libre,"260,000"
88-19-7,88,19,7,Libre,"260,000"
88-19-8,88,19,8,Libre,"260,000"
88-19-9,88,19,9,Libre,"260,000"
88-19-10,88,19,10,Libre,"260,000"
88-19-11,88,19,11,Libre,"180,000"
88-19-12,88,19,12,Libre,"180,000"
88-20-1,88,20,1,Libre,"330,000"
88-20-2,88,20,2,Libre,"310,000"
88-20-3,88,20,3,Libre,"310,000"
88-20-4,88,20,4,Libre,"330,000"
88-20-5,88,20,5,Libre,"270,000"
88-20-6,88,20,6,Libre,"270,000"
88-20-7,88,20,7,Libre,"270,000"
88-20-8,88,20,8,Libre,"270,000"
88-20-9,88,20,9,Libre,"270,000"
88-20-10,88,20,10,Libre,"280,000"
88-20-11,88,20,11,Libre,"280,000"
88-20-12,88,20,12,Libre,"280,000"
88-20-13,88,20,13,Libre,"280,000"
88-20-14,88,20,14,Libre,"280,000"
88-21-5,88,21,5,Libre,"250,000"
88-21-6,88,21,6,Libre,"250,000"
88-21-7,88,21,7,Libre,"250,000"
88-21-8,88,21,8,Libre,"250,000"
88-21-9,88,21,9,Libre,"250,000"
88-21-10,88,21,10,Libre,"250,000"
88-21-11,88,21,11,Libre,"260,000"
88-21-12,88,21,12,Libre,"260,000"
88-21-13,88,21,13,Libre,"260,000"
88-21-14,88,21,14,Libre,"260,000"
88-21-15,88,21,15,Libre,"260,000"
88-21-16,88,21,16,Libre,"260,000"
88-22-2,88,22,2,Libre,"300,000"
88-22-3,88,22,3,Libre,"300,000"
88-22-5,88,22,5,Libre,"270,000"
88-22-6,88,22,6,Libre,"270,000"
88-22-7,88,22,7,Libre,"270,000"
88-22-8,88,22,8,Libre,"270,000"
88-22-9,88,22,9,Libre,"270,000"
88-22-10,88,22,10,Libre,"280,000"
88-22-11,88,22,11,Libre,"280,000"
88-22-12,88,22,12,Libre,"280,000"
88-22-13,88,22,13,Libre,"280,000"
88-22-14,88,22,14,Libre,"280,000"
88-23-7,88,23,7,Libre,"250,000"
88-23-8,88,23,8,Libre,"250,000"
88-23-9,88,23,9,Libre,"250,000"
88-23-10,88,23,10,Libre,"250,000"
88-23-11,88,23,11,Libre,"250,000"
88-23-12,88,23,12,Libre,"250,000"
88-23-13,88,23,13,Libre,"250,000"
88-23-14,88,23,14,Libre,"250,000"
88-23-15,88,23,15,Libre,"250,000"
88-23-16,88,23,16,Libre,"250,000"
88-24-2,88,24,2,Libre,"270,000"
88-24-5,88,24,5,Libre,"260,000"
88-24-6,88,24,6,Libre,"260,000"
88-24-7,88,24,7,Libre,"260,000"
88-24-8,88,24,8,Libre,"260,000"
88-24-9,88,24,9,Libre,"260,000"
88-24-10,88,24,10,Libre,"260,000"
88-24-11,88,24,11,Libre,"260,000"
88-24-12,88,24,12,Libre,"260,000"
88-24-13,88,24,13,Libre,"260,000"
88-24-14,88,24,14,Libre,"260,000"
88-25-3,88,25,3,Libre,"230,000"
88-25-4,88,25,4,Libre,"230,000"
88-25-5,88,25,5,Libre,"230,000"
88-25-6,88,25,6,Libre,"230,000"
88-25-7,88,25,7,Libre,"230,000"
88-25-8,88,25,8,Libre,"230,000"
88-26-3,88,26,3,Libre,"230,000"
88-26-4,88,26,4,Libre,"230,000"
88-26-5,88,26,5,Libre,"230,000"
88-26-6,88,26,6,Libre,"230,000"
88-26-7,88,26,7,Libre,"230,000"
88-11-4,88,11,4,Plaza,0
88-1-1,88,1,1,Vendido,"900,000"
88-1-2,88,1,2,Vendido,"850,000"
88-1-3,88,1,3,Vendido,"850,000"
88-1-4,88,1,4,Vendido,"850,000"
88-1-5,88,1,5,Vendido,"850,000"
88-1-6,88,1,6,Vendido,"800,000"
88-1-7,88,1,7,Vendido,"850,000"
88-1-9,88,1,9,Vendido,"550,000"
88-1-13,88,1,13,Vendido,"550,000"
88-1-14,88,1,14,Vendido,"550,000"
88-1-15,88,1,15,Vendido,"600,000"
88-1-16,88,1,16,Vendido,"600,000"
88-2-1,88,2,1,Vendido,"900,000"
88-2-2,88,2,2,Vendido,"850,000"
88-2-3,88,2,3,Vendido,"850,000"
88-2-5,88,2,5,Vendido,"600,000"
88-2-6,88,2,6,Vendido,"3,250,000"
88-3-1,88,3,1,Vendido,"550,000"
88-3-2,88,3,2,Vendido,"500,000"
88-3-16,88,3,16,Vendido,"480,000"
88-4-1,88,4,1,Vendido,"550,000"
88-4-2,88,4,2,Vendido,"500,000"
88-4-6,88,4,6,Vendido,"480,000"
88-8-1,88,8,1,Vendido,"480,000"
88-9-3,88,9,3,Vendido,"420,000"
88-11-1,88,11,1,Vendido,"400,000"
88-11-2,88,11,2,Vendido,"400,000"
88-11-3,88,11,3,Vendido,"400,000"
88-13-1,88,13,1,Vendido,"380,000"
88-14-1,88,14,1,Vendido,"390,000"
88-17-5,88,17,5,Vendido,"200,000"
88-18-1,88,18,1,Vendido,"350,000"
88-18-2,88,18,2,Vendido,"340,000"
88-19-13,88,19,13,Vendido,"180,000"
88-19-14,88,19,14,Vendido,"200,000"
88-19-15,88,19,15,Vendido,"200,000"
88-19-16,88,19,16,Vendido,"200,000"
88-21-1,88,21,1,Vendido,"300,000"
88-21-2,88,21,2,Vendido,"270,000"
88-21-3,88,21,3,Vendido,"270,000"
88-21-4,88,21,4,Vendido,"300,000"
88-22-1,88,22,1,Vendido,"320,000"
88-22-4,88,22,4,Vendido,"320,000"
88-23-1,88,23,1,Vendido,"270,000"
88-23-2,88,23,2,Vendido,"260,000"
88-23-3,88,23,3,Vendido,"260,000"
88-23-4,88,23,4,Vendido,"270,000"
88-23-5,88,23,5,Vendido,"250,000"
88-23-6,88,23,6,Vendido,"250,000"
88-24-1,88,24,1,Vendido,"290,000"
88-24-3,88,24,3,Vendido,"270,000"
88-24-4,88,24,4,Vendido,"290,000"
88-25-1,88,25,1,Vendido,"250,000"
88-25-2,88,25,2,Vendido,"230,000"
88-26-1,88,26,1,Vendido,"250,000"
88-26-2,88,26,2,Vendido,"230,000"
89-1-1,89,1,1,Libre,"610,000"
89-1-2,89,1,2,Libre,"560,000"
89-1-3,89,1,3,Libre,"560,000"
89-1-4,89,1,4,Libre,"560,000"
89-1-5,89,1,5,Libre,"560,000"
89-1-6,89,1,6,Libre,"560,000"
89-1-7,89,1,7,Libre,"560,000"
89-1-8,89,1,8,Libre,"460,000"
89-1-9,89,1,9,Libre,"460,000"
89-1-10,89,1,10,Libre,"460,000"
89-1-11,89,1,11,Libre,"460,000"
89-1-12,89,1,12,Libre,"460,000"
89-1-13,89,1,13,Libre,"510,000"
89-1-14,89,1,14,Libre,"510,000"
89-2-1,89,2,1,Libre,"610,000"
89-2-2,89,2,2,Libre,"560,000"
89-2-3,89,2,3,Libre,"660,000"
89-3-2,89,3,2,Libre,"560,000"
89-3-3,89,3,3,Libre,"560,000"
89-3-4,89,3,4,Libre,"560,000"
89-4-1,89,4,1,Libre,"490,000"
89-4-2,89,4,2,Libre,"470,000"
89-4-3,89,4,3,Libre,"470,000"
89-4-4,89,4,4,Libre,"510,000"
89-4-5,89,4,5,Libre,"460,000"
89-4-6,89,4,6,Libre,"460,000"
89-4-7,89,4,7,Libre,"460,000"
89-4-8,89,4,8,Libre,"460,000"
89-4-9,89,4,9,Libre,"460,000"
89-4-10,89,4,10,Libre,"440,000"
89-4-11,89,4,11,Libre,"440,000"
89-4-12,89,4,12,Libre,"440,000"
89-4-13,89,4,13,Libre,"440,000"
89-4-14,89,4,14,Libre,"440,000"
89-6-1,89,6,1,Libre,"460,000"
89-6-2,89,6,2,Libre,"440,000"
89-6-5,89,6,5,Libre,"360,000"
89-6-6,89,6,6,Libre,"360,000"
89-6-7,89,6,7,Libre,"360,000"
89-6-8,89,6,8,Libre,"360,000"
89-6-9,89,6,9,Libre,"360,000"
89-6-10,89,6,10,Libre,"360,000"
89-6-11,89,6,11,Libre,"360,000"
89-6-12,89,6,12,Libre,"360,000"
89-6-13,89,6,13,Libre,"360,000"
89-6-14,89,6,14,Libre,"360,000"
89-7-1,89,7,1,Libre,"460,000"
89-7-2,89,7,2,Libre,"440,000"
89-7-3,89,7,3,Libre,"440,000"
89-7-4,89,7,4,Libre,"440,000"
89-7-5,89,7,5,Libre,"470,000"
89-7-6,89,7,6,Libre,"430,000"
89-7-7,89,7,7,Libre,"430,000"
89-7-8,89,7,8,Libre,"430,000"
89-7-9,89,7,9,Libre,"430,000"
89-7-10,89,7,10,Libre,"430,000"
89-7-11,89,7,11,Libre,"430,000"
89-7-12,89,7,12,Libre,"430,000"
89-7-13,89,7,13,Libre,"410,000"
89-7-14,89,7,14,Libre,"410,000"
89-7-15,89,7,15,Libre,"410,000"
89-7-16,89,7,16,Libre,"410,000"
89-7-17,89,7,17,Libre,"410,000"
89-7-18,89,7,18,Libre,"410,000"
89-7-19,89,7,19,Libre,"410,000"
89-8-1,89,8,1,Libre,"440,000"
89-8-2,89,8,2,Libre,"430,000"
89-8-3,89,8,3,Libre,"430,000"
89-8-4,89,8,4,Libre,"450,000"
89-8-5,89,8,5,Libre,"410,000"
89-8-6,89,8,6,Libre,"410,000"
89-8-7,89,8,7,Libre,"410,000"
89-8-8,89,8,8,Libre,"410,000"
89-8-9,89,8,9,Libre,"410,000"
89-8-10,89,8,10,Libre,"390,000"
89-8-11,89,8,11,Libre,"390,000"
89-8-12,89,8,12,Libre,"390,000"
89-8-13,89,8,13,Libre,"390,000"
89-8-14,89,8,14,Libre,"390,000"
89-9-1,89,9,1,Libre,"440,000"
89-9-2,89,9,2,Libre,"430,000"
89-9-3,89,9,3,Libre,"430,000"
89-9-4,89,9,4,Libre,"430,000"
89-9-5,89,9,5,Libre,"430,000"
89-9-6,89,9,6,Libre,"450,000"
89-9-7,89,9,7,Libre,"430,000"
89-9-8,89,9,8,Libre,"430,000"
89-9-9,89,9,9,Libre,"430,000"
89-9-10,89,9,10,Libre,"430,000"
89-9-11,89,9,11,Libre,"430,000"
89-9-12,89,9,12,Libre,"430,000"
89-9-13,89,9,13,Libre,"430,000"
89-9-14,89,9,14,Libre,"410,000"
89-9-15,89,9,15,Libre,"410,000"
89-9-16,89,9,16,Libre,"410,000"
89-9-17,89,9,17,Libre,"410,000"
89-9-18,89,9,18,Libre,"410,000"
89-9-19,89,9,19,Libre,"410,000"
89-9-20,89,9,20,Libre,"410,000"
89-10-1,89,10,1,Libre,"410,000"
89-10-2,89,10,2,Libre,"390,000"
89-10-3,89,10,3,Libre,"390,000"
89-10-4,89,10,4,Libre,"390,000"
89-10-5,89,10,5,Libre,"390,000"
89-10-6,89,10,6,Libre,"430,000"
89-10-7,89,10,7,Libre,"390,000"
89-10-8,89,10,8,Libre,"390,000"
89-10-9,89,10,9,Libre,"390,000"
89-10-10,89,10,10,Libre,"390,000"
89-10-11,89,10,11,Libre,"390,000"
89-10-12,89,10,12,Libre,"390,000"
89-10-13,89,10,13,Libre,"380,000"
89-10-14,89,10,14,Libre,"380,000"
89-10-15,89,10,15,Libre,"380,000"
89-10-16,89,10,16,Libre,"380,000"
89-10-17,89,10,17,Libre,"380,000"
89-10-18,89,10,18,Libre,"380,000"
89-11-1,89,11,1,Libre,"410,000"
89-11-2,89,11,2,Libre,"390,000"
89-11-3,89,11,3,Libre,"390,000"
89-11-4,89,11,4,Libre,"420,000"
89-11-5,89,11,5,Libre,"330,000"
89-11-6,89,11,6,Libre,"330,000"
89-11-7,89,11,7,Libre,"330,000"
89-11-8,89,11,8,Libre,"330,000"
89-11-9,89,11,9,Libre,"330,000"
89-11-10,89,11,10,Libre,"310,000"
89-11-11,89,11,11,Libre,"310,000"
89-11-12,89,11,12,Libre,"310,000"
89-11-13,89,11,13,Libre,"310,000"
89-11-14,89,11,14,Libre,"310,000"
89-12-1,89,12,1,Libre,"410,000"
89-12-2,89,12,2,Libre,"390,000"
89-12-3,89,12,3,Libre,"390,000"
89-12-4,89,12,4,Libre,"390,000"
89-12-5,89,12,5,Libre,"420,000"
89-12-6,89,12,6,Libre,"330,000"
89-12-7,89,12,7,Libre,"330,000"
89-12-8,89,12,8,Libre,"330,000"
89-12-9,89,12,9,Libre,"330,000"
89-12-10,89,12,10,Libre,"330,000"
89-12-11,89,12,11,Libre,"330,000"
89-12-12,89,12,12,Libre,"340,000"
89-12-13,89,12,13,Libre,"320,000"
89-12-14,89,12,14,Libre,"310,000"
89-12-15,89,12,15,Libre,"310,000"
89-12-16,89,12,16,Libre,"310,000"
89-12-17,89,12,17,Libre,"310,000"
89-12-18,89,12,18,Libre,"310,000"
89-12-19,89,12,19,Libre,"310,000"
89-13-1,89,13,1,Libre,"340,000"
89-13-2,89,13,2,Libre,"330,000"
89-13-3,89,13,3,Libre,"330,000"
89-13-4,89,13,4,Libre,"330,000"
89-13-5,89,13,5,Libre,"350,000"
89-13-6,89,13,6,Libre,"310,000"
89-13-7,89,13,7,Libre,"310,000"
89-13-8,89,13,8,Libre,"310,000"
89-13-9,89,13,9,Libre,"310,000"
89-13-10,89,13,10,Libre,"310,000"
89-13-11,89,13,11,Libre,"310,000"
89-13-12,89,13,12,Libre,"290,000"
89-13-13,89,13,13,Libre,"290,000"
89-13-14,89,13,14,Libre,"290,000"
89-13-15,89,13,15,Libre,"290,000"
89-13-16,89,13,16,Libre,"290,000"
89-13-17,89,13,17,Libre,"290,000"
89-5-6,89,5,6,Plaza,0
89-3-1,89,3,1,Reserva,"660,000"
89-5-1,89,5,1,Vendido,"510,000"
89-5-2,89,5,2,Vendido,"510,000"
89-5-3,89,5,3,Vendido,"510,000"
89-5-4,89,5,4,Vendido,"510,000"
89-5-5,89,5,5,Vendido,"510,000"
89-5-7,89,5,7,Vendido,"510,000"
89-6-3,89,6,3,Vendido,"440,000"
89-6-4,89,6,4,Vendido,"470,000"
9-1-3,9,1,3,Vendido,"1,795,000"
9-1-1,9,1,1,No disponible para la venta,"1,950,000"
9-1-2,9,1,2,No disponible para la venta,"1,795,000"
9-1-4,9,1,4,No disponible para la venta,"1,795,000"
9-1-5,9,1,5,No disponible para la venta,"1,910,000"
9-1-6,9,1,6,No disponible para la venta,"1,910,000"
9-1-7,9,1,7,No disponible para la venta,"2,030,000"
9-1-8,9,1,8,No disponible para la venta,"2,030,000"
9-1-9,9,1,9,No disponible para la venta,"2,150,000"
9-1-10,9,1,10,No disponible para la venta,"2,150,000"
9-1-11,9,1,11,No disponible para la venta,"2,150,000"
9-1-12,9,1,12,No disponible para la venta,"2,150,000"
9-1-13,9,1,13,No disponible para la venta,"2,150,000"
9-1-15,9,1,15,No disponible para la venta,"2,505,000"
9-1-16,9,1,16,No disponible para la venta,"2,505,000"
9-1-17,9,1,17,No disponible para la venta,"2,985,000"
9-1-18,9,1,18,No disponible para la venta,"3,950,000"
9-1-19,9,1,19,No disponible para la venta,"4,060,000"
9-2-1,9,2,1,No disponible para la venta,"2,105,000"
9-2-2,9,2,2,No disponible para la venta,"2,130,000"
9-2-3,9,2,3,No disponible para la venta,"2,120,000"
9-2-4,9,2,4,No disponible para la venta,"2,210,000"
9-2-5,9,2,5,No disponible para la venta,"2,405,000"
9-3-1,9,3,1,No disponible para la venta,"1,910,000"
9-3-2,9,3,2,No disponible para la venta,"3,320,000"
9-3-3,9,3,3,No disponible para la venta,"2,285,000"
9-3-4,9,3,4,No disponible para la venta,"2,150,000"
9-3-5,9,3,5,No disponible para la venta,"2,030,000"
9-3-6,9,3,6,No disponible para la venta,"1,795,000"
9-3-7,9,3,7,No disponible para la venta,"1,795,000"
9-4-1,9,4,1,No disponible para la venta,"2,390,000"
9-4-2,9,4,2,No disponible para la venta,"2,435,000"
9-4-3,9,4,3,No disponible para la venta,"2,150,000"
9-4-4,9,4,4,No disponible para la venta,"2,630,000"
9-4-5,9,4,5,No disponible para la venta,"2,270,000"
9-4-6,9,4,6,No disponible para la venta,"2,270,000"
9-4-7,9,4,7,No disponible para la venta,"2,270,000"
9-5-2,9,5,2,No disponible para la venta,"3,075,000"
9-5-3,9,5,3,No disponible para la venta,"3,320,000"
9-5-4,9,5,4,No disponible para la venta,"3,255,000"
9-5-5,9,5,5,No disponible para la venta,"3,635,000"
9-5-6,9,5,6,No disponible para la venta,"4,035,000"
9-5-7,9,5,7,No disponible para la venta,"4,545,000"
9-5-8,9,5,8,No disponible para la venta,"5,050,000"
90-1-1,90,1,1,Libre,"4,100,000"
90-1-2,90,1,2,Libre,"3,320,000"
90-1-3,90,1,3,Libre,"3,320,000"
90-1-4,90,1,4,Libre,"3,320,000"
90-1-5,90,1,5,Libre,"3,320,000"
90-1-6,90,1,6,Libre,"4,410,000"
90-2-1,90,2,1,Libre,"3,540,000"
90-2-2,90,2,2,Libre,"3,310,000"
90-2-3,90,2,3,Libre,"3,560,000"
90-3-1,90,3,1,Libre,"4,670,000"
90-3-2,90,3,2,Libre,"3,660,000"
90-3-3,90,3,3,Libre,"3,780,000"
90-3-4,90,3,4,Libre,"3,980,000"
90-3-5,90,3,5,Libre,"4,250,000"
90-3-6,90,3,6,Libre,"4,520,000"
90-3-7,90,3,7,Libre,"3,850,000"
90-3-8,90,3,8,Libre,"3,060,000"
90-3-9,90,3,9,Libre,"2,960,000"
90-3-10,90,3,10,Libre,"2,880,000"
90-3-11,90,3,11,Libre,"3,120,000"
90-3-12,90,3,12,Libre,"3,060,000"
90-3-13,90,3,13,Libre,"2,930,000"
90-3-14,90,3,14,Libre,"2,910,000"
90-3-15,90,3,15,Libre,"2,920,000"
90-3-16,90,3,16,Libre,"2,540,000"
90-3-17,90,3,17,Libre,"2,340,000"
90-3-18,90,3,18,Libre,"2,320,000"
90-3-19,90,3,19,Libre,"2,350,000"
90-3-20,90,3,20,Libre,"2,240,000"
90-3-21,90,3,21,Libre,"2,290,000"
90-3-22,90,3,22,Libre,"2,400,000"
90-3-23,90,3,23,Libre,"2,370,000"
90-3-24,90,3,24,Libre,"2,650,000"
90-3-25,90,3,25,Libre,"2,780,000"
90-4-1,90,4,1,Libre,"3,820,000"
90-4-2,90,4,2,Libre,"4,100,000"
90-4-3,90,4,3,Libre,"3,850,000"
90-4-4,90,4,4,Libre,"3,710,000"
90-4-5,90,4,5,Libre,"3,600,000"
90-4-6,90,4,6,Libre,"3,530,000"
90-4-7,90,4,7,Libre,"3,500,000"
90-4-8,90,4,8,Libre,"3,490,000"
90-4-9,90,4,9,Libre,"4,700,000"
90-5-1,90,5,1,Libre,"2,490,000"
90-5-2,90,5,2,Libre,"2,860,000"
90-5-3,90,5,3,Libre,"2,120,000"
90-5-4,90,5,4,Libre,"2,240,000"
90-5-5,90,5,5,Libre,"2,330,000"
90-5-6,90,5,6,Libre,"2,390,000"
90-5-7,90,5,7,Libre,"2,390,000"
90-5-8,90,5,8,Libre,"2,380,000"
90-5-9,90,5,9,Libre,"2,350,000"
90-5-10,90,5,10,Libre,"2,290,000"
90-5-11,90,5,11,Libre,"2,900,000"
90-5-12,90,5,12,Libre,"3,450,000"
90-5-13,90,5,13,Libre,"3,450,000"
90-5-14,90,5,14,Libre,"2,170,000"
90-5-15,90,5,15,Libre,"2,150,000"
90-5-16,90,5,16,Libre,"2,130,000"
90-5-17,90,5,17,Libre,"2,110,000"
90-5-18,90,5,18,Libre,"2,090,000"
90-5-19,90,5,19,Libre,"2,070,000"
90-5-20,90,5,20,Libre,"2,050,000"
90-6-1,90,6,1,Libre,"2,720,000"
90-6-2,90,6,2,Libre,"2,720,000"
90-6-3,90,6,3,Libre,"2,720,000"
90-6-4,90,6,4,Libre,"2,750,000"
90-6-5,90,6,5,Libre,"3,250,000"
90-6-6,90,6,6,Libre,"2,520,000"
90-6-7,90,6,7,Libre,"2,260,000"
90-6-8,90,6,8,Libre,"3,100,000"
90-6-9,90,6,9,Libre,"4,960,000"
90-6-10,90,6,10,Libre,"4,420,000"
90-6-11,90,6,11,Libre,"3,160,000"
90-6-12,90,6,12,Libre,"3,180,000"
90-6-13,90,6,13,Libre,"3,200,000"
90-6-14,90,6,14,Libre,"3,220,000"
90-6-15,90,6,15,Libre,"3,240,000"
90-6-16,90,6,16,Libre,"3,260,000"
90-6-17,90,6,17,Libre,"3,280,000"
90-6-18,90,6,18,Libre,"2,620,000"
90-6-19,90,6,19,Libre,"3,530,000"
90-7-1,90,7,1,Libre,"3,770,000"
90-7-2,90,7,2,Libre,"4,050,000"
90-7-3,90,7,3,Libre,"5,370,000"
90-7-4,90,7,4,Libre,"4,480,000"
90-7-5,90,7,5,Libre,"4,450,000"
90-7-6,90,7,6,Libre,"4,450,000"
90-7-7,90,7,7,Libre,"4,070,000"
90-7-8,90,7,8,Libre,"3,960,000"
90-7-9,90,7,9,Libre,"4,100,000"
90-7-10,90,7,10,Libre,0
90-8-1,90,8,1,Libre,"3,180,000"
90-8-2,90,8,2,Libre,"3,180,000"
90-8-3,90,8,3,Libre,"3,180,000"
90-8-4,90,8,4,Libre,"3,180,000"
90-8-5,90,8,5,Libre,"3,210,000"
90-8-6,90,8,6,Libre,"3,430,000"
90-8-7,90,8,7,Libre,"4,020,000"
90-8-8,90,8,8,Libre,"4,350,000"
90-8-9,90,8,9,Libre,"3,570,000"
90-8-10,90,8,10,Libre,"3,570,000"
90-8-11,90,8,11,Libre,"3,570,000"
90-8-12,90,8,12,Libre,"3,570,000"
90-9-1,90,9,1,Libre,"2,780,000"
90-9-2,90,9,2,Libre,"3,530,000"
90-9-3,90,9,3,Libre,"2,110,000"
90-9-4,90,9,4,Libre,"2,570,000"
90-9-5,90,9,5,Libre,"2,900,000"
90-9-6,90,9,6,Libre,"3,120,000"
90-9-8,90,9,8,Libre,"3,140,000"
90-9-9,90,9,9,Libre,"2,960,000"
90-9-10,90,9,10,Libre,"1,500,000"
90-9-12,90,9,12,Libre,"2,350,000"
90-9-13,90,9,13,Libre,"2,240,000"
90-9-14,90,9,14,Libre,"2,760,000"
90-9-15,90,9,15,Libre,"2,390,000"
90-9-7,90,9,7,Vendido,"1,800,000"
90-9-11,90,9,11,Vendido,"1,570,000"
91-3-3,91,3,3,Libre,"530,000"
91-3-6,91,3,6,Libre,"480,000"
91-3-7,91,3,7,Libre,"500,000"
91-4-3,91,4,3,Libre,"530,000"
91-4-4,91,4,4,Libre,"530,000"
91-4-6,91,4,6,Libre,"480,000"
91-4-7,91,4,7,Libre,"500,000"
91-5-1,91,5,1,Libre,"530,000"
91-5-3,91,5,3,Libre,"510,000"
91-5-6,91,5,6,Libre,"450,000"
91-5-7,91,5,7,Libre,"460,000"
91-6-6,91,6,6,Libre,"450,000"
91-6-7,91,6,7,Libre,"460,000"
91-7-2,91,7,2,Libre,"480,000"
91-7-3,91,7,3,Libre,"480,000"
91-7-4,91,7,4,Libre,"480,000"
91-7-5,91,7,5,Libre,"490,000"
91-7-6,91,7,6,Libre,"430,000"
91-7-7,91,7,7,Libre,"440,000"
91-8-3,91,8,3,Libre,"480,000"
91-8-4,91,8,4,Libre,"480,000"
91-8-5,91,8,5,Libre,"490,000"
91-8-6,91,8,6,Libre,"430,000"
91-8-7,91,8,7,Libre,"440,000"
91-9-2,91,9,2,Libre,"460,000"
91-9-3,91,9,3,Libre,"460,000"
91-9-4,91,9,4,Libre,"460,000"
91-9-5,91,9,5,Libre,"470,000"
91-9-6,91,9,6,Libre,"410,000"
91-9-7,91,9,7,Libre,"420,000"
91-10-1,91,10,1,Libre,"480,000"
91-10-2,91,10,2,Libre,"460,000"
91-10-3,91,10,3,Libre,"460,000"
91-10-4,91,10,4,Libre,"460,000"
91-10-5,91,10,5,Libre,"470,000"
91-10-6,91,10,6,Libre,"410,000"
91-10-7,91,10,7,Libre,"420,000"
91-11-1,91,11,1,Libre,"460,000"
91-11-2,91,11,2,Libre,"440,000"
91-11-3,91,11,3,Libre,"440,000"
91-11-4,91,11,4,Libre,"440,000"
91-11-6,91,11,6,Libre,"390,000"
91-11-7,91,11,7,Libre,"400,000"
91-12-1,91,12,1,Libre,"460,000"
91-12-2,91,12,2,Libre,"440,000"
91-12-3,91,12,3,Libre,"440,000"
91-12-4,91,12,4,Libre,"440,000"
91-12-6,91,12,6,Libre,"390,000"
91-12-7,91,12,7,Libre,"400,000"
91-15-6,91,15,6,Libre,"330,000"
91-16-6,91,16,6,Libre,"330,000"
91-17-1,91,17,1,Libre,"370,000"
91-17-2,91,17,2,Libre,"350,000"
91-17-3,91,17,3,Libre,"350,000"
91-17-4,91,17,4,Libre,"350,000"
91-17-5,91,17,5,Libre,"360,000"
91-17-6,91,17,6,Libre,"310,000"
91-17-7,91,17,7,Libre,"320,000"
91-18-2,91,18,2,Libre,"350,000"
91-18-4,91,18,4,Libre,"350,000"
91-18-5,91,18,5,Libre,"360,000"
91-19-3,91,19,3,Libre,"330,000"
91-19-4,91,19,4,Libre,"330,000"
91-19-5,91,19,5,Libre,"340,000"
91-20-2,91,20,2,Libre,"330,000"
91-20-3,91,20,3,Libre,"330,000"
91-20-4,91,20,4,Libre,"330,000"
91-20-5,91,20,5,Libre,"340,000"
91-20-6,91,20,6,Libre,"290,000"
91-20-7,91,20,7,Libre,"300,000"
91-23-3,91,23,3,Libre,"280,000"
91-23-4,91,23,4,Libre,"280,000"
91-4-2,91,4,2,Reserva,"530,000"
91-1-1,91,1,1,Vendido,"1,000,000"
91-1-2,91,1,2,Vendido,"1,000,000"
91-1-3,91,1,3,Vendido,"1,100,000"
91-1-4,91,1,4,Vendido,"650,000"
91-1-5,91,1,5,Vendido,"650,000"
91-1-6,91,1,6,Vendido,"650,000"
91-1-7,91,1,7,Vendido,"650,000"
91-2-1,91,2,1,Vendido,"1,100,000"
91-2-2,91,2,2,Vendido,"5,416,670"
91-2-3,91,2,3,Vendido,"1,000,000"
91-2-4,91,2,4,Vendido,"3,521,000"
91-2-5,91,2,5,Vendido,"3,521,000"
91-2-6,91,2,6,Vendido,"650,000"
91-2-7,91,2,7,Vendido,"650,000"
91-3-1,91,3,1,Vendido,"560,000"
91-3-2,91,3,2,Vendido,"530,000"
91-3-4,91,3,4,Vendido,"530,000"
91-3-5,91,3,5,Vendido,"540,000"
91-4-1,91,4,1,Vendido,"560,000"
91-4-5,91,4,5,Vendido,"540,000"
91-5-2,91,5,2,Vendido,"510,000"
91-5-4,91,5,4,Vendido,"510,000"
91-5-5,91,5,5,Vendido,"520,000"
91-6-1,91,6,1,Vendido,"530,000"
91-6-2,91,6,2,Vendido,"510,000"
91-6-3,91,6,3,Vendido,"510,000"
91-6-4,91,6,4,Vendido,"510,000"
91-6-5,91,6,5,Vendido,"520,000"
91-7-1,91,7,1,Vendido,"500,000"
91-8-1,91,8,1,Vendido,"2,708,500"
91-8-2,91,8,2,Vendido,"2,600,000"
91-9-1,91,9,1,Vendido,"480,000"
91-11-5,91,11,5,Vendido,"450,000"
91-12-5,91,12,5,Vendido,"450,000"
91-15-1,91,15,1,Vendido,"400,000"
91-15-2,91,15,2,Vendido,"370,000"
91-15-3,91,15,3,Vendido,"370,000"
91-15-4,91,15,4,Vendido,"370,000"
91-15-5,91,15,5,Vendido,"380,000"
91-15-7,91,15,7,Vendido,"350,000"
91-16-1,91,16,1,Vendido,"400,000"
91-16-2,91,16,2,Vendido,"370,000"
91-16-3,91,16,3,Vendido,"370,000"
91-16-4,91,16,4,Vendido,"370,000"
91-16-5,91,16,5,Vendido,"380,000"
91-16-7,91,16,7,Vendido,"350,000"
91-18-1,91,18,1,Vendido,"370,000"
91-18-3,91,18,3,Vendido,"1,896,000"
91-18-6,91,18,6,Vendido,"310,000"
91-18-7,91,18,7,Vendido,"320,000"
91-19-1,91,19,1,Vendido,"350,000"
91-19-2,91,19,2,Vendido,"330,000"
91-19-6,91,19,6,Vendido,"290,000"
91-19-7,91,19,7,Vendido,"300,000"
91-20-1,91,20,1,Vendido,"350,000"
91-21-1,91,21,1,Vendido,"320,000"
91-21-2,91,21,2,Vendido,"290,000"
91-21-3,91,21,3,Vendido,"290,000"
91-21-4,91,21,4,Vendido,"290,000"
91-21-5,91,21,5,Vendido,"310,000"
91-21-6,91,21,6,Vendido,"250,000"
91-21-7,91,21,7,Vendido,"260,000"
91-22-1,91,22,1,Vendido,"320,000"
91-22-2,91,22,2,Vendido,"1,571,000"
91-22-3,91,22,3,Vendido,"290,000"
91-22-4,91,22,4,Vendido,"290,000"
91-22-5,91,22,5,Vendido,"310,000"
91-22-6,91,22,6,Vendido,"250,000"
91-22-7,91,22,7,Vendido,"260,000"
91-23-1,91,23,1,Vendido,"300,000"
91-23-2,91,23,2,Vendido,"280,000"
91-23-5,91,23,5,Vendido,"290,000"
91-23-6,91,23,6,Vendido,"1,246,000"
91-23-7,91,23,7,Vendido,"240,000"
91-24-1,91,24,1,Vendido,"300,000"
91-24-2,91,24,2,Vendido,"280,000"
91-24-3,91,24,3,Vendido,"280,000"
91-24-4,91,24,4,Vendido,"280,000"
91-24-5,91,24,5,Vendido,"290,000"
91-24-6,91,24,6,Vendido,"230,000"
91-24-7,91,24,7,Vendido,"240,000"
91-25-1,91,25,1,Vendido,"270,000"
91-25-2,91,25,2,Vendido,"240,000"
91-25-3,91,25,3,Vendido,"240,000"
91-25-4,91,25,4,Vendido,"240,000"
91-25-5,91,25,5,Vendido,"250,000"
91-25-6,91,25,6,Vendido,"190,000"
91-25-7,91,25,7,Vendido,"200,000"
91-26-1,91,26,1,Vendido,"270,000"
91-26-2,91,26,2,Vendido,"240,000"
91-26-3,91,26,3,Vendido,"240,000"
91-26-4,91,26,4,Vendido,"240,000"
91-26-5,91,26,5,Vendido,"250,000"
91-26-6,91,26,6,Vendido,"190,000"
91-26-7,91,26,7,Vendido,"200,000"
91-27-1,91,27,1,Vendido,"240,000"
91-27-2,91,27,2,Vendido,"220,000"
91-27-4,91,27,4,Vendido,"180,000"
91-28-1,91,28,1,Vendido,"240,000"
91-28-2,91,28,2,Vendido,"220,000"
91-28-4,91,28,4,Vendido,"180,000"
92-1-1,92,1,1,Bloqueado,"1,700,000"
92-1-2,92,1,2,Bloqueado,"1,700,000"
92-1-3,92,1,3,Bloqueado,"1,700,000"
92-1-6,92,1,6,Bloqueado,"1,250,000"
92-1-7,92,1,7,Bloqueado,"1,250,000"
92-1-8,92,1,8,Bloqueado,"1,250,000"
92-3-3,92,3,3,Plaza,0
92-1-4,92,1,4,Vendido,"1,900,000"
92-1-5,92,1,5,Vendido,"1,450,000"
92-2-1,92,2,1,Vendido,"730,000"
92-2-2,92,2,2,Vendido,"680,000"
92-2-3,92,2,3,Vendido,"680,000"
92-2-4,92,2,4,Vendido,"710,000"
92-2-5,92,2,5,Vendido,"610,000"
92-2-6,92,2,6,Vendido,"610,000"
92-2-7,92,2,7,Vendido,"630,000"
92-2-8,92,2,8,Vendido,"630,000"
92-3-1,92,3,1,Vendido,"680,000"
92-3-2,92,3,2,Vendido,"630,000"
92-3-4,92,3,4,Vendido,"630,000"
92-3-5,92,3,5,Vendido,"660,000"
92-3-6,92,3,6,Vendido,"560,000"
92-3-8,92,3,8,Vendido,"580,000"
92-3-9,92,3,9,Vendido,"580,000"
92-4-1,92,4,1,Vendido,"630,000"
92-4-2,92,4,2,Vendido,"580,000"
92-4-3,92,4,3,Vendido,"580,000"
92-4-4,92,4,4,Vendido,"610,000"
92-4-5,92,4,5,Vendido,"480,000"
92-4-6,92,4,6,Vendido,"480,000"
92-4-7,92,4,7,Vendido,"510,000"
92-4-8,92,4,8,Vendido,"510,000"
92-5-1,92,5,1,Vendido,"580,000"
92-5-2,92,5,2,Vendido,"530,000"
92-5-3,92,5,3,Vendido,"530,000"
92-5-4,92,5,4,Vendido,"560,000"
92-5-5,92,5,5,Vendido,"480,000"
92-5-6,92,5,6,Vendido,"480,000"
92-5-7,92,5,7,Vendido,"480,000"
92-5-8,92,5,8,Vendido,"480,000"
92-6-1,92,6,1,Vendido,"500,000"
92-6-2,92,6,2,Vendido,"480,000"
92-6-3,92,6,3,Vendido,"450,000"
92-6-4,92,6,4,Vendido,"2,400,000"
92-3-7,92,3,7,No disponible para la venta,"560,000"
93-1-1,93,1,1,Bloqueado,"1,900,000"
93-1-2,93,1,2,Bloqueado,"1,600,000"
93-1-3,93,1,3,Bloqueado,"1,600,000"
93-1-4,93,1,4,Bloqueado,"1,600,000"
93-1-5,93,1,5,Bloqueado,"1,600,000"
93-1-6,93,1,6,Bloqueado,"750,000"
93-1-7,93,1,7,Bloqueado,"750,000"
93-1-8,93,1,8,Bloqueado,"750,000"
93-1-9,93,1,9,Bloqueado,"750,000"
93-1-10,93,1,10,Bloqueado,"750,000"
93-3-3,93,3,3,Plaza,0
93-2-1,93,2,1,Vendido,"730,000"
93-2-2,93,2,2,Vendido,"680,000"
93-2-3,93,2,3,Vendido,"3,987,500"
93-2-4,93,2,4,Vendido,"4,163,500"
93-2-5,93,2,5,Vendido,"530,000"
93-2-6,93,2,6,Vendido,"530,000"
93-2-7,93,2,7,Vendido,"530,000"
93-2-8,93,2,8,Vendido,"580,000"
93-2-9,93,2,9,Vendido,"580,000"
93-2-10,93,2,10,Vendido,"580,000"
93-3-1,93,3,1,Vendido,"680,000"
93-3-2,93,3,2,Vendido,"630,000"
93-3-4,93,3,4,Vendido,"630,000"
93-3-5,93,3,5,Vendido,"660,000"
93-3-6,93,3,6,Vendido,"480,000"
93-3-8,93,3,8,Vendido,"480,000"
93-3-9,93,3,9,Vendido,"480,000"
93-3-10,93,3,10,Vendido,"480,000"
93-4-1,93,4,1,Vendido,"630,000"
93-4-2,93,4,2,Vendido,"580,000"
93-4-3,93,4,3,Vendido,"580,000"
93-4-4,93,4,4,Vendido,"610,000"
93-4-5,93,4,5,Vendido,"530,000"
93-4-6,93,4,6,Vendido,"530,000"
93-4-7,93,4,7,Vendido,"530,000"
93-4-8,93,4,8,Vendido,"530,000"
93-4-9,93,4,9,Vendido,"530,000"
93-4-10,93,4,10,Vendido,"530,000"
93-5-1,93,5,1,Vendido,"580,000"
93-5-2,93,5,2,Vendido,"530,000"
93-5-3,93,5,3,Vendido,"530,000"
93-5-4,93,5,4,Vendido,"560,000"
93-5-5,93,5,5,Vendido,"480,000"
93-5-6,93,5,6,Vendido,"480,000"
93-5-7,93,5,7,Vendido,"480,000"
93-5-8,93,5,8,Vendido,"480,000"
93-5-9,93,5,9,Vendido,"480,000"
93-5-10,93,5,10,Vendido,"480,000"
93-6-1,93,6,1,Vendido,"2,709,000"
93-6-2,93,6,2,Vendido,"2,600,000"
93-6-3,93,6,3,Vendido,"2,437,500"
93-6-4,93,6,4,Vendido,"450,000"
93-6-5,93,6,5,Vendido,"450,000"
93-3-7,93,3,7,No disponible para la venta,0
94-1-1,94,1,1,Vendido,"1,500,000"
94-1-2,94,1,2,Vendido,"1,500,000"
94-1-4,94,1,4,Vendido,"1,100,000"
94-1-5,94,1,5,Vendido,"1,100,000"
94-1-6,94,1,6,Vendido,"1,100,000"
94-1-7,94,1,7,Vendido,"1,100,000"
94-1-8,94,1,8,Vendido,"1,100,000"
94-1-9,94,1,9,Vendido,"1,100,000"
94-1-10,94,1,10,Vendido,"1,100,000"
94-1-11,94,1,11,Vendido,"1,180,000"
94-1-12,94,1,12,Vendido,"1,100,000"
94-1-13,94,1,13,Vendido,"1,100,000"
94-2-1,94,2,1,Vendido,"1,000,000"
94-2-2,94,2,2,Vendido,"1,000,000"
94-2-3,94,2,3,Vendido,"1,030,000"
94-2-4,94,2,4,Vendido,"1,000,000"
94-2-5,94,2,5,Vendido,"1,000,000"
94-2-6,94,2,6,Vendido,"1,000,000"
94-2-7,94,2,7,Vendido,"1,000,000"
94-2-8,94,2,8,Vendido,"1,000,000"
94-2-9,94,2,9,Vendido,"1,000,000"
94-2-10,94,2,10,Vendido,"1,000,000"
94-2-11,94,2,11,Vendido,"1,100,000"
94-2-12,94,2,12,Vendido,"1,000,000"
94-2-13,94,2,13,Vendido,"1,000,000"
94-1-3,94,1,3,No disponible para la venta,"850,000"
95-3-11,95,3,11,Libre,"980,000"
95-3-12,95,3,12,Libre,"950,000"
95-3-13,95,3,13,Libre,"950,000"
95-4-1,95,4,1,Libre,"950,000"
95-4-2,95,4,2,Libre,"950,000"
95-4-3,95,4,3,Libre,"950,000"
95-3-1,95,3,1,Vendido,"950,000"
95-3-2,95,3,2,Vendido,"950,000"
95-3-3,95,3,3,Vendido,"1,000,000"
95-3-4,95,3,4,Vendido,"950,000"
95-3-5,95,3,5,Vendido,"950,000"
95-3-6,95,3,6,Vendido,"950,000"
95-3-7,95,3,7,Vendido,"950,000"
95-3-8,95,3,8,Vendido,"950,000"
95-3-9,95,3,9,Vendido,"950,000"
95-3-10,95,3,10,Vendido,"950,000"
95-4-4,95,4,4,Vendido,"950,000"
95-4-5,95,4,5,Vendido,"950,000"
95-4-6,95,4,6,Vendido,"950,000"
95-4-7,95,4,7,Vendido,"950,000"
95-4-8,95,4,8,Vendido,"1,000,000"
95-4-9,95,4,9,Vendido,"1,000,000"
95-4-10,95,4,10,Vendido,"1,000,000"
96-1-1,96,1,1,Reserva de Propietario,0
96-3-1,96,3,1,Reserva de Propietario,0
96-3-4,96,3,4,Reserva de Propietario,0
96-4-3,96,4,3,Reserva de Propietario,0
96-1-2,96,1,2,Libre,0
96-1-3,96,1,3,Libre,0
96-1-4,96,1,4,Libre,0
96-1-5,96,1,5,Libre,0
96-2-1,96,2,1,Libre,0
96-2-2,96,2,2,Libre,0
96-2-3,96,2,3,Libre,0
96-2-4,96,2,4,Libre,0
96-3-2,96,3,2,Libre,0
96-3-3,96,3,3,Libre,0
96-3-5,96,3,5,Libre,0
96-3-6,96,3,6,Libre,0
96-4-1,96,4,1,Libre,0
96-4-2,96,4,2,Libre,0
96-5-1,96,5,1,Libre,0
96-5-2,96,5,2,Libre,0
96-5-3,96,5,3,Libre,0
96-5-4,96,5,4,Libre,0
96-6-1,96,6,1,Libre,0
96-6-2,96,6,2,Libre,0
96-6-3,96,6,3,Libre,0
96-6-4,96,6,4,Libre,0
96-6-5,96,6,5,Libre,0
96-6-6,96,6,6,Libre,0
96-6-7,96,6,7,Libre,0
96-6-8,96,6,8,Libre,0
96-6-9,96,6,9,Libre,0
